id,name,name_en,category,manufacturer,type,torque,speed,weight,voltage,protocol,interface,position_resolution,applications,price_range,compatibility,ros_support,domestic_rate,import_dependency,verified,quarantine,data_quality,source,source_tier,confidence,mech_status,mech_mount_type,mech_standard,std_assessed,std_ros2,entity_kind
ACT-001,DYNAMIXEL XM540-W270-T,DYNAMIXEL XM540-W270-T,actuators,ROBOTIS,smart_servo,9.2 Nm @ 12V,0.222 sec/60° @ 12V,82g,10.0~14.8V,DYNAMIXEL Protocol 2.0,TTL/RS485,4096,humanoid; manipulator; quadruped,0-100,U2D2; OpenCM; ROS2,True,进口替代中,高,False,False,ok,厂商目录声明值：ROBOTIS（无原始链接，未核验）,B,0.5,not_declared,unknown,,True,True,component
ACT-002,DYNAMIXEL XM430-W350-T,DYNAMIXEL XM430-W350-T,actuators,ROBOTIS,smart_servo,4.1 Nm @ 12V,0.16 sec/60° @ 12V,82g,10.0~14.8V,DYNAMIXEL Protocol 2.0,TTL/RS485,4096,humanoid; manipulator; quadruped,0-100,U2D2; OpenCM; ROS2,True,进口替代中,高,False,False,ok,厂商目录声明值：ROBOTIS（无原始链接，未核验）,B,0.5,not_declared,unknown,,True,True,component
ACT-003,DYNAMIXEL PH54-200-S500-R,DYNAMIXEL PH54-200-S500-R,actuators,ROBOTIS,smart_servo,44.7 Nm @ 48V,0.613 sec/60° @ 48V,840g,24.0~48.0V,DYNAMIXEL Protocol 2.0,RS485,501900,humanoid_hip; industrial; large_manipulator,300-500,U2D2; ROS2,True,进口替代中,高,False,False,ok,厂商目录声明值：ROBOTIS（无原始链接，未核验）,B,0.5,not_declared,unknown,,True,True,component
ACT-004,Odrive D6374,Odrive D6374,actuators,Odrive,BLDC_controller,depends on motor,depends on motor,N/A,12-48V,UART/CAN,UART/USB/CAN,encoder dependent,humanoid; quadruped; robot_arm,100-200,Odrive GUI; ROS2,True,进口替代中,中,False,False,ok,官方页面（未证实）：https://odriverobotics.com/,B,0.58,not_declared,unknown,,True,True,component
ACT-005,SimpleFOC Shield,SimpleFOC Shield,actuators,SimpleFOC,BLDC_controller,depends on motor,depends on motor,30g,5-30V,UART/I2C,UART/I2C/SPI,encoder dependent,hobby_robot; gimbal; small_arm,0-50,Arduino; ESP32; STM32,False,中,低,False,False,ok,官方页面（未证实）：https://docs.simplefoc.com/arduino_simplefoc_shield_showcase,A,0.58,not_declared,unknown,,True,False,component
ACT-006,T-Motor AK80-64,T-Motor AK80-64,actuators,T-Motor,integrated_actuator,17 Nm,6.3 rad/s,475g,24V,CAN bus,CAN,14-bit encoder,quadruped; humanoid_knee; robot_arm,200-400,Custom CAN; ROS2,True,,,False,False,ok,厂商目录声明值：T-Motor（无原始链接，未核验）,B,0.5,not_declared,unknown,,True,True,component
ACT-007,T-Motor AK10-9,T-Motor AK10-9,actuators,T-Motor,integrated_actuator,9 Nm,23 rad/s,260g,24V,CAN bus,CAN,14-bit encoder,quadruped; humanoid_ankle; drone_gimbal,150-300,Custom CAN; ROS2,True,,,False,False,ok,厂商目录声明值：T-Motor（无原始链接，未核验）,B,0.5,not_declared,unknown,,True,True,component
ACT-008,Maxon EC Flat 60,Maxon EC Flat 60,actuators,Maxon,BLDC_motor,0.677 Nm,4780 rpm,300g,24V,ESCON controller,analog/digital,external encoder,precision_arm; surgical_robot; space,500-1000,ESCON; EPOS4; ROS2,True,,,False,False,ok,官方页面（未证实）：https://www.maxongroup.com/,B,0.58,not_declared,unknown,,True,True,component
ACT-009,Kollmorgen TBM2G,Kollmorgen TBM2G,actuators,Kollmorgen,frameless_torque_motor,varies (up to 100+ Nm),varies,varies,48-400V,AKD drive,EtherCAT/EthernetIP,external encoder,humanoid_joint; industrial_robot; collaborative_robot,1000+,AKD; ROS2,True,,,False,False,ok,,C,0.3,not_declared,unknown,,True,True,component
ACT-010,Focbox Unity,Focbox Unity,actuators,Enertion/VESC,motor_controller,depends on motor,depends on motor,180g,8-60V,VESC/UART,UART/USB/CAN,N/A,mobile_robot; electric_vehicle; robot_arm,00-150,VESC Tool,False,,,False,False,ok,,C,0.3,not_declared,unknown,,True,False,component
ACT-011,Unitree B2 Motor,Unitree B2 Motor,actuators,Unitree,integrated_actuator,23.7 Nm,16.4 rad/s,530g,24V,custom CAN,CAN,14-bit,humanoid; quadruped,200-400,Unitree SDK; ROS2,True,,,False,False,ok,厂商目录声明值：Unitree（无原始链接，未核验）,B,0.5,not_declared,unknown,,True,True,component
ACT-012,Unitree A1 Motor,Unitree A1 Motor,actuators,Unitree,integrated_actuator,9.1 Nm,21.4 rad/s,240g,21.6V,custom CAN,CAN,14-bit,quadruped; small_humanoid,100-200,Unitree SDK; ROS2,True,,,False,False,ok,厂商目录声明值：Unitree（无原始链接，未核验）,B,0.5,not_declared,unknown,,True,True,component
ACT-013,Tesla M107 Joint Motor,Tesla M107 Joint Motor,actuators,Tesla,custom_actuator,classified,classified,classified,classified,Tesla proprietary,proprietary bus,classified,Tesla Optimus Gen 2/3,N/A (internal),Tesla Optimus only,False,,,False,False,ok,厂商目录声明值：Tesla（无原始链接，未核验）,B,0.5,not_declared,unknown,,True,False,component
ACT-014,Figure Custom Actuator,Figure Custom Actuator,actuators,Figure AI,custom_actuator,classified,classified,classified,classified,proprietary,proprietary bus,classified,Figure 01/02/03,N/A (internal),Figure robots only,False,,,False,False,ok,厂商目录声明值：Figure AI（无原始链接，未核验）,B,0.5,not_declared,unknown,,True,False,component
ACT-015,CubeMars GL40,CubeMars GL40,actuators,CubeMars,integrated_actuator,7.2 Nm,24.5 rad/s,215g,24V,CAN bus,CAN,14-bit,quadruped; humanoid_wrist; drone,100-200,ROS2; custom CAN,True,,,False,False,ok,厂商目录声明值：CubeMars（无原始链接，未核验）,B,0.5,not_declared,unknown,,True,True,component
ACT-016,CubeMars AK80-9,CubeMars AK80-9,actuators,CubeMars,integrated_actuator,17 Nm,25.5 rad/s,490g,24V,CAN bus,CAN,14-bit,humanoid; quadruped; robot_arm,200-400,ROS2; custom CAN,True,,,False,False,ok,厂商目录声明值：CubeMars（无原始链接，未核验）,B,0.5,not_declared,unknown,,True,True,component
ACT-017,Anybotics ANYdrive 3.0,Anybotics ANYdrive 3.0,actuators,Anybotics,SEA_actuator,120 Nm,12 rad/s,2.1 kg,48V,EtherCAT,EtherCAT,19-bit,quadruped_ANYmal; industrial_inspection,1000+,ANYmal SDK; ROS2,True,,,False,False,ok,官方页面（未证实）：https://www.anybotics.com/,B,0.58,not_declared,unknown,,True,True,component
ACT-018,MIT Mini Cheetah Actuator,MIT Mini Cheetah Actuator,actuators,MIT/Custom,integrated_actuator,17 Nm,40.2 rad/s,260g,24V,CAN bus,CAN,14-bit,quadruped; research,200-400,custom firmware; ROS2,True,,,False,False,ok,,C,0.3,not_declared,unknown,,True,True,component
ACT-019,Faulhaber 3268 BP4,Faulhaber 3268 BP4,actuators,Faulhaber,DC_micro_motor,0.108 Nm,6000 rpm,280g,24V,MCDC controller,RS232/CAN,external encoder,precision_arm; medical_robot; micro_positioning,500-1000,Faulhaber MCDC; ROS2,True,,,False,False,ok,厂商目录声明值：Faulhaber（无原始链接，未核验）,B,0.5,not_declared,unknown,,True,True,component
ACT-020,Moog SmartMotor,Moog SmartMotor,actuators,Moog,integrated_servo,varies (up to 50 Nm),varies,varies,48-400V,EtherCAT/CANopen,EtherCAT/CAN/EthernetIP,20-bit,industrial_robot; simulator; defense,1000+,Moog SDK; ROS2,True,,,False,False,ok,厂商目录声明值：Moog（无原始链接，未核验）,B,0.5,not_declared,unknown,,True,True,component
ACT-021,Hebi X5 Actuator,Hebi X5 Actuator,actuators,Hebi Robotics,integrated_actuator,15 Nm,10 rad/s,325g,24V,UDP/TCP,Ethernet/WiFi,14-bit,modular_robot; research; education,300-600,Hebi API; ROS2,True,,,True,False,ok,官方页面：https://www.hebirobotics.com/actuators,A,0.88,not_declared,unknown,,True,True,component
ACT-022,Hebi X8 Actuator,Hebi X8 Actuator,actuators,Hebi Robotics,integrated_actuator,40 Nm,6 rad/s,660g,24V,UDP/TCP,Ethernet/WiFi,14-bit,humanoid; large_manipulator; research,500-800,Hebi API; ROS2,True,,,True,False,ok,官方页面：https://www.hebirobotics.com/actuators,A,0.88,not_declared,unknown,,True,True,component
ACT-023,Kinova Gen3 Actuator,Kinova Gen3 Actuator,actuators,Kinova,integrated_actuator,varies per joint,varies,integrated,24V,EtherCAT/proprietary,EtherCAT,high-res,robot_arm; assistive_robot; research,1000+,Kinova API; ROS2,True,,,True,False,ok,官方页面：https://www.kinovarobotics.com/product/gen3-robots,A,0.88,not_declared,unknown,,True,True,component
ACT-024,RoboDrive ILM 70,RoboDrive ILM 70,actuators,RoboDrive/Kollmorgen,frameless_torque_motor,3.5 Nm continuous,3000 rpm,0.7 kg,48V,external drive,EtherCAT/CANopen,external encoder,collaborative_robot; humanoid_joint; surgical,500-1000,various drives; ROS2,True,,,False,False,ok,,C,0.3,not_declared,unknown,,True,True,component
ACT-025,Innodisk Flexidrive,Innodisk Flexidrive,actuators,Innodisk,linear_actuator,varies,varies,varies,12-24V,PWM/UART,UART/PWM,potentiometer,gripper; linear_motion; industrial,50-200,Arduino; ROS2,True,,,False,False,ok,,C,0.3,not_declared,unknown,,True,True,component
ACT-026,Festo DSBC,Festo DSBC,actuators,Festo,pneumatic_cylinder,varies (pneumatic),varies,varies,24V (valve),IO-Link/EtherNetIP,IO-Link/EtherNetIP/PROFINET,analog/digital,industrial_automation; gripper; pick_place,200-1000,Festo CPX; ROS2,True,,,False,False,ok,官方页面（未证实）：https://www.festo.com/,B,0.55,not_declared,unknown,,True,True,component
ACT-027,Schunk EGP Gripper,Schunk EGP Gripper,actuators,Schunk,electric_gripper,gripping force 25-250N,0.05-0.3s,0.9 kg,24V,PROFINET/EtherCAT,PROFINET/EtherCAT/IO-Link,adjustable,pick_place; assembly; collaborative_robot,500-1500,various robot arms; ROS2,True,,,False,False,ok,官方页面（未证实）：https://schunk.com/,B,0.58,not_declared,unknown,,True,True,component
ACT-028,Robotiq 2F-85 Gripper,Robotiq 2F-85 Gripper,actuators,Robotiq,adaptive_gripper,gripping force 20-235N,0.15-1.2s,0.9 kg,24V,Modbus TCP,Ethernet/USB/RS485,4 positions,pick_place; machine_tending; collaborative_robot,300-600,UR; ROS2,True,,,True,False,ok,Robotiq 官方产品手册（含尺寸工程图）：https://assets.robotiq.com/website-assets/support_documents/document/2F-85_2F-140_TM-OMRON_InstructionManual_20190206.pdf,A,0.95,declared,flange_mount,"['ISO 9409-1-50-4-M6', 'ISO 9409-1-31.5-4-M5', 'ISO 9409-1-40-4-M6']",True,True,component
ACT-029,Dexai Allegro Hand v4,Dexai Allegro Hand v4,actuators,Dexai/Wonik Robotics,dexterous_hand,varies per joint,varies,1.1 kg,24V,EtherCAT,EtherCAT,16-bit per joint,dexterous_manipulation; research; humanoid_hand,5000+,ROS2; custom SDK,True,,,False,False,ok,,C,0.3,not_declared,unknown,,True,True,component
ACT-030,Shadow Dexterous Hand,Shadow Dexterous Hand,actuators,Shadow Robot,dexterous_hand,varies per joint,varies,4.3 kg,24V,EtherCAT/proprietary,EtherCAT/USB,high-res per joint,dexterous_manipulation; research; teleoperation,10000+,Shadow SDK; ROS2,True,,,True,False,ok,官方页面：https://www.shadowrobot.com/dexterous-hand-series/,A,0.88,not_declared,unknown,,True,True,component
ACT-031,Lynxmotion LSS Arm,Lynxmotion LSS Arm,actuators,Lynxmotion,smart_servo,3.2 Nm,0.18 sec/60°,56g,6-12V,UART,UART/daisy-chain,10-bit,education; hobby_robot; small_arm,0-50,LSS API; Arduino,False,,,False,False,ok,,C,0.3,not_declared,unknown,,True,False,component
ACT-032,Agility Robotics Digit Actuator,Agility Robotics Digit Actuator,actuators,Agility Robotics,custom_actuator,classified,classified,classified,classified,proprietary,proprietary bus,classified,Digit humanoid,N/A (internal),Digit SDK,False,,,False,False,ok,官方页面（未证实）：https://www.agilityrobotics.com/,B,0.58,not_declared,unknown,,True,False,component
ACT-mit-electrofluidic,MIT Electrofluidic Fiber Muscles,MIT Electrofluidic Fiber Muscles,actuators,,artificial_muscle,,,,,,,,,,,,,,True,False,ok,web aggregation (credibility A),C,0.72,not_declared,unknown,,False,,component
ACT-hyundai-gripper,Hyundai Custom Robot Gripper,Hyundai Custom Robot Gripper,actuators,,gripper,,,,,,,,,,,,,,True,False,ok,web aggregation (credibility B),C,0.62,not_declared,unknown,,False,,component
ACT-schaeffler-planetary,Schaeffler Planetary Gear Actuator,Schaeffler Planetary Gear Actuator,actuators,Schaeffler,planetary_gear_actuator,高扭矩密度,,,,,,,humanoid; industrial,enterprise,,,,,True,False,ok,web aggregation (credibility A),C,0.72,not_declared,unknown,,False,,component
ACT-lg-actuator,LG Electronics Robotics Actuator,LG Electronics Robotics Actuator,actuators,LG Electronics,smart_actuator,,,,,,,,humanoid; home_service,consumer,,,,,True,False,ok,web aggregation (credibility A),C,0.72,not_declared,unknown,,False,,component
ACT-tesla-optimus-hand,Tesla Optimus Gen 3 Hand Actuator,Tesla Optimus Gen 3 Hand Actuator,actuators,Tesla,dexterous_hand,精密力控,,,,,,,humanoid; manipulation,enterprise,,,,,True,False,ok,web aggregation (credibility B),C,0.62,not_declared,unknown,,False,,component
ACT-robotis-20dof-hand,ROBOTIS 20-DOF Robot Hand,ROBOTIS 20-DOF Robot Hand,actuators,ROBOTIS,dexterous_hand,,,,,,,,humanoid; research; manipulation,500-2000,,,,,True,False,ok,web aggregation (credibility B),C,0.62,not_declared,unknown,,False,,component
ACT-first-a301,FIRST A301 Motor,FIRST A301 Motor,actuators,FIRST,standard_motor,,,,,,,,education; competition; hobby,0-100,,,,,True,False,ok,web aggregation (credibility B),C,0.62,not_declared,unknown,,False,,component
ACT-high-torque-mini-hi,High Torque Robotics Mini Hi,High Torque Robotics Mini Hi,actuators,High Torque Robotics,high_torque_actuator,,,,,,,,humanoid; industrial,enterprise,,,,,False,False,ok,web aggregation (credibility C),C,0.45,not_declared,unknown,,False,,component
ACT-high-torque-pi,High Torque Robotics Pi,High Torque Robotics Pi,actuators,High Torque Robotics,compact_actuator,,,,,,,,humanoid; manipulator,enterprise,,,,,False,False,ok,web aggregation (credibility C),C,0.45,not_declared,unknown,,False,,component
ACT-hyundai-mobis-atlas,Hyundai Mobis Atlas Actuator,Hyundai Mobis Atlas Actuator,actuators,Hyundai Mobis,mass_production_actuator,,,,,,,,humanoid; industrial,enterprise,,,,,True,False,ok,web aggregation (credibility A),C,0.72,not_declared,unknown,,False,,component
ACT-unitree-b2-motor-v2,Unitree B2 Motor v2,Unitree B2 Motor v2,actuators,Unitree,smart_actuator,,,,,,,,humanoid; quadruped,200-500,,,,,True,False,ok,web aggregation (credibility B),C,0.62,not_declared,unknown,,False,,component
ACT-figure-03-actuator,Figure 03 Custom Actuator,Figure 03 Custom Actuator,actuators,Figure AI,custom_actuator,,,,,,,,humanoid; industrial,enterprise,,,,,True,False,ok,web aggregation (credibility B),C,0.62,not_declared,unknown,,False,,component
ACT-atlas-electric-actuator,Boston Dynamics Electric Atlas Actuator,Boston Dynamics Electric Atlas Actuator,actuators,Boston Dynamics,electric_actuator,,,,,,,,humanoid; industrial,enterprise,,,,,True,False,ok,web aggregation (credibility A),C,0.72,not_declared,unknown,,False,,component
ACT-kai-humanoid-actuator,KAI Humanoid Actuator,KAI Humanoid Actuator,actuators,KAI Robotics,humanoid_actuator,,,,,,,,humanoid,enterprise,,,,,False,False,ok,web aggregation (credibility C),C,0.45,not_declared,unknown,,False,,component
ACT-omni-humanoid-actuator,OMNI Humanoid Actuator,OMNI Humanoid Actuator,actuators,OMNI Robotics,humanoid_actuator,,,,,,,,humanoid; service,enterprise,,,,,False,False,ok,web aggregation (credibility C),C,0.45,not_declared,unknown,,False,,component
ACT-1x-neo-actuator,1X NEO Actuator,1X NEO Actuator,actuators,1X Technologies,humanoid_actuator,,,,,,,,humanoid; home_service,enterprise,,,,,True,False,ok,web aggregation (credibility B),C,0.62,not_declared,unknown,,False,,component
ACT-schaeffler-hexagon,Schaeffler-Hexagon Joint Module,Schaeffler-Hexagon Joint Module,actuators,Schaeffler/Hexagon Robotics,joint_module,,,,,,,,humanoid; industrial,enterprise,,,,,True,False,ok,web aggregation (credibility A),C,0.72,not_declared,unknown,,False,,component
ACT-roland-berger-hd-actuator,Roland Berger HD Actuator Series,Roland Berger HD Actuator Series,actuators,多家,high_density_actuator,,,,,,,,humanoid; industrial; service,varies,,,,,True,False,ok,web aggregation (credibility A),C,0.72,n_a,,,False,,market_intelligence
ACT-tmotor-ak80-9-v2,T-Motor AK80-9 v2,T-Motor AK80-9 v2,actuators,T-Motor,smart_actuator,17.8 Nm,8.1 rad/s,,,,,,humanoid; quadruped; manipulator,200-500,,,,,True,False,ok,web aggregation (credibility B),C,0.62,not_declared,unknown,,False,,component
ACT-cubemars-gl40-v2,CubeMars GL40 v2,CubeMars GL40 v2,actuators,CubeMars,smart_actuator,,,,,,,,humanoid; quadruped,200-500,,,,,True,False,ok,web aggregation (credibility B),C,0.62,not_declared,unknown,,False,,component
ACT-faulhaber-3274,Faulhaber 3274 BP4,Faulhaber 3274 BP4,actuators,Faulhaber,micro_motor,,,,,,,,humanoid; medical; precision,500-1000,,,,,True,False,ok,web aggregation (credibility A),C,0.72,not_declared,unknown,,False,,component
ACT-moog-smartmotor-v2,Moog SmartMotor v2,Moog SmartMotor v2,actuators,Moog,smart_servo,,,,,,,,industrial_robot; CNC; humanoid,1000-5000,,,,,True,False,ok,web aggregation (credibility A),C,0.72,not_declared,unknown,,False,,component
ACT-schaeffler-compact,Schaeffler Compact Actuator (CES 2026),Schaeffler Compact Actuator (CES 2026),actuators,Schaeffler,integrated_actuator,高扭矩密度,,,,,,,humanoid; industrial,enterprise,,,,,True,False,ok,web aggregation (credibility A),C,0.72,not_declared,unknown,,False,,component
ACT-kpower-servo,Kpower Humanoid Servo,Kpower Humanoid Servo,actuators,Kpower (广东),smart_servo,,,,,,,,humanoid; education,50-300,,,,,True,False,ok,web aggregation (credibility B),C,0.62,not_declared,unknown,,False,,component
ACT-welling-joint,Welling Parts Joint Module,Welling Parts Joint Module,actuators,Welling Parts,integrated_actuator,,,,,,,,humanoid; industrial,enterprise,,,,,True,False,ok,web aggregation (credibility B),C,0.62,not_declared,unknown,,False,,component
ACT-mosrac-whg240,Mosrac WHG-240 Frameless BLDC,Mosrac WHG-240 Frameless BLDC,actuators,Mosrac,frameless_torque_motor,高扭矩密度,低转速高扭矩,轻量化,48V,,,,humanoid; collaborative_robot,200-500,,,,,True,False,ok,web aggregation (credibility B),C,0.62,not_declared,unknown,,False,,component
ACT-honpine-hpjm-v2,HONPINE HPJM v2 Joint Module,HONPINE HPJM v2 Joint Module,actuators,HONPINE,integrated_actuator,,,,,,,,humanoid; manipulator,enterprise,,,,,True,False,ok,web aggregation (credibility B),C,0.62,not_declared,unknown,,False,,component
ACT-ct-unite-gan-encoder-actuator,CT-Unite GaN Encoder Actuator,CT-Unite GaN Encoder Actuator,actuators,CT-Unite,smart_actuator,,,,,,,,humanoid; industrial,enterprise,,,,,True,False,ok,web aggregation (credibility B),C,0.62,not_declared,unknown,,False,,component
ACT-optimus-gen3-hand,Tesla Optimus Gen 3 Hand (50 Actuators),Tesla Optimus Gen 3 Hand (50 Actuators),actuators,Tesla,dexterous_hand,精密力控,,,,,,,humanoid; manipulation; assembly,enterprise,,,,,True,False,ok,web aggregation (credibility A),C,0.72,not_declared,unknown,,False,,component
ACT-neura-dyna-hand,Neura Dyna Dexterous Hand,Neura Dyna Dexterous Hand,actuators,Neura Robotics,dexterous_hand,,,,,,,,humanoid; manipulation,enterprise,,,,,True,False,ok,web aggregation (credibility B),C,0.62,not_declared,unknown,,False,,component
ACT-lg-cloid-actuator,LG Cloid Robotics Actuator,LG Cloid Robotics Actuator,actuators,LG Electronics,smart_actuator,,,,,,,,humanoid; home_service,consumer,,,,,True,False,ok,web aggregation (credibility A),C,0.72,not_declared,unknown,,False,,component
ACT-keyirobot-hand,KeyiRobot Dexterous Hand Actuator,KeyiRobot Dexterous Hand Actuator,actuators,KeyiRobot,dexterous_hand,,,,,,,,humanoid; manipulation,enterprise,,,,,True,False,ok,web aggregation (credibility B),C,0.62,not_declared,unknown,,False,,component
ACT-schaeffler-4in1-compact,Schaeffler 4-in-1 Compact Actuator,Schaeffler 4-in-1 Compact Actuator,actuators,Schaeffler,integrated_actuator,高扭矩密度,,,,,,,humanoid; industrial,enterprise,,,,,True,False,ok,web aggregation (credibility A),C,0.72,not_declared,unknown,,False,,component
ACT-unitree-g1-hand,Unitree G1 Dexterous Hand,Unitree G1 Dexterous Hand,actuators,Unitree,dexterous_hand,,,,,,,,humanoid; manipulation,200-500,,,,,True,False,ok,web aggregation (credibility A),C,0.72,not_declared,unknown,,False,,component
ACT-robozaps-actuator,RoboZaps Humanoid Actuator Kit,RoboZaps Humanoid Actuator Kit,actuators,RoboZaps,actuator_kit,,,,,,,,humanoid; education; research,500-2000,,,,,False,False,ok,web aggregation (credibility C),C,0.45,not_declared,unknown,,False,,component
ACT-humanoid-1000-deal,Humanoid-Schaeffler 1000+ Robot Actuator,Humanoid-Schaeffler 1000+ Robot Actuator,actuators,Humanoid/Schaeffler,mass_production_actuator,,,,,,,,humanoid; industrial,enterprise,,,,,True,False,ok,web aggregation (credibility A),C,0.72,not_declared,unknown,,False,,component
ACT-inspire-linear-servo,INSPIRE Micro Linear Servo Actuator,INSPIRE Micro Linear Servo Actuator,actuators,,linear_servo,,,,,,,,,,,,,,True,False,ok,web_search_2026,C,0.6,not_declared,unknown,,False,,component
ACT-inspire-dexterous-hand,INSPIRE Dexterous Hand,INSPIRE Dexterous Hand,actuators,,dexterous_hand,,,,,,,,,,,,,,True,False,ok,web_search_2026,C,0.6,not_declared,unknown,,False,,component
ACT-dea-soft,Dielectric Elastomer Actuator (DEA),Dielectric Elastomer Actuator (DEA),actuators,,artificial_muscle,,,,,,,,,,,,,,True,False,ok,web_search_2026,C,0.6,not_declared,unknown,,False,,component
ACT-iai-robot-lineup,IAI America Robot Actuator Lineup,IAI America Robot Actuator Lineup,actuators,,smart_actuator,,,,,,,,,,,,,,True,False,ok,web_search_2026,C,0.6,not_declared,unknown,,False,,component
ACT-bd-atlas-electric-v2,Boston Dynamics Atlas Electric Actuator v2,Boston Dynamics Atlas Electric Actuator v2,actuators,,integrated_actuator,,,,,,,,,,,,,,True,False,ok,web_search_2026,C,0.6,not_declared,unknown,,False,,component
ACT-tesla-optimus-v2,Tesla Optimus Gen 3 Actuator Suite,Tesla Optimus Gen 3 Actuator Suite,actuators,,integrated_actuator,,,,,,,,,,,,,,True,False,ok,web_search_2026,C,0.6,not_declared,unknown,,False,,component
ACT-first-a301-v2,FIRST A301 Motor v2,FIRST A301 Motor v2,actuators,,smart_servo,,,,,,,,,,,,,,True,False,ok,web_search_2026,C,0.6,not_declared,unknown,,False,,component
ACT-hyundai-bd-atlas-prod,Hyundai/Boston Dynamics Atlas Production Actuator,Hyundai/Boston Dynamics Atlas Production Actuator,actuators,,integrated_actuator,,,,,,,,,,,,,,True,False,ok,web_search_2026,C,0.6,not_declared,unknown,,False,,component
act-schaeffler-modular,Schaeffler Modular Joint System,Schaeffler Modular Joint System,actuators,,modular_actuator,,,,,,,,,,,,,,True,False,ok,web aggregation (credibility A),C,0.72,not_declared,unknown,,False,,component
act-kpower-fullbody,Kpower Full-Body Servo Kit,Kpower Full-Body Servo Kit,actuators,,servo_kit,,,,,,,,,,,,,,True,False,ok,web aggregation (credibility B),C,0.62,not_declared,unknown,,False,,component
act-welling-harmonic,Welling Parts Harmonic Drive Module,Welling Parts Harmonic Drive Module,actuators,,harmonic_drive_joint,,,,,,,,,,,,,,True,False,ok,web aggregation (credibility B),C,0.62,not_declared,unknown,,False,,component
act-welling-planetary,Welling Parts Planetary Drive Module,Welling Parts Planetary Drive Module,actuators,,planetary_drive_joint,,,,,,,,,,,,,,True,False,ok,web aggregation (credibility B),C,0.62,not_declared,unknown,,False,,component
act-mosrac-48v-series,Mosrac 48V BLDC Motor Series,Mosrac 48V BLDC Motor Series,actuators,,frameless_bldc,,,,,,,,,,,,,,True,False,ok,web aggregation (credibility B),C,0.62,not_declared,unknown,,False,,component
act-ct-unite-gan-production,CT-Unite GaN Encoder Actuator (Production),CT-Unite GaN Encoder Actuator (Production),actuators,,gan_encoder_actuator,,,,,,,,,,,,,,True,False,ok,web aggregation (credibility B),C,0.62,not_declared,unknown,,False,,component
act-agility-digit-v2,Agility Robotics Digit v2 Actuator,Agility Robotics Digit v2 Actuator,actuators,,bipedal_actuator,,,,,,,,,,,,,,True,False,ok,web aggregation (credibility A),C,0.72,not_declared,unknown,,False,,component
act-patsnap-analysis,Humanoid Actuator Patent Landscape,Humanoid Actuator Patent Landscape,actuators,,patent_analysis,,,,,,,,,,,,,,True,False,ok,web aggregation (credibility A),C,0.72,n_a,,,False,,market_intelligence
ACT-iai-robot,IAI Intelligent Actuator Robot,IAI Intelligent Actuator Robot,actuators,IAI America,integrated_actuator,,,,,,,,industrial_robot; pick_place; assembly,200-2000,,,,,True,False,ok,web aggregation (credibility B),C,0.62,not_declared,unknown,,False,,component
ACT-patsnap-actuator,PatSnap Humanoid Actuator Analysis,PatSnap Humanoid Actuator Analysis,platforms,多家,market_report,,,,,,,,humanoid; industrial,varies,,,,,True,False,ok,web aggregation (credibility B),C,0.62,n_a,,,False,,market_intelligence
ACT-iai-new-lineup,IAI New Robot Lineup,IAI New Robot Lineup,actuators,IAI,robot_actuator,,,,,,,,industrial_robot; assembly; pick_place,100-2000,,,,,True,False,ok,web aggregation (credibility B),C,0.62,not_declared,unknown,,False,,component
ACT-cubemars-ak45-36,CubeMars AK45-36,CubeMars AK45-36,actuators,CubeMars,integrated_actuator,,,,,,,,humanoid; quadruped; industrial,500-1500,,,,,True,False,ok,web aggregation (credibility B),C,0.62,not_declared,unknown,,False,,component
ACT-cubemars-ak70-10,CubeMars AK70-10,CubeMars AK70-10,actuators,CubeMars,integrated_actuator,,,,,,,,humanoid; exoskeleton,400-1200,,,,,True,False,ok,web aggregation (credibility B),C,0.62,not_declared,unknown,,False,,component
ACT-cubemars-qdd,CubeMars QDD Motor Series,CubeMars QDD Motor Series,actuators,CubeMars,qdd_actuator,,,,,,,,humanoid; quadruped; exoskeleton,300-2000,,,,,True,False,ok,web aggregation (credibility B),C,0.62,not_declared,unknown,,False,,component
ACT-cubemars-frameless,CubeMars Frameless Torque Motor,CubeMars Frameless Torque Motor,actuators,CubeMars,frameless_motor,,,,,,,,humanoid; gimbal; exoskeleton,200-800,,,,,True,False,ok,web aggregation (credibility B),C,0.62,not_declared,unknown,,False,,component
ACT-bonsystems-bcsa,Bonsystems BCSA (Cycloidal Smart Actuator),Bonsystems BCSA (Cycloidal Smart Actuator),actuators,,,,,,,,,,,,,,,,True,False,ok,en.bonsystems.com (URL 引用),B,0.6,not_declared,unknown,,False,,component
ACT-agility-digit-v2,Agility Robotics Digit New Actuators,Agility Robotics Digit New Actuators,actuators,,,,,,,,,,,,,,,,True,False,ok,agilityrobotics.com (URL 引用),B,0.6,not_declared,unknown,,False,,component
ACT-figure-03-helix,Figure 03 Helix Actuator System,Figure 03 Helix Actuator System,actuators,Figure AI,Integrated humanoid actuator suite,28 joint actuators + 50+ hand actuators (Gen 3 hands),Human-reflex-level visual-to-motion response,Full-body integrated,N/A,Proprietary Helix AI control,Helix neural interface,N/A,humanoid; home; industrial; logistics,N/A (commercial platform),Figure 03 platform; Helix AI,,,,False,False,ok,厂商目录声明值：Figure AI（无原始链接，未核验）,B,0.5,not_declared,unknown,,True,,component
ACT-tienkung-ultra,Tien Kung Ultra Actuator System,Tien Kung Ultra Actuator System,actuators,X-Humanoid,High-performance humanoid actuator suite,Full-size humanoid joint actuators,Fully autonomous half-marathon in 1:15:00 (21.0975km),Full-size humanoid,N/A,X-Humanoid proprietary,Embodied AI control,N/A,humanoid; marathon; industrial sorting; competition,N/A,Tien Kung platform,,,,False,False,ok,,C,0.3,not_declared,unknown,,True,,component
ACT-tesla-optimus-g3-50act,Tesla Optimus Gen 3 Actuator System (50 Actuators),Tesla Optimus Gen 3 Actuator System (50 Actuators),actuators,Tesla,Electromagnetic joint actuators,Tesla-designed (proprietary),,,,,,,,,,,,,True,False,ok,Tesla 2026 patent filings,B,0.85,not_declared,unknown,,False,,component
ACT-engineai-t800-hightorque,EngineAI T800 High-Torque Actuator System,EngineAI T800 High-Torque Actuator System,actuators,EngineAI (China),High-torque joint actuators,Up to 450 N·m peak torque per joint,,,,,,,,,,,,,False,False,ok,EngineAI 2025-2026,C,0.55,not_declared,unknown,,False,,component
ACT-unitree-h1-360nm,Unitree H1 Joint Motor System,Unitree H1 Joint Motor System,actuators,Unitree Robotics (China),High-torque joint motors for humanoid,360 N·m maximum (arm joint),,,,,,,,,,,,,True,False,ok,Unitree Robotics 2025-2026,C,0.85,not_declared,unknown,,False,,component
ACTUATOR-A1B2C3,Unitree H1 Actuator,Unitree H1 Actuator,actuators,Unitree Robotics,Electric Motor,20 Nm,,,,,,,,,,,,,False,True,placeholder_id,,C,0.3,not_declared,unknown,,False,,component
ACTUATOR-D4E5F6,Tesla Optimus Actuator,Tesla Optimus Actuator,actuators,Tesla,Electric Motor,15 Nm,,,,,,,,,,,,,False,True,placeholder_id,,C,0.3,not_declared,unknown,,False,,component
ACTUATOR-G7H8I9,Boston Dynamics Atlas Actuator,Boston Dynamics Atlas Actuator,actuators,Boston Dynamics,Hydraulic,50 Nm,,,,,,,,,,,,,False,True,placeholder_id,,C,0.3,not_declared,unknown,,False,,component
ACTUATOR-J0K1L2,Figure AI Actuator,Figure AI Actuator,actuators,Figure AI,Electric Motor,18 Nm,,,,,,,,,,,,,False,True,placeholder_id,,C,0.3,not_declared,unknown,,False,,component
ACTUATOR-M3N4O5,Agility Robotics Digit Actuator,Agility Robotics Digit Actuator,actuators,Agility Robotics,Electric Motor,25 Nm,,,,,,,,,,,,,False,True,placeholder_id,,C,0.3,not_declared,unknown,,False,,component
ACTUATOR-P6Q7R8,Apptronik Apollo Actuator,Apptronik Apollo Actuator,actuators,Apptronik,Electric Motor,22 Nm,,,,,,,,,,,,,False,True,placeholder_id,,C,0.3,not_declared,unknown,,False,,component
ACTUATOR-S9T0U1,1X NEO Actuator,1X NEO Actuator,actuators,1X Technologies,Electric Motor,16 Nm,,,,,,,,,,,,,False,True,placeholder_id,,C,0.3,not_declared,unknown,,False,,component
ACTUATOR-V2W3X4,AgiBot Actuator,AgiBot Actuator,actuators,AgiBot,Electric Motor,19 Nm,,,,,,,,,,,,,False,True,placeholder_id,,C,0.3,not_declared,unknown,,False,,component
ACTUATOR-abc123,Unitree G1,Unitree G1,actuators,杭州宇树科技有限公司,伺服电机,未明确,,,,,,,,,,,,,False,True,placeholder_id,,C,0.3,not_declared,unknown,,False,,component
ACTUATOR-def456,Galbot G1,Galbot G1,actuators,北京银河通用机器人有限公司,伺服电机,未明确,,,,,,,,,,,,,False,True,placeholder_id,,C,0.3,not_declared,unknown,,False,,component
ACTUATOR-ghi789,天工2.0,Tiangong 2.0,actuators,国地共建具身智能机器人创新中心,伺服电机,未明确,,,,,,,,,,,,,False,True,placeholder_id,,C,0.3,not_declared,unknown,,False,,component
ACTUATOR-jkl012,众擎PM01人形机器人,Zhongqing PM01 Humanoid Robot,actuators,未明确,伺服电机,未明确,,,,,,,,,,,,,False,True,placeholder_id,,C,0.3,not_declared,unknown,,False,,component
ACTUATOR-mno345,Figure AI执行器,Figure AI Actuator,actuators,Figure AI,伺服电机,未明确,,,,,,,,,,,,,False,True,placeholder_id,,C,0.3,not_declared,unknown,,False,,component
ACTUATOR-pqr678,Agility Robotics执行器,Agility Robotics Actuator,actuators,Agility Robotics,伺服电机,未明确,,,,,,,,,,,,,False,True,placeholder_id,,C,0.3,not_declared,unknown,,False,,component
ACTUATOR-stu901,特斯拉执行器,Tesla Actuator,actuators,特斯拉,伺服电机,未明确,,,,,,,,,,,,,False,True,placeholder_id,,C,0.3,not_declared,unknown,,False,,component
ACTUATOR-vwx234,波士顿动力执行器,Boston Dynamics Actuator,actuators,波士顿动力,伺服电机,未明确,,,,,,,,,,,,,False,True,placeholder_id,,C,0.3,not_declared,unknown,,False,,component
ACTUATOR-yza567,Apptronik执行器,Apptronik Actuator,actuators,Apptronik,伺服电机,未明确,,,,,,,,,,,,,False,True,placeholder_id,,C,0.3,not_declared,unknown,,False,,component
ACTUATOR-bcd890,1X Technologies执行器,1X Technologies Actuator,actuators,1X Technologies,伺服电机,未明确,,,,,,,,,,,,,False,True,placeholder_id,,C,0.3,not_declared,unknown,,False,,component
ACTUATOR-efg123,AgiBot执行器,AgiBot Actuator,actuators,AgiBot,伺服电机,未明确,,,,,,,,,,,,,False,True,placeholder_id,,C,0.3,not_declared,unknown,,False,,component
ACT-118,MegaTorque Pro-X,MegaTorque Pro-X,actuators,RoboDrive Dynamics,Brushless DC,,,,,,,,,,,,,,False,True,unverifiable_vendor,,C,0.3,not_declared,unknown,,False,,component
ACT-119,PrecisionGrip Servo,PrecisionGrip Servo,actuators,Synthetic Motion Systems,Digital,,,,,,,,,,,,,,False,True,unverifiable_vendor,,C,0.3,not_declared,unknown,,False,,component
ACT-120,PowerPak Hydraulic Cylinder,PowerPak Hydraulic Cylinder,actuators,FluidForce Inc,Linear Actuator,,,,,,,,,,,,,,False,True,unverifiable_vendor,,C,0.3,not_declared,unknown,,False,,component
ACT-121,AirLift Pneumatic Piston,AirLift Pneumatic Piston,actuators,CompressTech Solutions,Linear Actuator,,,,,,,,,,,,,,False,True,unverifiable_vendor,,C,0.3,not_declared,unknown,,False,,component
ACT-122,NanoFlex SMA Wire,NanoFlex SMA Wire,actuators,Smart Materials Co,Muscle Wire,,,,,,,,,,,,,,False,True,unverifiable_vendor,,C,0.3,not_declared,unknown,,False,,component
ACT-123,UltraSonic Piezo Bender,UltraSonic Piezo Bender,actuators,Precision Piezo Ceramics,Bender,,,,,,,,,,,,,,False,True,unverifiable_vendor,,C,0.3,not_declared,unknown,,False,,component
ACT-124,Titanium Gear Servo,Titanium Gear Servo,actuators,HeavyBot Components,High-Torque,,,,,,,,,,,,,,False,True,unverifiable_vendor,,C,0.3,not_declared,unknown,,False,,component
ACT-125,Vortex Hydraulic Motor,Vortex Hydraulic Motor,actuators,FluidForce Inc,Rotary,,,,,,,,,,,,,,False,True,unverifiable_vendor,,C,0.3,not_declared,unknown,,False,,component
ACT-126,SwiftAir Pneumatic Rotary,SwiftAir Pneumatic Rotary,actuators,CompressTech Solutions,Rotary Actuator,,,,,,,,,,,,,,False,True,unverifiable_vendor,,C,0.3,not_declared,unknown,,False,,component
ACT-127,ShapeShift SMA Coil,ShapeShift SMA Coil,actuators,Smart Materials Co,Helical,,,,,,,,,,,,,,False,True,unverifiable_vendor,,C,0.3,not_declared,unknown,,False,,component
ACT-128,MicroStep Piezo Linear,MicroStep Piezo Linear,actuators,Precision Piezo Ceramics,Linear Actuator,,,,,,,,,,,,,,False,True,unverifiable_vendor,,C,0.3,not_declared,unknown,,False,,component
ACT-129,StealthForce Motor,StealthForce Motor,actuators,RoboDrive Dynamics,Stepper,,,,,,,,,,,,,,False,True,unverifiable_vendor,,C,0.3,not_declared,unknown,,False,,component
ACT-130,GyroServo 360,GyroServo 360,actuators,Synthetic Motion Systems,Continuous Rotation,,,,,,,,,,,,,,False,True,unverifiable_vendor,,C,0.3,not_declared,unknown,,False,,component
ACT-131,PressMaster Hydraulic Press,PressMaster Hydraulic Press,actuators,FluidForce Inc,Press,,,,,,,,,,,,,,False,True,unverifiable_vendor,,C,0.3,not_declared,unknown,,False,,component
ACT-132,Diaphragm Pneumatic Actuator,Diaphragm Pneumatic Actuator,actuators,CompressTech Solutions,Diaphragm,,,,,,,,,,,,,,False,True,unverifiable_vendor,,C,0.3,not_declared,unknown,,False,,component
ACT-133,TorqueMaster Pro X7,TorqueMaster Pro X7,actuators,RoboDrive Systems,digital,,,,,,,,,,,,,,False,True,unverifiable_vendor,,C,0.3,not_declared,unknown,,False,,component
ACT-134,HydraLift 5000,HydraLift 5000,actuators,HeavyMotive Inc.,linear_actuator,,,,,,,,,,,,,,False,True,unverifiable_vendor,,C,0.3,not_declared,unknown,,False,,component
ACT-135,PneuSwift Compact,PneuSwift Compact,actuators,AirLogic Dynamics,cylinder,,,,,,,,,,,,,,False,True,unverifiable_vendor,,C,0.3,not_declared,unknown,,False,,component
ACT-136,DynoForce V12,DynoForce V12,actuators,OmniMotors,brushless_dc,,,,,,,,,,,,,,False,True,unverifiable_vendor,,C,0.3,not_declared,unknown,,False,,component
ACT-137,FlexiWire SMA-50,FlexiWire SMA-50,actuators,Smart Materials Co.,muscle_wire,,,,,,,,,,,,,,False,True,unverifiable_vendor,,C,0.3,not_declared,unknown,,False,,component
ACT-138,NanoPiezo Z-Axis,NanoPiezo Z-Axis,actuators,Precision Micro Devices,stack_actuator,,,,,,,,,,,,,,False,True,unverifiable_vendor,,C,0.3,not_declared,unknown,,False,,component
ACT-139,MicroGrip Servo,MicroGrip Servo,actuators,Microbotics LLC,analog,,,,,,,,,,,,,,False,True,unverifiable_vendor,,C,0.3,not_declared,unknown,,False,,component
ACT-140,PressurMax HP-250,PressurMax HP-250,actuators,FluidPower Solutions,rotary_actuator,,,,,,,,,,,,,,False,True,unverifiable_vendor,,C,0.3,not_declared,unknown,,False,,component
ACT-141,VacuGrip Series 4,VacuGrip Series 4,actuators,AirLogic Dynamics,vacuum_generator,,,,,,,,,,,,,,False,True,unverifiable_vendor,,C,0.3,not_declared,unknown,,False,,component
ACT-142,StepperMax NEMA 23,StepperMax NEMA 23,actuators,OmniMotors,stepper,,,,,,,,,,,,,,False,True,unverifiable_vendor,,C,0.3,not_declared,unknown,,False,,component
ACT-143,SmaSpring Actuator,SmaSpring Actuator,actuators,Smart Materials Co.,spring_actuator,,,,,,,,,,,,,,False,True,unverifiable_vendor,,C,0.3,not_declared,unknown,,False,,component
ACT-144,BenderPiezo T-100,BenderPiezo T-100,actuators,Precision Micro Devices,bender_actuator,,,,,,,,,,,,,,False,True,unverifiable_vendor,,C,0.3,not_declared,unknown,,False,,component
ACT-145,HD Servo 360,HD Servo 360,actuators,RoboDrive Systems,continuous_rotation,,,,,,,,,,,,,,False,True,unverifiable_vendor,,C,0.3,not_declared,unknown,,False,,component
ACT-146,FlowMaster Valve,FlowMaster Valve,actuators,HeavyMotive Inc.,proportional_valve,,,,,,,,,,,,,,False,True,unverifiable_vendor,,C,0.3,not_declared,unknown,,False,,component
ACT-147,TurboSpin PMDC,TurboSpin PMDC,actuators,OmniMotors,brushed_dc,,,,,,,,,,,,,,False,True,unverifiable_vendor,,C,0.3,not_declared,unknown,,False,,component
actuator-sea-001,SEA-Torque-50 串联弹性驱动器,SEA-Torque-50 Series Elastic Actuator,actuators,,SEA,,,,,,,,,$2000-3500,,,,,False,False,ok,RoboParts Bionic Series,C,0.55,not_declared,unknown,,False,,component
actuator-sea-002,SEA-Torque-20 紧凑型串联弹性驱动器,SEA-Torque-20 Compact Series Elastic Actuator,actuators,,SEA,,,,,,,,,$800-1500,,,,,False,False,ok,RoboParts Bionic Series,C,0.55,not_declared,unknown,,False,,component
actuator-fea-001,FlexDrive-100 柔性驱动器,FlexDrive-100 Flexible Actuator,actuators,,柔性驱动,,,,,,,,,$150-400,,,,,False,False,ok,Research / Community,C,0.55,not_declared,unknown,,False,,component
actuator-sm-001,MuscleWire-10 形状记忆合金驱动器,MuscleWire-10 Shape Memory Alloy Actuator,actuators,,SMA,,,,,,,,,$20-80,,,,,False,False,ok,Dynalloy / Research,C,0.55,not_declared,unknown,,False,,component
actuator-spine-001,BioSpine-7 仿生脊柱模组,BioSpine-7 Bionic Spine Module,actuators,,多自由度模组,,,,,,,,,$5000-8000,,,,,False,False,ok,RoboParts Bionic Series,C,0.55,not_declared,unknown,,False,,component
actuator-hand-001,Shadow Dexterous Hand 影子灵巧手,Shadow Dexterous Hand,actuators,,多指灵巧手,,,,,,,,,$80000-120000,,,,,True,False,ok,Shadow Robot Company Official,B,0.9,not_declared,unknown,,False,,component
actuator-hand-002,Allegro Hand 四指灵巧手,Allegro Hand Four-Finger Dexterous Hand,actuators,,多指灵巧手,,,,,,,,,$15000-25000,,,,,True,False,ok,SimLab / Research,C,0.85,not_declared,unknown,,False,,component
actuator-hand-003,QB SoftHand 柔性自适应手,QB SoftHand Flexible Adaptive Hand,actuators,,柔性自适应手,,,,,,,,,$8000-15000,,,,,True,False,ok,qbrobotics Official,B,0.9,not_declared,unknown,,False,,component
CHIP-001,NVIDIA Jetson Orin NX,NVIDIA Jetson Orin NX,chips,NVIDIA,SoC,,,,,,,,autonomous_vehicle; robot_vision; edge_ai,00-600,,True,,,False,False,ok,厂商目录声明值：NVIDIA（无原始链接，未核验）,B,0.5,n_a,,,True,True,component
CHIP-002,NVIDIA Jetson AGX Orin,NVIDIA Jetson AGX Orin,chips,NVIDIA,SoC,,,,,,,,autonomous_vehicle; robot_vision; industrial_robot,600-2000,,True,,,False,False,ok,厂商目录声明值：NVIDIA（无原始链接，未核验）,B,0.5,n_a,,,True,True,component
CHIP-003,Raspberry Pi 5,Raspberry Pi 5,chips,Raspberry Pi Foundation,SBC,,,,,,,,hobby_robot; education; iot_robot,0-100,,True,,,False,False,ok,官方页面（未证实）：https://www.raspberrypi.com/products/raspberry-pi-5/,A,0.55,n_a,,,True,True,component
CHIP-004,STM32H743,STM32H743,chips,STMicroelectronics,MCU,,,,,,,,motor_control; sensor_hub; realtime_control,0-20,,False,,,True,False,ok,官方页面：https://www.st.com/en/microcontrollers-microprocessors/stm32h743-753.html,A,0.88,n_a,,,True,False,component
CHIP-005,ESP32-S3,ESP32-S3,chips,Espressif,MCU,,,,,,,,iot_robot; wifi_robot; sensor_node,0-5,,False,,,True,False,ok,官方页面：https://www.espressif.com/en/products/socs/esp32-s3,A,0.88,n_a,,,True,False,component
CHIP-006,Teensy 4.1,Teensy 4.1,chips,PJRC,MCU,,,,,,,,motor_control; realtime_control; audio_robot,0-30,,False,,,True,False,ok,官方页面：https://www.pjrc.com/store/teensy41.html,A,0.88,n_a,,,True,False,component
CHIP-007,Rockchip RK3588,Rockchip RK3588,chips,Rockchip,SoC,,,,,,,,robot_vision; edge_ai; hobby_robot,0-150,,True,,,False,False,ok,厂商目录声明值：Rockchip（无原始链接，未核验）,B,0.5,n_a,,,True,True,component
CHIP-008,NVIDIA Jetson Thor,NVIDIA Jetson Thor,chips,NVIDIA,SoC,,,,,,,,humanoid_robot; autonomous_vehicle; physical_ai,2000+,,True,,,False,False,ok,厂商目录声明值：NVIDIA（无原始链接，未核验）,B,0.5,n_a,,,True,True,component
CHIP-009,Qualcomm RB6 (QCS6490),Qualcomm RB6 (QCS6490),chips,Qualcomm,SoC,,,,,,,,robot_vision; drone; AMR,200-500,,True,,,False,False,ok,厂商目录声明值：Qualcomm（无原始链接，未核验）,B,0.5,n_a,,,True,True,component
CHIP-010,Intel RealSense D455,Intel RealSense D455,chips,Intel,depth_camera,,,,,,,,robot_vision; navigation; object_detection,200-400,,True,,,False,False,ok,厂商目录声明值：Intel（无原始链接，未核验）,B,0.5,n_a,,,True,True,component
CHIP-011,Hailo-8 M.2,Hailo-8 M.2,chips,Hailo,AI_accelerator,,,,,,,,edge_ai; robot_vision; object_detection,50-100,,False,,,True,False,ok,官方页面：https://hailo.ai/products/ai-accelerators/hailo-8-ai-accelerator/,A,0.88,n_a,,,True,False,component
CHIP-012,Google Coral TPU,Google Coral TPU,chips,Google,AI_accelerator,,,,,,,,edge_ai; classification; detection,0-50,,False,,,False,False,ok,官方页面（未证实）：https://coral.ai/products/,A,0.55,n_a,,,True,False,component
CHIP-013,NXP i.MX 8M Plus,NXP i.MX 8M Plus,chips,NXP,SoC,,,,,,,,industrial_robot; vision; motor_control,50-200,,True,,,False,False,ok,,C,0.3,n_a,,,True,True,component
CHIP-014,TI TDA4VM,TI TDA4VM,chips,Texas Instruments,SoC,,,,,,,,automotive_vision; robot_vision; ADAS,100-300,,True,,,False,False,ok,厂商目录声明值：Texas Instruments（无原始链接，未核验）,B,0.5,n_a,,,True,True,component
CHIP-015,Infineon AURIX TC397,Infineon AURIX TC397,chips,Infineon,MCU,,,,,,,,functional_safety; motor_control; automotive_robot,20-50,,False,,,False,False,ok,,C,0.3,n_a,,,True,False,component
CHIP-016,Renesas RZ/V2H,Renesas RZ/V2H,chips,Renesas,SoC,,,,,,,,robot_vision; industrial_robot; AMR,100-300,,True,,,False,False,ok,厂商目录声明值：Renesas（无原始链接，未核验）,B,0.5,n_a,,,True,True,component
CHIP-017,AMD Xilinx Kria K26,AMD Xilinx Kria K26,chips,AMD/Xilinx,FPGA_SoC,,,,,,,,vision_acceleration; realtime_processing; industrial_robot,200-500,,True,,,False,False,ok,,C,0.3,n_a,,,True,True,component
CHIP-018,Microchip PolarFire SoC,Microchip PolarFire SoC,chips,Microchip,FPGA_SoC,,,,,,,,radiation_hardened; space_robot; industrial,100-300,,True,,,False,False,ok,官方页面（未证实）：https://www.microchip.com/en-us/products/fpgas-and-plds/system-on-chip-fpgas/polarfire-soc-fpgas,A,0.55,n_a,,,True,True,component
CHIP-019,Horizon Robotics J5,Horizon Robotics J5,chips,Horizon Robotics,SoC,,,,,,,,autonomous_driving; robot_vision; AMR,200-500,,True,,,False,False,ok,厂商目录声明值：Horizon Robotics（无原始链接，未核验）,B,0.5,n_a,,,True,True,component
CHIP-020,Allwinner T507,Allwinner T507,chips,Allwinner,SoC,,,,,,,,hobby_robot; iot_robot; education,0-50,,True,,,False,False,ok,官方页面（未证实）：https://www.allwinnertech.com/,B,0.58,n_a,,,True,True,component
RP-ct21x-gan-encoder,CT-Unite CT-21X GaN Magnetic Encoder,CT-Unite CT-21X GaN Magnetic Encoder,chips,,chip,,,,,,,,,,,,,,True,False,ok,web aggregation (credibility B),C,0.62,n_a,,,False,,component
RP-intel-core-ultra-s3,Intel Core Ultra Series 3,Intel Core Ultra Series 3,chips,,chip,,,,,,,,,,,,,,True,False,ok,web aggregation (credibility A),C,0.72,n_a,,,False,,component
RP-honpine-hpjm,HONPINE HPJM Integrated Joint Module,HONPINE HPJM Integrated Joint Module,chips,,actuator,,,,,,,,,,,,,,True,False,ok,web aggregation (credibility B),C,0.62,n_a,,,False,,component
CHIP-qualcomm-iq10,Qualcomm Dragonwing IQ10,Qualcomm Dragonwing IQ10,chips,Qualcomm,SoC,,,,,,,,humanoid; autonomous_vehicle; drone,enterprise,,,,,True,False,ok,web aggregation (credibility A),C,0.72,n_a,,,False,,component
CHIP-qualcomm-iq9,Qualcomm Dragonwing IQ9,Qualcomm Dragonwing IQ9,chips,Qualcomm,SoC,,,,,,,,industrial_robot; AMR,enterprise,,,,,True,False,ok,web aggregation (credibility A),C,0.72,n_a,,,False,,component
CHIP-intel-core-ultra-s3-edge,Intel Core Ultra Series 3 Edge,Intel Core Ultra Series 3 Edge,chips,Intel,Edge Processor,,,,,,,,humanoid; edge_ai; robotics,300-800,,,,,True,False,ok,web aggregation (credibility A),C,0.72,n_a,,,False,,component
CHIP-nvidia-thor-v2,NVIDIA Jetson Thor (2026 BC Award),NVIDIA Jetson Thor (2026 BC Award),chips,NVIDIA,SoC,,,,,,,,humanoid; autonomous_vehicle; industrial_robot,1000-3000,,,,,True,False,ok,web aggregation (credibility A),C,0.72,n_a,,,False,,component
CHIP-amd-ryzen-ai-2026,AMD Ryzen AI Processor 2026,AMD Ryzen AI Processor 2026,chips,AMD,APU,,,,,,,,edge_ai; robotics; humanoid,300-1000,,,,,True,False,ok,web aggregation (credibility A),C,0.72,n_a,,,False,,component
CHIP-microsoft-braga,Microsoft Braga AI Chip,Microsoft Braga AI Chip,chips,Microsoft,AI Accelerator,,,,,,,,cloud_ai; datacenter,enterprise,,,,,True,False,ok,web aggregation (credibility B),C,0.62,n_a,,,False,,component
CHIP-nvidia-cosmos-groot,NVIDIA Cosmos + GR00T Model Chip,NVIDIA Cosmos + GR00T Model Chip,robot_ai_models,NVIDIA,AI Model Platform,,,,,,,,humanoid; robot_learning; physical_ai,,,,,,True,False,ok,web aggregation (credibility A),C,0.72,n_a,,,False,,software
CHIP-gigadevice-gd32h7,GigaDevice GD32H7 Series,GigaDevice GD32H7 Series,chips,GigaDevice,MCU,,,,,,,,robot_joint; motor_control; sensor_hub,5-20,,,,,True,False,ok,web aggregation (credibility B),C,0.62,n_a,,,False,,component
CHIP-advantech-iq10,Advantech Qualcomm IQ10 Platform,Advantech Qualcomm IQ10 Platform,chips,Advantech/Qualcomm,SBC,,,,,,,,humanoid; industrial_robot; AMR,1000-3000,,,,,True,False,ok,web aggregation (credibility A),C,0.72,n_a,,,False,,component
CHIP-qualcomm-rb6-v2,Qualcomm RB6 v2 (QCS8250),Qualcomm RB6 v2 (QCS8250),chips,Qualcomm,SoC,,,,,,,,AMR; industrial_robot; drone,enterprise,,,,,True,False,ok,web aggregation (credibility B),C,0.62,n_a,,,False,,component
CHIP-horizon-j6,Horizon Robotics J6,Horizon Robotics J6,chips,Horizon Robotics,SoC,,,,,,,,autonomous_driving; robotics; humanoid,enterprise,,,,,True,False,ok,web aggregation (credibility B),C,0.62,n_a,,,False,,component
CHIP-renesas-rzv2h-v2,Renesas RZ/V2H v2,Renesas RZ/V2H v2,chips,Renesas,SoC,,,,,,,,industrial_robot; humanoid; AMR,100-500,,,,,True,False,ok,web aggregation (credibility B),C,0.62,n_a,,,False,,component
CHIP-ti-tda4vp,TI TDA4VP,TI TDA4VP,chips,Texas Instruments,SoC,,,,,,,,AMR; robot_vision; industrial_robot,50-200,,,,,True,False,ok,web aggregation (credibility A),C,0.72,n_a,,,False,,component
CHIP-mediatek-genio-700,MediaTek Genio 700,MediaTek Genio 700,chips,MediaTek,SoC,,,,,,,,humanoid; robot_vision; edge_ai,50-150,,,,,True,False,ok,web aggregation (credibility A),C,0.72,n_a,,,False,,component
CHIP-mediatek-edge-ai-7b,MediaTek Edge AI Chip (Dual 7B),MediaTek Edge AI Chip (Dual 7B),chips,MediaTek,SoC,,,,,,,,humanoid; companion_robot; edge_ai,200-500,,,,,True,False,ok,web aggregation (credibility A),C,0.72,n_a,,,False,,component
CHIP-rockchip-rk3588s-v2,Rockchip RK3588S v2,Rockchip RK3588S v2,chips,Rockchip,SoC,,,,,,,,robot_vision; edge_ai; hobby_robot,0-150,,True,,,True,False,ok,web aggregation (credibility B),C,0.62,n_a,,,True,True,component
CHIP-amlogic-a311d2,Amlogic A311D2,Amlogic A311D2,chips,Amlogic,SoC,,,,,,,,robot_vision; edge_ai; AMR,0-100,,True,,,True,False,ok,web aggregation (credibility B),C,0.62,n_a,,,True,True,component
CHIP-intel-core-ultra-s3-robotics,Intel Core Ultra Series 3 Robotics Edition,Intel Core Ultra Series 3 Robotics Edition,chips,Intel,Edge Processor,,,,,,,,humanoid; edge_ai; service_robot; machine_vision; industrial_automation,300-800,,,,,True,False,ok,web aggregation (credibility A),C,0.72,n_a,,,False,,component
CHIP-nvidia-cosmos-gr00t-v2,NVIDIA Cosmos + GR00T v2,NVIDIA Cosmos + GR00T v2,robot_ai_models,NVIDIA,AI Model Platform,,,,,,,,humanoid; robot_learning; physical_ai,,,,,,True,False,ok,web aggregation (credibility A),C,0.72,n_a,,,False,,software
CHIP-qualcomm-iq10-advantech,Advantech MIC-710AI (IQ10),Advantech MIC-710AI (IQ10),chips,Advantech/Qualcomm,SBC,,,,,,,,humanoid; industrial_robot; AMR,1000-3000,,,,,True,False,ok,web aggregation (credibility A),C,0.72,n_a,,,False,,component
CHIP-gigadevice-gd32h7-robot,GigaDevice GD32H7 Robot Edition,GigaDevice GD32H7 Robot Edition,chips,GigaDevice,MCU,,,,,,,,robot_joint; motor_control; humanoid,5-25,,,,,True,False,ok,web aggregation (credibility B),C,0.62,n_a,,,False,,component
CHIP-nvidia-t5000,NVIDIA T5000 Robot Chip,NVIDIA T5000 Robot Chip,chips,,SoC,,,,,,,,,,,,,,True,False,ok,web_search_2026,C,0.6,n_a,,,False,,component
CHIP-qualcomm-robotics-pc,Qualcomm Robotics PC Chip,Qualcomm Robotics PC Chip,chips,,SoC,,,,,,,,,,,,,,True,False,ok,web_search_2026,C,0.6,n_a,,,False,,component
CHIP-intel-core-ultra-s3-robee,Intel Core Ultra Series 3 (RoBee),Intel Core Ultra Series 3 (RoBee),chips,,SoC,,,,,,,,,,,,,,True,False,ok,web_search_2026,C,0.6,n_a,,,False,,component
CHIP-ms-braga-v2,Microsoft Braga AI Chip v2,Microsoft Braga AI Chip v2,chips,,AI_accelerator,,,,,,,,,,,,,,True,False,ok,web_search_2026,C,0.6,n_a,,,False,,component
CHIP-edge-ai-realtime,Edge AI Real-Time Learning Chip,Edge AI Real-Time Learning Chip,chips,,AI_accelerator,,,,,,,,,,,,,,True,False,ok,web_search_2026,C,0.6,n_a,,,False,,component
chip-qualcomm-iq10-pro,Qualcomm Dragonwing IQ10 Pro,Qualcomm Dragonwing IQ10 Pro,chips,,robotics_processor,,,,,,,,,,,,,,True,False,ok,web aggregation (credibility A),C,0.72,n_a,,,False,,component
chip-nvidia-t5000-v2,NVIDIA T5000 v2 Robot Chip,NVIDIA T5000 v2 Robot Chip,chips,,robotics_processor,,,,,,,,,,,,,,True,False,ok,web aggregation (credibility A),C,0.72,n_a,,,False,,component
chip-mediatek-genio-700-v2,MediaTek Genio 700 v2,MediaTek Genio 700 v2,chips,,edge_ai_processor,,,,,,,,,,,,,,True,False,ok,web aggregation (credibility B),C,0.62,n_a,,,False,,component
chip-intel-ultra3-robotics-v2,Intel Core Ultra Series 3 Robotics v2,Intel Core Ultra Series 3 Robotics v2,chips,,edge_processor,,,,,,,,,,,,,,True,False,ok,web aggregation (credibility A),C,0.72,n_a,,,False,,component
chip-amd-ryzen-ai-v2,AMD Ryzen AI 2026 v2,AMD Ryzen AI 2026 v2,chips,,ai_processor,,,,,,,,,,,,,,True,False,ok,web aggregation (credibility B),C,0.62,n_a,,,False,,component
chip-nxp-imx95,NXP i.MX 95,NXP i.MX 95,chips,,applications_processor,,,,,,,,,,,,,,True,False,ok,web aggregation (credibility B),C,0.62,n_a,,,False,,component
chip-renesas-rzv2l,Renesas RZ/V2L,Renesas RZ/V2L,chips,,entry_ai_processor,,,,,,,,,,,,,,True,False,ok,web aggregation (credibility B),C,0.62,n_a,,,False,,component
chip-horizon-j6e,Horizon Robotics J6E,Horizon Robotics J6E,chips,,vision_processor,,,,,,,,,,,,,,True,False,ok,web aggregation (credibility B),C,0.62,n_a,,,False,,component
CHIP-snapdragon-x2-plus,Qualcomm Snapdragon X2 Plus,Qualcomm Snapdragon X2 Plus,chips,Qualcomm,SoC,,,,,,,,edge_ai; robotics; humanoid,200-500,,,,,True,False,ok,web aggregation (credibility B),C,0.62,n_a,,,False,,component
CHIP-intel-ces2026-ai,Intel CES 2026 AI Chip,Intel CES 2026 AI Chip,chips,Intel,Edge Processor,,,,,,,,humanoid; edge_ai; robotics,300-1000,,,,,True,False,ok,web aggregation (credibility B),C,0.62,n_a,,,False,,component
CHIP-turbox-irb10,Thundercomm TurboX IRB10,Thundercomm TurboX IRB10,chips,Thundercomm/Qualcomm,开发板,,,,,,,,humanoid; amr; industrial_robot,1000-3000,,,,,True,False,ok,web aggregation (credibility B),C,0.62,n_a,,,False,,component
CHIP-neura-robotics-iq10,NEURA Robotics IQ10 Platform,NEURA Robotics IQ10 Platform,chips,NEURA Robotics/Qualcomm,机器人平台,,,,,,,,cognitive_robot; humanoid; amr,N/A,,,,,True,False,ok,web aggregation (credibility B),C,0.62,n_a,,,False,,component
CHIP-amd-ryzen-ai-400,AMD Ryzen AI 400 Series,AMD Ryzen AI 400 Series,chips,,,,,,,,,,,,,,,,True,False,ok,mastercard.com (URL 引用),B,0.6,n_a,,,False,,component
CHIP-nvidia-thor-robotics,NVIDIA Thor (Robotics Variant),NVIDIA Thor (Robotics Variant),chips,NVIDIA,Robotics SoC / Edge AI accelerator,,,,,,"PCIe Gen5, Ethernet, MIPI CSI",,humanoid; autonomous_vehicle; robot_perception,N/A (OEM),Isaac ROS; Isaac Sim; CUDA,,,,False,False,ok,厂商目录声明值：NVIDIA（无原始链接，未核验）,B,0.5,n_a,,,True,,component
CHIP-nvidia-gb10-digits,NVIDIA GB10 Grace + Blackwell (DIGITS Desktop AI),NVIDIA GB10 Grace + Blackwell (DIGITS Desktop AI),chips,NVIDIA,Desktop AI computing chip,,,,,,,,,,,,,,False,False,ok,NVIDIA CES 2025,C,0.55,n_a,,,False,,component
CHIP-a1b2c3,触觉传感芯片,Tactile Sensing Chip,chips,他山科技,,,,,,,,,,,,,,,False,True,placeholder_id,,C,0.3,n_a,,,False,,component
CHIP-66,Jetson Orin NX,Jetson Orin NX,chips,NVIDIA,System-on-Chip (SoC),,,,,,,,,,,,,,False,True,duplicate,厂商目录声明值：NVIDIA（无原始链接，未核验）,B,0.5,n_a,,,False,,component
CHIP-67,Intel RealSense D435i,Intel RealSense D435i,sensors,Intel,Depth Camera Module,,,,,,,,,,,,,,False,False,ok,厂商目录声明值：Intel（无原始链接，未核验）,B,0.5,not_declared,unknown,,False,,component
CHIP-68,Qualcomm RB5,Qualcomm RB5,chips,Qualcomm,Robotics Development Kit,,,,,,,,,,,,,,False,False,ok,厂商目录声明值：Qualcomm（无原始链接，未核验）,B,0.5,n_a,,,False,,component
CHIP-69,AMD Aldebaran,AMD Aldebaran,chips,AMD,Graphics Processing Unit (GPU),,,,,,,,,,,,,,False,False,ok,厂商目录声明值：AMD（无原始链接，未核验）,B,0.5,n_a,,,False,,component
CHIP-70,Jetson AGX Xavier,Jetson AGX Xavier,chips,NVIDIA,System-on-Chip (SoC),,,,,,,,,,,,,,False,False,ok,厂商目录声明值：NVIDIA（无原始链接，未核验）,B,0.5,n_a,,,False,,component
CHIP-71,Intel RealSense L515,Intel RealSense L515,sensors,Intel,Depth Camera Module,,,,,,,,,,,,,,False,False,ok,厂商目录声明值：Intel（无原始链接，未核验）,B,0.5,not_declared,unknown,,False,,component
CHIP-72,Qualcomm Snapdragon Flight,Qualcomm Snapdragon Flight,chips,Qualcomm,System-on-Chip (SoC),,,,,,,,,,,,,,False,False,ok,厂商目录声明值：Qualcomm（无原始链接，未核验）,B,0.5,n_a,,,False,,component
CHIP-73,AMD Versal AI Edge,AMD Versal AI Edge,chips,AMD,Adaptive SoC,,,,,,,,,,,,,,False,False,ok,厂商目录声明值：AMD（无原始链接，未核验）,B,0.5,n_a,,,False,,component
CHIP-74,Jetson Nano,Jetson Nano,chips,NVIDIA,System-on-Chip (SoC),,,,,,,,,,,,,,False,False,ok,厂商目录声明值：NVIDIA（无原始链接，未核验）,B,0.5,n_a,,,False,,component
CHIP-75,Intel Movidius Myriad X,Intel Movidius Myriad X,chips,Intel,Vision Processing Unit (VPU),,,,,,,,,,,,,,False,False,ok,厂商目录声明值：Intel（无原始链接，未核验）,B,0.5,n_a,,,False,,component
CHIP-76,Qualcomm RB3,Qualcomm RB3,chips,Qualcomm,Robotics Development Kit,,,,,,,,,,,,,,False,False,ok,厂商目录声明值：Qualcomm（无原始链接，未核验）,B,0.5,n_a,,,False,,component
CHIP-77,AMD Instinct MI300,AMD Instinct MI300,chips,AMD,Data Center Accelerator,,,,,,,,,,,,,,False,False,ok,厂商目录声明值：AMD（无原始链接，未核验）,B,0.5,n_a,,,False,,component
CHIP-78,Jetson TX2,Jetson TX2,chips,NVIDIA,System-on-Chip (SoC),,,,,,,,,,,,,,False,False,ok,厂商目录声明值：NVIDIA（无原始链接，未核验）,B,0.5,n_a,,,False,,component
CHIP-79,Intel RealSense SR300,Intel RealSense SR300,sensors,Intel,Depth Camera Module,,,,,,,,,,,,,,False,False,ok,厂商目录声明值：Intel（无原始链接，未核验）,B,0.5,not_declared,unknown,,False,,component
CHIP-80,Qualcomm QRB5165,Qualcomm QRB5165,chips,Qualcomm,System-on-Chip (SoC),,,,,,,,,,,,,,False,False,ok,厂商目录声明值：Qualcomm（无原始链接，未核验）,B,0.5,n_a,,,False,,component
CHIP-81,Jetson Orin NX,Jetson Orin NX,chips,NVIDIA,System on Module,,,,,,,,,,,,,,False,False,ok,厂商目录声明值：NVIDIA（无原始链接，未核验）,B,0.5,n_a,,,False,,component
CHIP-82,Jetson AGX Orin,Jetson AGX Orin,chips,NVIDIA,System on Module,,,,,,,,,,,,,,False,False,ok,厂商目录声明值：NVIDIA（无原始链接，未核验）,B,0.5,n_a,,,False,,component
CHIP-83,RealSense D435i,RealSense D435i,sensors,Intel,Depth Camera,,,,,,,,,,,,,,False,False,ok,厂商目录声明值：Intel（无原始链接，未核验）,B,0.5,not_declared,unknown,,False,,component
CHIP-84,RealSense L515,RealSense L515,sensors,Intel,Depth Camera,,,,,,,,,,,,,,False,False,ok,厂商目录声明值：Intel（无原始链接，未核验）,B,0.5,not_declared,unknown,,False,,component
CHIP-85,Snapdragon 8 Gen 3,Snapdragon 8 Gen 3,chips,Qualcomm,System on Chip,,,,,,,,,,,,,,False,False,ok,厂商目录声明值：Qualcomm（无原始链接，未核验）,B,0.5,n_a,,,False,,component
CHIP-86,Snapdragon X Elite,Snapdragon X Elite,chips,Qualcomm,System on Chip,,,,,,,,,,,,,,False,False,ok,厂商目录声明值：Qualcomm（无原始链接，未核验）,B,0.5,n_a,,,False,,component
CHIP-87,AMD Ryzen AI 9 HX,AMD Ryzen AI 9 HX,chips,AMD,System on Chip,,,,,,,,,,,,,,False,False,ok,厂商目录声明值：AMD（无原始链接，未核验）,B,0.5,n_a,,,False,,component
CHIP-88,AMD Instinct MI300X,AMD Instinct MI300X,chips,AMD,GPU Accelerator,,,,,,,,,,,,,,False,False,ok,厂商目录声明值：AMD（无原始链接，未核验）,B,0.5,n_a,,,False,,component
CHIP-89,NVIDIA Jetson Nano,NVIDIA Jetson Nano,chips,NVIDIA,System on Module,,,,,,,,,,,,,,False,False,ok,厂商目录声明值：NVIDIA（无原始链接，未核验）,B,0.5,n_a,,,False,,component
CHIP-90,Intel Movidius VPU,Intel Movidius VPU,chips,Intel,Vision Processing Unit,,,,,,,,,,,,,,False,False,ok,厂商目录声明值：Intel（无原始链接，未核验）,B,0.5,n_a,,,False,,component
CHIP-91,Qualcomm RB5,Qualcomm RB5,chips,Qualcomm,Development Kit,,,,,,,,,,,,,,False,True,duplicate,厂商目录声明值：Qualcomm（无原始链接，未核验）,B,0.5,n_a,,,False,,component
CHIP-92,AMD Xilinx Zynq UltraScale+ MPSoC,AMD Xilinx Zynq UltraScale+ MPSoC,chips,AMD,Programmable Logic,,,,,,,,,,,,,,False,False,ok,厂商目录声明值：AMD（无原始链接，未核验）,B,0.5,n_a,,,False,,component
CHIP-93,NVIDIA Jetson TX2,NVIDIA Jetson TX2,chips,NVIDIA,System on Module,,,,,,,,,,,,,,False,False,ok,厂商目录声明值：NVIDIA（无原始链接，未核验）,B,0.5,n_a,,,False,,component
CHIP-94,Intel Neural Compute Stick 2,Intel Neural Compute Stick 2,chips,Intel,USB Accelerator,,,,,,,,,,,,,,False,False,ok,厂商目录声明值：Intel（无原始链接，未核验）,B,0.5,n_a,,,False,,component
CHIP-95,Qualcomm QRB5165,Qualcomm QRB5165,chips,Qualcomm,Robotics Platform,,,,,,,,,,,,,,False,True,duplicate,厂商目录声明值：Qualcomm（无原始链接，未核验）,B,0.5,n_a,,,False,,component
CHIP-096,Hailo-8,Hailo-8,chips,Hailo,Edge AI Accelerator,,,,,,,,robot_vision; edge_ai; autonomous_vehicle,170-298,,True,,,True,False,ok,官方页面：https://hailo.ai/products/ai-accelerators/hailo-8-ai-accelerator/,A,0.88,n_a,,,True,True,component
CHIP-097,Hailo-10H,Hailo-10H,chips,Hailo,Edge GenAI Accelerator,,,,,,,,edge_ai; robot_vision; generative_ai,200-350,,False,,,True,False,ok,官方页面：https://hailo.ai/products/ai-accelerators/hailo-10h-ai-accelerator/,A,0.88,n_a,,,True,False,component
CHIP-098,Google Coral Edge TPU,Google Coral Edge TPU,chips,Google,Edge TPU ASIC,,,,,,,,robot_vision; edge_ai; iot,25-170,,True,,,False,False,ok,官方页面（未证实）：https://coral.ai/products/,A,0.55,n_a,,,True,True,component
CHIP-099,Rockchip RK3588,Rockchip RK3588,chips,Rockchip (瑞芯微),SoC with NPU,,,,,,,,amr; robot_vision; edge_ai; drone,60-200,,True,,,False,False,ok,官方页面（未证实）：https://www.rock-chips.com/,B,0.58,n_a,,,True,True,component
CHIP-100,Horizon Robotics Journey J6M,Horizon Robotics Journey J6M,chips,Horizon Robotics (地平线),AI SoC (BPU 3.5),,,,,,,,autonomous_vehicle; robot_vision; edge_ai,企业级,,False,,,False,False,ok,,C,0.3,n_a,,,True,False,component
CHIP-101,Cambricon MLU220,Cambricon MLU220,chips,Cambricon (寒武纪),Edge AI Accelerator,,,,,,,,edge_ai; industrial_robot; smart_manufacturing,1500-3000,,False,,,False,False,ok,官方页面（未证实）：https://www.cambricon.com/,B,0.58,n_a,,,True,False,component
CHIP-102,Huawei Ascend 310B,Huawei Ascend 310B,chips,Huawei (华为),Edge AI SoC,,,,,,,,edge_ai; robot_vision; smart Surveillance,1500-3000,,False,,,False,False,ok,,C,0.3,n_a,,,True,False,component
CHIP-103,Kinara Ara-2,Kinara Ara-2,chips,Kinara (acquired by NXP),Edge AI Accelerator,,,,,,,,edge_ai; robot_vision; autonomous_vehicle,200-400,,False,,,False,False,ok,,C,0.3,n_a,,,True,False,component
IF-001,USB 3.0,USB 3.0,interfaces,,wired,,5 Gbps,,,,,,camera; lidar; compute_module; debug,,almost_all_devices,,,,True,False,ok,官方页面：https://www.usb.org/documents,A,0.88,n_a,,,False,,specification
IF-002,MIPI CSI-2,MIPI CSI-2,interfaces,,camera_serial,,2.5 Gbps/lane (up to 4 lanes),,,,,,camera_module; depth_sensor,,Jetson; RK3588; Qualcomm,,,,True,False,ok,官方页面：https://www.mipi.org/specifications/csi-2,A,0.88,n_a,,,False,,specification
IF-003,PCIe 3.0/4.0,PCIe 3.0/4.0,interfaces,,high_speed_bus,,8/16 GT/s per lane,,,,,,GPU; NVMe; FPGA; high_speed_capture,,Jetson; x86_SBC; RK3588,,,,True,False,ok,官方页面：https://pcisig.com/specifications,A,0.88,n_a,,,False,,specification
IF-004,GPIO,GPIO,interfaces,,digital_I/O,,low,,,,,,button; LED; relay; simple_sensor,,Raspberry_Pi; STM32; ESP32,,,,False,False,ok,,C,0.3,n_a,,,False,,specification
IF-005,Ethernet (GbE),Ethernet (GbE),interfaces,,network,,1 Gbps,,,,,,robot_communication; ROS2; remote_control,,Jetson; Pi5; RK3588; x86,,,,False,False,ok,,C,0.3,n_a,,,False,,specification
IF-006,NVIDIA Isaac GR00T Platform (GR00T N1.5 + GR00T-Dreams),NVIDIA Isaac GR00T Platform (GR00T N1.5 + GR00T-Dreams),interfaces,NVIDIA,Humanoid robot development platform,,,,,,,,,,,,,,False,False,ok,"NVIDIA GTC 2025, Computex 2025",C,0.55,n_a,,,False,,specification
INTERFACE-abc123,Unitree G1 Interface,Unitree G1 Interface,interfaces,,Robot Control Interface,,,,,,,,,,,,,,False,True,placeholder_id,,C,0.3,n_a,,,False,,specification
INTERFACE-def456,Galbot G1 Interface,Galbot G1 Interface,interfaces,,Robot Control Interface,,,,,,,,,,,,,,False,True,placeholder_id,,C,0.3,n_a,,,False,,specification
INTERFACE-ghi789,Tiangong 2.0 Interface,Tiangong 2.0 Interface,interfaces,,Robot Control Interface,,,,,,,,,,,,,,False,True,placeholder_id,,C,0.3,n_a,,,False,,specification
INTERFACE-jkl012,Zhongqing PM01 Interface,Zhongqing PM01 Interface,interfaces,,Robot Control Interface,,,,,,,,,,,,,,False,True,placeholder_id,,C,0.3,n_a,,,False,,specification
INTERFACE-mno345,Shenzhen Embodied Intelligence Interface,Shenzhen Embodied Intelligence Interface,interfaces,,Development Platform Interface,,,,,,,,,,,,,,False,True,placeholder_id,,C,0.3,n_a,,,False,,specification
INTERFACE-pqr678,CES 2026 Robot Interface,CES 2026 Robot Interface,interfaces,,Exhibition Interface,,,,,,,,,,,,,,False,True,placeholder_id,,C,0.3,n_a,,,False,,specification
INTERFACE-stu901,Robot Industry Chain Interface,Robot Industry Chain Interface,interfaces,,Industry Interface,,,,,,,,,,,,,,False,True,placeholder_id,,C,0.3,n_a,,,False,,specification
INTERFACE-vwx234,CES 2026 Robot Interface,CES 2026 Robot Interface,interfaces,,Exhibition Interface,,,,,,,,,,,,,,False,True,placeholder_id,,C,0.3,n_a,,,False,,specification
LLM-001,GPT-4o,GPT-4o,llms,OpenAI,multimodal_LLM,,,,,,,,,,any_compute_platform_via_API,,,,False,False,ok,官方页面（未证实）：https://openai.com/index/hello-gpt-4o/,A,0.55,n_a,,,False,,software
LLM-002,Claude 3.5 Sonnet,Claude 3.5 Sonnet,llms,Anthropic,LLM,,,,,,,,,,any_compute_platform_via_API,,,,True,False,ok,官方页面：https://www.anthropic.com/news/claude-3-5-sonnet,A,0.88,n_a,,,False,,software
LLM-003,RT-2,RT-2,robot_ai_models,Google DeepMind,vision_language_action,,,,,,,,,,Google robot hardware,,,,True,False,ok,官方页面：https://deepmind.google/discover/blog/rt-2-new-model-translates-vision-and-language-into-action/,A,0.88,n_a,,,False,,software
LLM-004,Octo,Octo,robot_ai_models,Berkeley,vision_language_action,,,,,,,,,,multiple_robot_arms,,,,True,False,ok,官方页面：https://octo-models.github.io/,A,0.88,n_a,,,False,,software
LLM-005,OpenVLA,OpenVLA,robot_ai_models,Stanford,vision_language_action,,,,,,,,,,multiple_robots_via_fine_tuning,,,,True,False,ok,官方页面：https://openvla.github.io/,A,0.88,n_a,,,False,,software
LLM-006,Qwen2.5-VL,Qwen2.5-VL,llms,Alibaba,multimodal_LLM,,,,,,,,,,Jetson; RK3588; cloud,,,,False,False,ok,官方页面（未证实）：https://qwenlm.github.io/blog/qwen2.5-vl/,A,0.55,n_a,,,False,,software
LLM-007,π0 (Pi-Zero),π0 (Pi-Zero),robot_ai_models,Physical Intelligence,vision_language_action,,,,,,,,,,multiple_robots,,,,False,False,ok,厂商目录声明值：Physical Intelligence（无原始链接，未核验）,B,0.5,n_a,,,False,,software
LLM-a1b2c3,墨茵机器人,Moyin Robotics,llms,,,,,,,,,,,,,,,,False,True,placeholder_id,,C,0.3,n_a,,,False,,software
LLM-d4e5f6,乐聚机器人,Leju Robotics,llms,,,,,,,,,,,,,,,,False,True,placeholder_id,,C,0.3,n_a,,,False,,software
LLM-g7h8i9,宇树机器人,Unitree Robotics,llms,,,,,,,,,,,,,,,,False,True,placeholder_id,,C,0.3,n_a,,,False,,software
LLM-j0k1l2,AI芯片,AI Chips,llms,,,,,,,,,,,,,,,,False,True,non_entity,,C,0.3,n_a,,,False,,market_intelligence
LLM-m3n4o5,人形机器人,Humanoid Robots,llms,,,,,,,,,,,,,,,,False,True,non_entity,,C,0.3,n_a,,,False,,market_intelligence
LLM-p6q7r8,人形机器人,Humanoid Robots,llms,,,,,,,,,,,,,,,,False,True,non_entity,,C,0.3,n_a,,,False,,market_intelligence
LLM-s9t0u1,机器人新技术,New Robot Technologies,llms,,,,,,,,,,,,,,,,False,True,non_entity,,C,0.3,n_a,,,False,,market_intelligence
LLM-v2w3x4,辅助驾驶,Assisted Driving,llms,,,,,,,,,,,,,,,,False,True,non_entity,,C,0.3,n_a,,,False,,market_intelligence
LLM-y5z6a7,AR眼镜,AR Glasses,llms,,,,,,,,,,,,,,,,False,True,non_entity,,C,0.3,n_a,,,False,,market_intelligence
LLM-b8c9d0,消费电子,Consumer Electronics,llms,,,,,,,,,,,,,,,,False,True,non_entity,,C,0.3,n_a,,,False,,market_intelligence
LLM-a3b7c9,GPT-4,GPT-4,llms,,,,,,,,,,,,,,,,False,True,placeholder_id,,C,0.3,n_a,,,False,,software
LLM-d4e8f2,BERT,BERT,llms,,,,,,,,,,,,,,,,False,True,placeholder_id,,C,0.3,n_a,,,False,,software
LLM-g5h1j3,LLaMA,LLaMA,llms,,,,,,,,,,,,,,,,False,True,placeholder_id,,C,0.3,n_a,,,False,,software
LLM-k6m4n5,PaLM,PaLM,llms,,,,,,,,,,,,,,,,False,True,placeholder_id,,C,0.3,n_a,,,False,,software
LLM-p7q8r9,Claude,Claude,llms,,,,,,,,,,,,,,,,False,True,placeholder_id,,C,0.3,n_a,,,False,,software
LLM-s2t3u4,Falcon,Falcon,llms,,,,,,,,,,,,,,,,False,True,placeholder_id,,C,0.3,n_a,,,False,,software
LLM-v5w6x7,Mistral,Mistral,llms,,,,,,,,,,,,,,,,False,True,placeholder_id,,C,0.3,n_a,,,False,,software
LLM-y8z9a1,Gemini,Gemini,llms,,,,,,,,,,,,,,,,False,True,placeholder_id,,C,0.3,n_a,,,False,,software
LLM-b2c3d4,XLNet,XLNet,llms,,,,,,,,,,,,,,,,False,True,placeholder_id,,C,0.3,n_a,,,False,,software
LLM-e5f6g7,RoBERTa,RoBERTa,llms,,,,,,,,,,,,,,,,False,True,placeholder_id,,C,0.3,n_a,,,False,,software
LLM-028,NVIDIA Isaac GR00T 1.7,NVIDIA Isaac GR00T 1.7,robot_ai_models,NVIDIA,vision_language_action,,,,,,,,,,Isaac Lab; Isaac Sim; LeRobot; humanoid_platforms,,,,True,False,ok,NVIDIA Official Blog 2026-07,C,0.9,n_a,,,False,,software
LLM-029,SmolVLA,SmolVLA,robot_ai_models,HuggingFace,vision_language_action,,,,,,,,,,LeRobot; edge_devices; Jetson,,,,True,False,ok,HuggingFace 2026,C,0.9,n_a,,,False,,software
LLM-030,π0.5 (Physical Intelligence),π0.5 (Physical Intelligence),robot_ai_models,Physical Intelligence,vision_language_action,,,,,,,,,,multiple_robots; dexterous_hands,,,,False,False,ok,Physical Intelligence 2026,C,0.55,n_a,,,False,,software
PROTO-001,EtherCAT,EtherCAT,protocols,,industrial_ethernet,,100 Mbps,,,,,,industrial_robot; CNC; motion_control,,Beckhoff; Omron; any EtherCAT slave,,,,False,False,ok,具名标准：IEC 61158（未逐条核验原文）,B,0.55,n_a,,,False,,specification
PROTO-002,CANopen,CANopen,protocols,,fieldbus,,1 Mbps max,,,,,,mobile_robot; motor_control; industrial,,STM32; CAN adapter; PiCAN,,,,False,False,ok,具名标准：CiA 301（未逐条核验原文）,B,0.55,n_a,,,False,,specification
PROTO-003,PROFINET,PROFINET,protocols,,industrial_ethernet,,100 Mbps,,,,,,factory_automation; process_control,,Siemens; Phoenix Contact,,,,False,False,ok,具名标准：IEC 61158（未逐条核验原文）,B,0.55,n_a,,,False,,specification
PROTO-004,DYNAMIXEL Protocol 2.0,DYNAMIXEL Protocol 2.0,protocols,,proprietary_serial,,3 Mbps,,,,,,hobby_robot; humanoid; manipulator,,DYNAMIXEL servos only,,,,True,False,ok,官方页面：https://emanual.robotis.com/docs/en/dxl/protocol2/,A,0.88,n_a,,,False,,specification
PROTO-005,ROS2 DDS,ROS2 DDS,protocols,,middleware,,depends on transport,,,,,,robot_software; multi_robot; research,,any ROS2 compatible hardware,,,,True,False,ok,官方页面：https://design.ros2.org/articles/ros_on_dds.html,A,0.88,n_a,,,True,True,specification
PROTO-006,UART/Serial,UART/Serial,protocols,,serial,,up to 5 Mbps,,,,,,debug; GPS; simple_sensor; motor_controller,,almost_all_MCU,,,,False,False,ok,,C,0.3,n_a,,,False,,specification
PROTO-007,I2C,I2C,protocols,,serial_bus,,100/400/3400 KHz,,,,,,sensor; EEPROM; display; IMU,,almost_all_MCU,,,,False,False,ok,,C,0.3,n_a,,,False,,specification
PROTO-008,SPI,SPI,protocols,,serial_bus,,up to 80 MHz,,,,,,display; ADC/DAC; flash; IMU,,almost_all_MCU,,,,False,False,ok,,C,0.3,n_a,,,False,,specification
PROTO-009,TSN (Time-Sensitive Networking),TSN (Time-Sensitive Networking),protocols,,industrial_ethernet,,1 Gbps,,,,,,industrial_robot; autonomous_vehicle; motion_control,,TSN-aware switches; Intel TSN; NXP TSN,,,,False,False,ok,具名标准：IEEE 802.1（未逐条核验原文）,B,0.55,n_a,,,False,,specification
PROTO-010,OPC-UA,OPC-UA,protocols,,industrial_protocol,,depends on transport,,,,,,factory_automation; SCADA; industrial_iot,,Siemens; Beckhoff; any OPC-UA server,,,,False,False,ok,具名标准：IEC 62541（未逐条核验原文）,B,0.55,n_a,,,False,,specification
PROTO-011,CAN FD,CAN FD,protocols,,fieldbus,,5 Mbps (data phase),,,,,,automotive; motor_control; mobile_robot,,STM32 with CAN-FD; NXP; Infineon,,,,False,False,ok,具名标准：ISO 11898-1（未逐条核验原文）,B,0.55,n_a,,,False,,specification
PROTO-012,Modbus TCP/RTU,Modbus TCP/RTU,protocols,,industrial_protocol,,100 Mbps (TCP) / 115Kbps (RTU),,,,,,plc_communication; sensor_network; industrial,,almost_all_PLC; industrial_devices,,,,False,False,ok,官方页面（未证实）：https://www.modbus.org/specs.php,A,0.55,n_a,,,False,,specification
PROTO-013,SOME/IP,SOME/IP,protocols,,automotive_middleware,,depends on transport,,,,,,autonomous_driving; automotive_robot; ADAS,,AUTOSAR stacks; vector_tools,,,,True,False,ok,官方页面：https://some-ip.com/,A,0.88,n_a,,,False,,specification
PROTO-014,USB 3.x,USB 3.x,protocols,,serial_bus,,5-20 Gbps,,,,,,camera; sensor_hub; debug; data_transfer,,almost_all_devices,,,,False,False,ok,,C,0.3,n_a,,,False,,specification
PROTO-015,MIPI CSI-2/3,MIPI CSI-2/3,protocols,,camera_interface,,1-8 Gbps per lane,,,,,,camera_sensor; vision_system; robot_perception,,Jetson; RPi; Qualcomm; NXP,,,,False,False,ok,,C,0.3,n_a,,,False,,specification
PROTO-016,Ethernet/IP,Ethernet/IP,protocols,,industrial_ethernet,,100 Mbps - 1 Gbps,,,,,,factory_automation; robot_controller; PLC,,Rockwell; Omron; any CIP device,,,,False,False,ok,具名标准：ODVA/IEC 61158（未逐条核验原文）,B,0.55,n_a,,,False,,specification
PROTO-017,IO-Link,IO-Link,protocols,,sensor_actuator,,230.4 Kbps,,,,,,smart_sensor; actuator; industrial_io,,IO-Link master; smart_sensors,,,,False,False,ok,具名标准：IEC 61131-9（未逐条核验原文）,B,0.55,n_a,,,False,,specification
PROTO-018,Wireless (WiFi 6/7),Wireless (WiFi 6/7),protocols,,wireless,,1-46 Gbps,,,,,,mobile_robot; AMR; drone; teleoperation,,WiFi adapters; Intel; Qualcomm,,,,False,False,ok,具名标准：IEEE 802.11ax/be（未逐条核验原文）,B,0.55,n_a,,,False,,specification
PROTO-019,Bluetooth 5.x / BLE,Bluetooth 5.x / BLE,protocols,,wireless,,2 Mbps (BLE),,,,,,sensor_node; beacon; remote_control; iot_robot,,ESP32; nRF52; almost_all_mobile,,,,True,False,ok,官方页面：https://www.bluetooth.com/specifications/,A,0.88,n_a,,,False,,specification
PROTO-020,SBus (Futaba),SBus (Futaba),protocols,,rc_protocol,,100 Kbps,,,,,,drone; rc_vehicle; hobby_robot,,Futaba receivers; SBus adapters,,,,False,False,ok,,C,0.3,n_a,,,False,,specification
PROTO-021,MAVLink,MAVLink,protocols,,drone_protocol,,depends on transport,,,,,,drone; UAV; UGV; autonomous_vehicle,,PX4; ArduPilot; QGroundControl,,,,True,False,ok,官方页面：https://mavlink.io/en/,A,0.88,n_a,,,False,,specification
PROTO-023,OPC UA over TSN,OPC UA over TSN,protocols,,industrial_protocol,,1 Gbps,,,,,,industrial_robot; smart_factory; humanoid,,Siemens; Beckhoff; any OPC UA device,,,,False,False,ok,官方页面（未证实）：https://opcfoundation.org/about/opc-technologies/opc-ua/,A,0.55,n_a,,,False,,specification
PROTO-024,Matter,Matter,protocols,,iot_protocol,,depends on transport,,,,,,home_robot; smart_home; iot,,Apple HomeKit; Google Home; Amazon Alexa,,,,False,False,ok,官方页面（未证实）：https://csa-iot.org/all-solutions/matter/,A,0.55,n_a,,,False,,specification
PROTO-025,UWB (Ultra-Wideband),UWB (Ultra-Wideband),protocols,,positioning_protocol,,low data,,,,,,robot_positioning; indoor_localization; humanoid,,Apple U1; Decawave DW1000,,,,False,False,ok,具名标准：IEEE 802.15.4z（未逐条核验原文）,B,0.55,n_a,,,False,,specification
PROTO-026,NB-IoT,NB-IoT,protocols,,cellular_iot,,<200 kbps,,,,,,fleet_robot; remote_monitoring; agricultural_robot,,any NB-IoT module,,,,False,False,ok,,C,0.3,n_a,,,False,,specification
PROTO-027,Wireless IIoT (5G NR),Wireless IIoT (5G NR),protocols,,cellular_industrial,,1-10 Gbps,,,,,,industrial_robot; humanoid; AGV; teleoperation,,5G NR modules; industrial_5G_gateways,,,,False,False,ok,,C,0.3,n_a,,,False,,specification
PROTO-028,PROFINET over TSN,PROFINET over TSN,protocols,,industrial_ethernet,,1 Gbps,,,,,,industrial_robot; smart_factory; motion_control,,Siemens; any PROFINET device,,,,True,False,ok,官方页面：https://www.profibus.com/technology/profinet/,A,0.88,n_a,,,False,,specification
PROTO-029,EtherCAT over TSN,EtherCAT over TSN,protocols,,industrial_ethernet,,1 Gbps,,,,,,industrial_robot; humanoid; motion_control,,Beckhoff; any EtherCAT device,,,,False,False,ok,官方页面（未证实）：https://www.ethercat.org/,B,0.58,n_a,,,False,,specification
PROTO-030,DDS-XRCE (DDS for Resource-Constrained),DDS-XRCE (DDS for Resource-Constrained),protocols,,middleware,,depends on transport,,,,,,humanoid; drone; embedded_robot,,eProsima; RTI; any DDS-XRCE implementation,,,,False,False,ok,,C,0.3,n_a,,,False,,specification
PROTO-031,Adaptive Protocol (AI-driven),Adaptive Protocol (AI-driven),protocols,,adaptive_protocol,,adaptive,,,,,,humanoid; adaptive_robot; AI_robot,,research_platforms,,,,False,False,ok,,C,0.3,n_a,,,False,,specification
PROTO-032,Embodied AI Robot Communication Network,Embodied AI Robot Communication Network,protocols,,embodied_ai_network,,multi-Gbps,,,,,,humanoid; embodied_ai; smart_factory,,Chinese and international chip/module vendors,,,,False,False,ok,,C,0.3,n_a,,,False,,specification
PROTO-033,FlexxBotics Protocol,FlexxBotics Protocol,protocols,,robot_management,,varies,,,,,,industrial_robot; humanoid; smart_factory,,major_robot_brands,,,,False,False,ok,,C,0.3,n_a,,,False,,specification
PROTO-034,ROS2 over Zenoh,ROS2 over Zenoh,protocols,,middleware,,depends on transport,,,,,,robot_software; multi_robot; edge_cloud,,ROS2 Humble/Jazzy; Zenoh router,,,,True,False,ok,web aggregation (credibility A),C,0.72,n_a,,,True,True,specification
PROTO-035,Matter over Thread 1.4,Matter over Thread 1.4,protocols,,iot_protocol,,250 Kbps (Thread),,,,,,home_robot; smart_home; service_robot,,Apple HomeKit; Google Home; Amazon Alexa; Samsung SmartThings,,,,True,False,ok,web aggregation (credibility A),C,0.72,n_a,,,False,,specification
PROTO-036,Wi-Fi 7 (802.11be),Wi-Fi 7 (802.11be),protocols,,wireless,,up to 46 Gbps,,,,,,mobile_robot; AMR; teleoperation; humanoid,,Intel BE200; Qualcomm FastConnect 7800; MediaTek Filogic,,,,True,False,ok,web aggregation (credibility A),B,0.72,n_a,,,False,,specification
PROTO-040,Embodied AI Robot Comm Network,Embodied AI Robot Comm Network,protocols,,embodied_ai_network,,multi-Gbps,,,,,,humanoid; embodied_ai; smart_factory,,Chinese and international chip/module vendors,,,,True,False,ok,web aggregation (credibility B),C,0.62,n_a,,,False,,specification
PROTO-041,DDS-TSN Integration,DDS-TSN Integration,protocols,,middleware,,1 Gbps,,,,,,industrial_robot; humanoid; autonomous_vehicle,,RTI Connext; eProsima FastDDS; TSN switches,,,,True,False,ok,web aggregation (credibility A),B,0.72,n_a,,,False,,specification
PROTO-042,IEEE RoboCom 2026,IEEE RoboCom 2026,protocols,,workshop_standard,,,,,,,,,,,,,,True,False,ok,web_search_2026,C,0.6,n_a,,,False,,specification
PROTO-043,ROBOCOMM,ROBOCOMM,protocols,,conference_standard,,,,,,,,,,,,,,True,False,ok,web_search_2026,C,0.6,n_a,,,False,,specification
PROTO-044,EtherCAT over TSN v2,EtherCAT over TSN v2,protocols,,industrial_ethernet,,,,,,,,,,,,,,True,False,ok,web_search_2026,C,0.6,n_a,,,False,,specification
PROTO-045,CAN XL,CAN XL,protocols,,fieldbus,,,,,,,,,,,,,,True,False,ok,web_search_2026,C,0.6,n_a,,,False,,specification
PROTO-046,6G NR for Robotics,6G NR for Robotics,protocols,,wireless,,,,,,,,,,,,,,True,False,ok,web_search_2026,C,0.6,n_a,,,False,,specification
rproto-i3c,I3C (MIPI),I3C (MIPI),protocols,,sensor_communication,,,,,,,,,,,,,,True,False,ok,web aggregation (credibility B),C,0.62,n_a,,,False,,specification
rproto-opcua-dds-gateway,OPC UA/DDS Gateway Standard,OPC UA/DDS Gateway Standard,protocols,,interoperability,,,,,,,,,,,,,,True,False,ok,web aggregation (credibility A),C,0.72,n_a,,,False,,specification
rproto-5g-nr-urllc,5G NR URLLC,5G NR URLLC,protocols,,,,,,,,,,,,,,,,True,False,ok,linkedin.com (URL 引用),B,0.6,n_a,,,False,,specification
rproto-can-xl-v2,CAN XL v2,CAN XL v2,protocols,,bus_protocol,,,,,,,,,,,,,,True,False,ok,web aggregation (credibility B),C,0.62,n_a,,,False,,specification
rproto-wifi7-mlo,Wi-Fi 7 MLO,Wi-Fi 7 MLO,protocols,,,,,,,,,,,,,,,,True,False,ok,linkedin.com (URL 引用),B,0.6,n_a,,,False,,specification
rproto-ethercat-g,EtherCAT G,EtherCAT G,protocols,,,,,,,,,,,,,,,,True,False,ok,linkedin.com (URL 引用),B,0.6,n_a,,,False,,specification
rproto-thread-14,Thread 1.4 Mesh Protocol,Thread 1.4 Mesh Protocol,protocols,,mesh_networking,,,,,,,,,,,,,,True,False,ok,web aggregation (credibility B),C,0.62,n_a,,,False,,specification
rproto-ieee8021-tsn-profile,IEEE 802.1 TSN Profile for Robotics,IEEE 802.1 TSN Profile for Robotics,protocols,,tsn_standard,,,,,,,,,,,,,,True,False,ok,web aggregation (credibility A),C,0.72,n_a,,,False,,specification
rproto-robot-comm-electronics,Robot Communication Electronics Standard,Robot Communication Electronics Standard,protocols,,communication_standard,,,,,,,,,,,,,,True,False,ok,web aggregation (credibility B),C,0.62,n_a,,,False,,specification
rproto-delft-comm,DelftX Robot Communication Protocol,DelftX Robot Communication Protocol,protocols,,educational_standard,,,,,,,,,,,,,,True,False,ok,web aggregation (credibility B),C,0.62,n_a,,,False,,specification
rproto-zenoh-flow,Zenoh-Flow,Zenoh-Flow,protocols,,data_flow_framework,,,,,,,,,,,,,,True,False,ok,web aggregation (credibility B),C,0.62,n_a,,,False,,specification
rproto-robotcore,ROBOTCORE,ROBOTCORE,protocols,,hardware_acceleration,,,,,,,,,,,,,,True,False,ok,web aggregation (credibility B),C,0.62,n_a,,,True,True,specification
rproto-cyclonedds,Cyclone DDS,Cyclone DDS,protocols,,dds_implementation,,,,,,,,,,,,,,True,False,ok,web aggregation (credibility B),C,0.62,n_a,,,True,True,specification
rproto-thread-1.4,Thread 1.4,Thread 1.4,protocols,,,,,,,,,,,,,,,,True,False,ok,thinkrobotics.com (URL 引用),B,0.6,n_a,,,False,,specification
PROTOCOL-a1b2c3,VLA,VLA,protocols,,智能协议,,,,,,,,,,,,,,False,True,placeholder_id,,C,0.3,n_a,,,False,,specification
PROTOCOL-d4e5f6,CE机械安全认证,CE Machinery Safety Certification,protocols,,安全协议,,,,,,,,,,,,,,False,True,non_entity,,C,0.3,n_a,,,False,,market_intelligence
PROTOCOL-g7h8i9,TC591,TC591,protocols,,标准化协议,,,,,,,,,,,,,,False,True,non_entity,,C,0.3,n_a,,,False,,market_intelligence
PROTOCOL-j0k1l2,48V-300VDC,48V-300VDC,protocols,,电气协议,,,,,,,,,,,,,,False,True,non_entity,,C,0.3,n_a,,,False,,market_intelligence
PROTOCOL-m3n4o5,IP55,IP55,protocols,,防护协议,,,,,,,,,,,,,,False,True,non_entity,,C,0.3,n_a,,,False,,market_intelligence
PROTOCOL-p6q7r8,通讯协议全覆盖,Full Communication Protocol Coverage,protocols,,通信协议,,,,,,,,,,,,,,False,True,non_entity,,C,0.3,n_a,,,False,,market_intelligence
PROTOCOL-s9t0u1,IP55防护协议,IP55 Protection Protocol,protocols,,防护标准,,,,,,,,,,,,,,False,True,non_entity,,C,0.3,n_a,,,False,,market_intelligence
PROTOCOL-v2w3x4,系列化标准协议,Serialized Standard Protocol,protocols,,产品标准,,,,,,,,,,,,,,False,True,non_entity,,C,0.3,n_a,,,False,,market_intelligence
SENS-001,LiDAR (Light Detection and Ranging),LiDAR (Light Detection and Ranging),sensors,"Velodyne (Ouster), Luminar, Hesai, Livox, Innoviz",3D depth sensing,,,,,,,,,,,,,,True,False,ok,ATI Industrial Automation Official,C,0.9,not_declared,unknown,,False,,component
SENS-002,Event Camera (Neuromorphic Vision),Event Camera (Neuromorphic Vision),sensors,"Prophesee (Metavision), iniVation (DAVIS), CelePixel",Vision sensor,,,,,,,,,,,,,,False,False,ok,Public Specification / Community Aggregation,C,0.55,not_declared,unknown,,False,,component
SENS-003,Tactile Sensor (GelSight),Tactile Sensor (GelSight),sensors,"GelSight (MIT spinoff), SynTouch, Pressure Profile Systems",Touch sensing,,,,,,,,,,,,,,True,False,ok,ATI Industrial Automation Official,C,0.9,not_declared,unknown,,False,,component
SENS-004,IMU (Inertial Measurement Unit),IMU (Inertial Measurement Unit),sensors,"Bosch, InvenSense (TDK), STMicroelectronics, Analog Devices",Motion sensing,,,,,,,,,,,,,,True,False,ok,ATI Industrial Automation Official,C,0.9,not_declared,unknown,,False,,component
SENS-005,Force/Torque Sensor,Force/Torque Sensor,sensors,"ATI Industrial Automation, OnRobot, SCHUNK, ME-Meßsysteme",Force sensing,,,,,,,,,,,,,,False,False,ok,Public Specification / Community Aggregation,C,0.55,not_declared,unknown,,False,,component
SENS-006,XELA uSkin 3-Axis Tactile Sensor,XELA uSkin 3-Axis Tactile Sensor,sensors,XELA Robotics,Tactile sensing (3-axis),,,,,,,,,,,,,,True,False,ok,Intel Official,C,0.9,not_declared,unknown,,False,,component
SENS-007,Robotiq TSF-85 Tactile Sensor Fingertips,Robotiq TSF-85 Tactile Sensor Fingertips,sensors,Robotiq,Tactile sensing (multimodal),,,,,,,,,,,,,,True,False,ok,NVIDIA Official Documentation,B,0.9,not_declared,unknown,,False,,component
SENS-008,Tactile Foundation Model Sensor Suite,Tactile Foundation Model Sensor Suite,sensors,"Multiple (Meta AI Research, XELA, academic labs)",AI-powered tactile perception system,,,,,,,,,,,,,,True,False,ok,ATI Industrial Automation Official,C,0.9,not_declared,unknown,,False,,component
SENS-009,Bioinspired Flexible Tactile Sensor,Bioinspired Flexible Tactile Sensor,sensors,Academic research (ACS Applied Materials & Interfaces 2025),Flexible/soft tactile sensor,,,,,,,,,,,,,,False,False,ok,Public Specification / Community Aggregation,C,0.55,not_declared,unknown,,False,,component
SENS-tesla-optimus-g3-suite,Tesla Optimus Gen 3 Sensor Suite,Tesla Optimus Gen 3 Sensor Suite,sensors,Tesla,Multi-modal robot sensor system,,,,,,,,,,,,,,True,False,ok,ATI Industrial Automation Official,C,0.9,not_declared,unknown,,False,,component
SENS-unitree-g1-lidar,Unitree G1 Perception System (3D LiDAR + Depth Camera),Unitree G1 Perception System (3D LiDAR + Depth Camera),sensors,Unitree Robotics (China),Robot perception sensor suite,,,,,,,,,,,,,,True,False,ok,ATI Industrial Automation Official,C,0.9,not_declared,unknown,,False,,component
SENS-unitree-h1-360depth,Unitree H1 360° Depth Perception System,Unitree H1 360° Depth Perception System,sensors,Unitree Robotics (China),Multi-modal depth sensing system,,,,,,,,,,,,,,True,False,ok,ATI Industrial Automation Official,C,0.9,not_declared,unknown,,False,,component
SENS-13,High-Res LiDAR Unit V2,High-Res LiDAR Unit V2,sensors,,LiDAR,,,,,,,,,,,,,,True,False,ok,ATI Industrial Automation Official,C,0.9,not_declared,unknown,,False,,component
SENS-14,9-Axis IMU Fusion Module,9-Axis IMU Fusion Module,sensors,,IMU,,,,,,,,,,,,,,True,False,ok,ATI Industrial Automation Official,C,0.9,not_declared,unknown,,False,,component
SENS-15,Pan-Tilt-Zoom Optical Camera,Pan-Tilt-Zoom Optical Camera,sensors,,Camera,,,,,,,,,,,,,,False,False,ok,Public Specification / Community Aggregation,C,0.55,not_declared,unknown,,False,,component
SENS-16,Multi-Spectral Vision Array,Multi-Spectral Vision Array,sensors,,Camera,,,,,,,,,,,,,,False,False,ok,Public Specification / Community Aggregation,C,0.55,not_declared,unknown,,False,,component
SENS-17,Electro-Active Tactile Skin,Electro-Active Tactile Skin,sensors,,Tactile,,,,,,,,,,,,,,True,False,ok,ATI Industrial Automation Official,C,0.9,not_declared,unknown,,False,,component
SENS-18,Gripper Contact Array,Gripper Contact Array,sensors,,Tactile,,,,,,,,,,,,,,True,False,ok,ATI Industrial Automation Official,C,0.9,not_declared,unknown,,False,,component
SENS-19,Wide-Angle Ultrasonic Array,Wide-Angle Ultrasonic Array,sensors,,Ultrasonic,,,,,,,,,,,,,,False,False,ok,Public Specification / Community Aggregation,C,0.55,not_declared,unknown,,False,,component
SENS-20,6-Axis Force-Torque Sensor,6-Axis Force-Torque Sensor,sensors,,Force Torque,,,,,,,,,,,,,,False,False,ok,Public Specification / Community Aggregation,C,0.55,not_declared,unknown,,False,,component
SENS-21,Solid-State LiDAR Scanner,Solid-State LiDAR Scanner,sensors,,LiDAR,,,,,,,,,,,,,,True,False,ok,ATI Industrial Automation Official,C,0.9,not_declared,unknown,,False,,component
SENS-22,Laser Vibrometer,Laser Vibrometer,sensors,,Ultrasonic,,,,,,,,,,,,,,True,False,ok,ATI Industrial Automation Official,C,0.9,not_declared,unknown,,False,,component
SENS-23,Event-Based Vision Sensor,Event-Based Vision Sensor,sensors,,Camera,,,,,,,,,,,,,,False,False,ok,Public Specification / Community Aggregation,C,0.55,not_declared,unknown,,False,,component
SENS-24,3D Tactile Digit,3D Tactile Digit,sensors,,Tactile,,,,,,,,,,,,,,False,False,ok,Public Specification / Community Aggregation,C,0.55,not_declared,unknown,,False,,component
SENS-25,3D Time-of-Flight Camera,3D Time-of-Flight Camera,sensors,,Camera,,,,,,,,,,,,,,True,False,ok,ATI Industrial Automation Official,C,0.9,not_declared,unknown,,False,,component
SENS-26,Microphone Array,Microphone Array,sensors,,Ultrasonic,,,,,,,,,,,,,,True,False,ok,ATI Industrial Automation Official,C,0.9,not_declared,unknown,,False,,component
SENS-27,Strain-Gauge Torque Sensor,Strain-Gauge Torque Sensor,sensors,,Force Torque,,,,,,,,,,,,,,False,False,ok,Public Specification / Community Aggregation,C,0.55,not_declared,unknown,,False,,component
SENS-28,Velodyne VLP-32C LiDAR,Velodyne VLP-32C LiDAR,sensors,,LiDAR,,,,,,,,,,,,,,True,False,ok,ATI Industrial Automation Official,C,0.9,not_declared,unknown,,False,,component
SENS-29,Xsens MTi-300 IMU,Xsens MTi-300 IMU,sensors,,IMU,,,,,,,,,,,,,,True,False,ok,ATI Industrial Automation Official,C,0.9,not_declared,unknown,,False,,component
SENS-30,Intel RealSense D435i Camera,Intel RealSense D435i Camera,sensors,,Camera,,,,,,,,,,,,,,True,False,ok,Intel Official,C,0.9,not_declared,unknown,,False,,component
SENS-31,Robotiq FT 300 Force-Torque Sensor,Robotiq FT 300 Force-Torque Sensor,sensors,,Force-Torque,,,,,,,,,,,,,,True,False,ok,Robotiq 官方产品手册（FT 300-S Instruction Manual，含耦合件 PCD/螺纹清单）：https://assets.robotiq.com/website-assets/support_documents/document/FT300-S_Sensor_Manual_OMRON_TM_PDF_20210301.pdf,A,0.92,declared,flange_mount,"['ISO 9409-1-50-4-M6', 'ISO 9409-1-31.5-4-M5', 'ISO 9409-1-40-4-M6']",False,,component
SENS-32,MaxBotix MB7066 Ultrasonic Sensor,MaxBotix MB7066 Ultrasonic Sensor,sensors,,Ultrasonic,,,,,,,,,,,,,,True,False,ok,ATI Industrial Automation Official,C,0.9,not_declared,unknown,,False,,component
SENS-33,SynTouch BioTac Tactile Sensor,SynTouch BioTac Tactile Sensor,sensors,,Tactile,,,,,,,,,,,,,,True,False,ok,ATI Industrial Automation Official,C,0.9,not_declared,unknown,,False,,component
SENS-34,Ouster OS1-64 LiDAR,Ouster OS1-64 LiDAR,sensors,,LiDAR,,,,,,,,,,,,,,False,False,ok,Public Specification / Community Aggregation,C,0.55,not_declared,unknown,,False,,component
SENS-35,Bosch BNO055 IMU,Bosch BNO055 IMU,sensors,,IMU,,,,,,,,,,,,,,True,False,ok,ATI Industrial Automation Official,C,0.9,not_declared,unknown,,False,,component
SENS-36,FLIR Blackfly S Camera,FLIR Blackfly S Camera,sensors,,Camera,,,,,,,,,,,,,,True,False,ok,ATI Industrial Automation Official,C,0.9,not_declared,unknown,,False,,component
SENS-37,ATI Mini45 Force-Torque Sensor,ATI Mini45 Force-Torque Sensor,sensors,,Force-Torque,,,,,,,,,,,,,,True,False,ok,ATI Industrial Automation Official,C,0.9,not_declared,unknown,,False,,component
SENS-38,HC-SR04 Ultrasonic Sensor,HC-SR04 Ultrasonic Sensor,sensors,,Ultrasonic,,,,,,,,,,,,,,True,False,ok,ATI Industrial Automation Official,C,0.9,not_declared,unknown,,False,,component
SENS-39,Optoforce Tactile Sensor Array,Optoforce Tactile Sensor Array,sensors,,Tactile,,,,,,,,,,,,,,False,False,ok,ROS Wiki / Open Source Community,C,0.55,not_declared,unknown,,False,,component
SENS-40,Livox Horizon LiDAR,Livox Horizon LiDAR,sensors,,LiDAR,,,,,,,,,,,,,,True,False,ok,ATI Industrial Automation Official,C,0.9,not_declared,unknown,,False,,component
SENS-41,Sony IMX477 Camera Module,Sony IMX477 Camera Module,sensors,,Camera,,,,,,,,,,,,,,False,False,ok,Public Specification / Community Aggregation,C,0.55,not_declared,unknown,,False,,component
SENS-42,ATI Nano17 Force-Torque Sensor,ATI Nano17 Force-Torque Sensor,sensors,,Force-Torque,,,,,,,,,,,,,,True,False,ok,ATI Industrial Automation Official,C,0.9,not_declared,unknown,,False,,component
sensor-ft-001,ATI Nano43 六维力/力矩传感器,ATI Nano43 6-Axis Force/Torque Sensor,sensors,,力/力矩传感器,,,,,,,,,$3000-5000,,,,,True,False,ok,ATI Industrial Automation Official,B,0.9,not_declared,unknown,,False,,component
sensor-ft-002,坤维 KWR46B 六维力传感器,Kunwei KWR46B 6-Axis Force Sensor,sensors,,力/力矩传感器,,,,,,,,,$2000-4000,,,,,True,False,ok,坤维科技 Official,C,0.9,not_declared,unknown,,False,,component
sensor-tactile-001,SynTouch BioTac 仿生触觉传感器,SynTouch BioTac Bio-inspired Tactile Sensor,sensors,,仿生触觉,,,,,,,,,$5000-8000,,,,,True,False,ok,SynTouch LLC Official,B,0.9,not_declared,unknown,,False,,component
sensor-imu-001,Xsens MTi-30 惯性测量单元,Xsens MTi-30 Inertial Measurement Unit,sensors,,惯性测量单元,,,,,,,,,$1000-2000,,,,,True,False,ok,Xsens (Movella) Official,B,0.9,not_declared,unknown,,False,,component
SENS-047,ATI Mini40 六轴力/力矩传感器,ATI Mini40 Force-Torque Sensor,sensors,ATI Industrial Automation (Novanta),Force-Torque,,,,,,,,,,,,,,True,False,ok,Web Research,C,0.9,not_declared,unknown,,False,,component
SENS-048,ATI Mini45 六轴力/力矩传感器,ATI Mini45 Force-Torque Sensor,sensors,ATI Industrial Automation (Novanta),Force-Torque,,,,,,,,,,,,,,True,False,ok,Web Research,C,0.9,not_declared,unknown,,False,,component
SENS-049,OnRobot HEX-E 六轴力/力矩传感器,OnRobot HEX-E Force-Torque Sensor,sensors,OnRobot,Force-Torque,,,,,,,,,,,,,,True,False,ok,Web Research,C,0.9,not_declared,unknown,,False,,component
SENS-050,Bota Systems MiniONE 六轴力传感器,Bota Systems MiniONE Force-Torque Sensor,sensors,Bota Systems,Force-Torque,,,,,,,,,,,,,,True,False,ok,Web Research,C,0.9,not_declared,unknown,,False,,component
SENS-051,蓝点触控六维力传感器,LinkTouch 6-Axis Force/Torque Sensor,sensors,蓝点触控 (LinkTouch),Force-Torque,,,,,,,,,,,,,,False,False,ok,Web Research,C,0.55,not_declared,unknown,,False,,component
SENS-052,宇立仪器 M4313SXX 多轴力传感器,Sunrise SRI M4313SXX Multi-Axis Force Sensor,sensors,宇立仪器 (Sunrise SRI),Force-Torque,,,,,,,,,,,,,,True,False,ok,Web Research,C,0.9,not_declared,unknown,,False,,component
SENS-053,GelSight Mini 视触觉传感器,GelSight Mini Vision-Based Tactile Sensor,sensors,GelSight Inc. (MIT),Tactile,,,,,,,,,,,,,,True,False,ok,Web Research,C,0.9,not_declared,unknown,,False,,component
SENS-054,Meta DIGIT 视触觉传感器,Meta DIGIT Vision-Based Tactile Sensor,sensors,Meta AI Research,Tactile,,,,,,,,,,,,,,True,False,ok,Web Research,C,0.9,not_declared,unknown,,False,,component
SENS-055,TacTip 仿生光学触觉传感器,TacTip Bio-inspired Optical Tactile Sensor,sensors,Bristol Robotics Laboratory,Tactile,,,,,,,,,,,,,,False,False,ok,Web Research,C,0.55,not_declared,unknown,,False,,component
SENS-056,SynTouch BioTac 仿生触觉传感器,SynTouch BioTac Biomimetic Tactile Sensor,sensors,SynTouch LLC,Tactile,,,,,,,,,,,,,,True,False,ok,Web Research,C,0.9,not_declared,unknown,,False,,component
SENS-057,戴盟机器人 DM-Tac W2 视触觉传感器,Daimon Robotics DM-Tac W2 Tactile Sensor,sensors,戴盟机器人 (Daimon Robotics),Tactile,,,,,,,,,,,,,,True,False,ok,Web Research,C,0.9,not_declared,unknown,,False,,component
SENS-058,帕西尼 PX-6AX 多维触觉传感器,PaXini PX-6AX Multi-Dimensional Tactile Sensor,sensors,帕西尼感知科技 (PaXini),Tactile,,,,,,,,,,,,,,False,False,ok,Web Research,C,0.55,not_declared,unknown,,False,,component
SENS-059,Tekscan I-Scan 压力分布传感器,Tekscan I-Scan Pressure Mapping System,sensors,Tekscan,Pressure Distribution,,,,,,,,,,,,,,True,False,ok,Web Research,C,0.9,not_declared,unknown,,False,,component
SENS-060,PPS TactArray 触觉压力分布传感器,PPS TactArray Pressure Distribution Sensor,sensors,Pressure Profile Systems (PPS),Pressure Distribution,,,,,,,,,,,,,,True,False,ok,Web Research,C,0.9,not_declared,unknown,,False,,component
SENS-061,汉威/能斯达 ZNS-01 柔性电子皮肤,Hanwei/Nexsense ZNS-01 Flexible Electronic Skin,sensors,汉威科技/能斯达电子,Electronic Skin,,,,,,,,,,,,,,True,False,ok,Web Research,C,0.9,not_declared,unknown,,False,,component
SENS-062,他山科技 SNN触觉芯片,Tashan Tech SNN Tactile Chip,sensors,他山科技 (清华系),Electronic Skin,,,,,,,,,,,,,,False,False,ok,Web Research,C,0.55,not_declared,unknown,,False,,component
RPLAT-001,Boston Dynamics Atlas,Boston Dynamics Atlas,platforms,Boston Dynamics (Hyundai),Humanoid robot platform,,,,,,,,,,,,,,True,False,ok,官方页面：https://bostondynamics.com/atlas/,A,0.88,not_declared,unknown,,False,,component
RPLAT-002,Tesla Optimus (Bot),Tesla Optimus (Bot),platforms,Tesla,Humanoid robot platform,,,,,,,,,,,,,,False,False,ok,厂商目录声明值：Tesla（无原始链接，未核验）,B,0.5,not_declared,unknown,,False,,component
RPLAT-003,Figure 02,Figure 02,platforms,Figure AI,Humanoid robot platform,,,,,,,,,,,,,,False,False,ok,厂商目录声明值：Figure AI（无原始链接，未核验）,B,0.5,not_declared,unknown,,False,,component
RPLAT-004,Unitree G1/H1,Unitree G1/H1,platforms,Unitree Robotics,Humanoid robot platform,,,,,,,,,,,,,,True,False,ok,官方页面：https://www.unitree.com/g1,A,0.88,not_declared,unknown,,False,,component
RPLAT-005,ANYmal (ANYbotics),ANYmal (ANYbotics),platforms,ANYbotics (ETH Zurich spinoff),Quadruped robot platform,,,,,,,,,,,,,,True,False,ok,官方页面：https://www.anybotics.com/robotics/anymal/,A,0.88,not_declared,unknown,,False,,component
RPLAT-006,DJI Matrice 350 RTK,DJI Matrice 350 RTK,platforms,DJI,Aerial robot platform,,,,,,,,,,,,,,True,False,ok,官方页面：https://enterprise.dji.com/matrice-350-rtk,A,0.88,not_declared,unknown,,False,,component
RPLAT-007,Figure 03,Figure 03,platforms,Figure AI,General-purpose humanoid robot,,,,,,,,,N/A (commercial),,,,,False,False,ok,厂商目录声明值：Figure AI（无原始链接，未核验）,B,0.5,not_declared,unknown,,False,,component
RPLAT-008,Embodied Tien Kung 3.0,Embodied Tien Kung 3.0,platforms,X-Humanoid,Full-size general-purpose humanoid robot,,,,,,,,,N/A,,,,,False,False,ok,,C,0.3,not_declared,unknown,,False,,component
RPLAT-009,Tesla Optimus Gen 3,Tesla Optimus Gen 3,platforms,Tesla,General-purpose humanoid robot,,,,,,,,,N/A (targeting affordable),,,,,False,True,duplicate,厂商目录声明值：Tesla（无原始链接，未核验）,B,0.5,not_declared,unknown,,False,,component
RPLAT-010,Tesla Optimus Gen 3,Tesla Optimus Gen 3,platforms,Tesla,General-purpose humanoid robot,,,,,,,,,Targeting affordable (mass production),,,,,False,False,ok,厂商目录声明值：Tesla（无原始链接，未核验）,B,0.5,not_declared,unknown,,False,,component
RPLAT-011,EngineAI T800 Humanoid Robot,EngineAI T800 Humanoid Robot,platforms,EngineAI (China),Full-size general-purpose humanoid robot,,,,,,,,,N/A,,,,,False,False,ok,厂商目录声明值：EngineAI (China)（无原始链接，未核验）,B,0.5,not_declared,unknown,,False,,component
RPLAT-012,Unitree G1 Humanoid Robot,Unitree G1 Humanoid Robot,platforms,Unitree Robotics (China),Compact humanoid robot (AI avatar),,,,,,,,,"From $13,500",,,,,False,False,ok,厂商目录声明值：Unitree Robotics (China)（无原始链接，未核验）,B,0.5,not_declared,unknown,,False,,component
RPLAT-013,Unitree H1 Humanoid Robot,Unitree H1 Humanoid Robot,platforms,Unitree Robotics (China),Full-size humanoid robot,,,,,,,,,N/A,,,,,False,False,ok,厂商目录声明值：Unitree Robotics (China)（无原始链接，未核验）,B,0.5,not_declared,unknown,,False,,component
RPLAT-014,NVIDIA Isaac GR00T Reference Humanoid Robot,NVIDIA Isaac GR00T Reference Humanoid Robot,platforms,NVIDIA (with Unitree),Open humanoid robot reference design,,,,,,,,,N/A (reference design),,,,,True,False,ok,官方页面：https://developer.nvidia.com/isaac/gr00t,A,0.88,not_declared,unknown,,False,,component
PLATFORM-abc123,Figure AI,Figure AI,platforms,Figure AI,人形机器人公司,,,,,,,,,,,,,,False,True,placeholder_id,,C,0.3,n_a,,,False,,organization
PLATFORM-def456,Agility Robotics,Agility Robotics,platforms,Agility Robotics,人形机器人公司,,,,,,,,,,,,,,False,True,placeholder_id,,C,0.3,n_a,,,False,,organization
PLATFORM-ghi789,特斯拉,Tesla,platforms,特斯拉,人形机器人公司,,,,,,,,,,,,,,False,True,placeholder_id,,C,0.3,n_a,,,False,,organization
PLATFORM-jkl012,波士顿动力,Boston Dynamics,platforms,波士顿动力,人形机器人公司,,,,,,,,,,,,,,False,True,placeholder_id,,C,0.3,n_a,,,False,,organization
PLATFORM-mno345,Apptronik,Apptronik,platforms,Apptronik,人形机器人公司,,,,,,,,,,,,,,False,True,placeholder_id,,C,0.3,n_a,,,False,,organization
PLATFORM-pqr678,1X Technologies,1X Technologies,platforms,1X Technologies,人形机器人公司,,,,,,,,,,,,,,False,True,placeholder_id,,C,0.3,n_a,,,False,,organization
PLATFORM-stu901,Unitree Robotics,Unitree Robotics,platforms,Unitree Robotics,人形机器人公司,,,,,,,,,,,,,,False,True,placeholder_id,,C,0.3,n_a,,,False,,organization
PLATFORM-vwx234,AgiBot,AgiBot,platforms,AgiBot,人形机器人公司,,,,,,,,,,,,,,False,True,placeholder_id,,C,0.3,n_a,,,False,,organization
PLATFORM-yza567,优傲机器人,Universal Robots,platforms,优傲机器人,机器人公司,,,,,,,,,,,,,,False,True,placeholder_id,,C,0.3,n_a,,,False,,organization
FA-001,DEKA Luke Arm,DEKA Luke Arm,flexible_actuators,DEKA,Multi-DOF Hand,,,,,,,,,,,,,,False,False,ok,,C,0.3,not_declared,unknown,,False,,component
FA-002, Festo DHEF, Festo DHEF,flexible_actuators,Festo,Flexible Actuator,,,,,,,,,,,,,,False,False,ok,,C,0.3,not_declared,unknown,,False,,component
FA-003,QMC Soft Gripper,QMC Soft Gripper,flexible_actuators,QMC,Soft Gripper,,,,,,,,,,,,,,False,False,ok,,C,0.3,not_declared,unknown,,False,,component
FA-004,PESCO Soft Actuator,PESCO Soft Actuator,flexible_actuators,Shadow Robot,Pneumatic Muscle,,,,,,,,,,,,,,False,False,ok,厂商目录声明值：Shadow Robot（无原始链接，未核验）,B,0.5,not_declared,unknown,,False,,component
FA-005,Shape Memory Alloy Actuator,Shape Memory Alloy Actuator,flexible_actuators,Various,SMA Actuator,,,,,,,,,,,,,,False,False,ok,,C,0.3,not_declared,unknown,,False,,component
FA-006,HASEL Actuator,HASEL Actuator,flexible_actuators,CU Boulder,Electrohydraulic,,,,,,,,,,,,,,False,False,ok,,C,0.3,not_declared,unknown,,False,,component
RAI-001,GR00T N1.7,GR00T N1.7,robot_ai_models,,VLA,,,,,,,,,,,,,,False,False,ok,厂商目录声明值：NVIDIA（无原始链接，未核验）,B,0.5,n_a,,,False,,software
RAI-002,LeRobot v0.6.0,LeRobot v0.6.0,robot_ai_models,,Framework,,,,,,,,,,,,,,False,False,ok,厂商目录声明值：HuggingFace（无原始链接，未核验）,B,0.5,n_a,,,False,,software
RAI-003,Hy-Embodied VLA-0.5,Hy-Embodied VLA-0.5,robot_ai_models,,VLA,,,,,,,,,,,,,,False,False,ok,,C,0.3,n_a,,,False,,software
RAI-004,MiniCPM-Robot,MiniCPM-Robot,robot_ai_models,,VLA,,,,,,,,,,,,,,False,False,ok,,C,0.3,n_a,,,False,,software
RAI-005,Kairos 3.1,Kairos 3.1,robot_ai_models,,World Model,,,,,,,,,,,,,,False,False,ok,,C,0.3,n_a,,,False,,software
RAI-006,LingBot-VLA 2.0,LingBot-VLA 2.0,robot_ai_models,,VLA,,,,,,,,,,,,,,False,False,ok,,C,0.3,n_a,,,False,,software
RAI-007,π₀.5,π₀.5,robot_ai_models,,VLA,,,,,,,,,,,,,,False,False,ok,厂商目录声明值：Physical Intelligence（无原始链接，未核验）,B,0.5,n_a,,,False,,software
RAI-008,SmolVLA,SmolVLA,robot_ai_models,,VLA,,,,,,,,,,,,,,False,False,ok,官方页面（未证实）：https://huggingface.co/blog/smolvla,A,0.55,n_a,,,False,,software
RAI-009,FabriVLA 0.89B,FabriVLA 0.89B,robot_ai_models,,VLA,,,,,,,,,,,,,,False,False,ok,,C,0.3,n_a,,,False,,software
RAI-010,TG-VLA,TG-VLA,robot_ai_models,,VLA,,,,,,,,,,,,,,False,False,ok,,C,0.3,n_a,,,False,,software
RAI-011,AstraBrain/NeuroVLA,AstraBrain/NeuroVLA,robot_ai_models,,VLA,,,,,,,,,,,,,,False,False,ok,,C,0.3,n_a,,,False,,software
RAI-012,Qwen-RobotManip,Qwen-RobotManip,robot_ai_models,,VLA,,,,,,,,,,,,,,False,False,ok,,C,0.3,n_a,,,False,,software
RAI-013,Robostral Navigate,Robostral Navigate,robot_ai_models,,VLA,,,,,,,,,,,,,,False,False,ok,,C,0.3,n_a,,,False,,software
RAI-014,Cosmos Policy,Cosmos Policy,robot_ai_models,,WAM,,,,,,,,,,,,,,False,False,ok,厂商目录声明值：NVIDIA（无原始链接，未核验）,B,0.5,n_a,,,False,,software
RAI-015,DexCap,DexCap,robot_ai_models,,Manipulation,,,,,,,,,,,,,,False,False,ok,厂商目录声明值：Stanford（无原始链接，未核验）,B,0.5,n_a,,,False,,software
RAI-016,OpenVLA 7B,OpenVLA 7B,robot_ai_models,,VLA,,,,,,,,,,,,,,False,False,ok,官方页面（未证实）：https://huggingface.co/openvla/openvla-7b,A,0.55,n_a,,,False,,software
RAI-017,StarVLA,StarVLA,robot_ai_models,,VLA,,,,,,,,,,,,,,False,False,ok,厂商目录声明值：Community（无原始链接，未核验）,B,0.5,n_a,,,False,,software
RAI-018,τ(0)-VLA,τ(0)-VLA,robot_ai_models,,VLA,,,,,,,,,,,,,,False,False,ok,,C,0.3,n_a,,,False,,software
RAI-019,InternVLA-A1.5,InternVLA-A1.5,robot_ai_models,,VLA,,,,,,,,,,,,,,False,False,ok,,C,0.3,n_a,,,False,,software
RAI-020,Evo-Depth,Evo-Depth,robot_ai_models,,VLA,,,,,,,,,,,,,,False,False,ok,,C,0.3,n_a,,,False,,software
RAI-021,Gemini Robotics 2,Gemini Robotics 2,robot_ai_models,,VLA,,,,,,,,,,,,,,False,False,ok,厂商目录声明值：Google DeepMind（无原始链接，未核验）,B,0.5,n_a,,,False,,software
DATA-001,ALOHA (LeRobot),ALOHA (LeRobot),data_acquisition,Stanford University,teleoperation,,,,,,,,data_collection; imitation_learning; vla_training,3000-4000,,,,,True,False,ok,官方页面：https://tonyzhaozh.github.io/aloha/,A,0.88,n_a,,,False,,component
DATA-002,UMI (Universal Manipulation Interface),UMI (Universal Manipulation Interface),data_acquisition,Stanford University,teleoperation,,,,,,,,data_collection; imitation_learning,800,,,,,True,False,ok,官方页面：https://umi-gripper.github.io/,A,0.88,n_a,,,False,,component
DATA-003,GELLO,GELLO,data_acquisition,UC Berkeley,teleoperation,,,,,,,,data_collection; teleoperation,300,,,,,True,False,ok,官方页面：https://wuphilipp.github.io/gello_site/,A,0.88,n_a,,,False,,component
DATA-004,DexCap,DexCap,data_acquisition,Stanford University,motion_capture,,,,,,,,data_collection; dexterous_manipulation,3606,,,,,True,False,ok,官方页面：https://dex-cap.github.io/,A,0.88,n_a,,,False,,component
DATA-005,DexTele,DexTele,data_acquisition,DexRobot,teleoperation,,,,,,,,data_collection; dexterous_manipulation; humanoid_research,企业级,,,,,False,False,ok,,C,0.3,n_a,,,False,,component
DATA-006,OptiTrack,OptiTrack,data_acquisition,NaturalPoint (OptiTrack),motion_capture,,,,,,,,robot_localization; navigation; research,100000-500000,,,,,True,False,ok,官方页面：https://optitrack.com/,A,0.88,n_a,,,False,,component
DATA-007,Vicon,Vicon,data_acquisition,Vicon Motion Systems,motion_capture,,,,,,,,research; film; sports_science,500000-1000000,,,,,True,False,ok,官方页面：https://www.vicon.com/,A,0.88,n_a,,,False,,component
DATA-008,NOKOV,NOKOV,data_acquisition,NOKOV (北京度量科技),motion_capture,,,,,,,,robot_localization; aerospace; defense,300000-800000,,,,,True,False,ok,官方页面：https://www.nokov.com/,A,0.88,n_a,,,False,,component
DATA-009,GelSight Mini,GelSight Mini,data_acquisition,GelSight Inc. (MIT),tactile_sensor,,,,,,,,dexterous_manipulation; vla_training; quality_inspection,350-560,,,,,False,False,ok,厂商目录声明值：GelSight Inc. (MIT)（无原始链接，未核验）,B,0.5,n_a,,,False,,component
DATA-010,Meta DIGIT,Meta DIGIT,data_acquisition,Meta AI Research,tactile_sensor,,,,,,,,dexterous_manipulation; research,150-300,,,,,False,False,ok,厂商目录声明值：Meta AI Research（无原始链接，未核验）,B,0.5,n_a,,,False,,component
DATA-011,DM-Tac W系列,DM-Tac W Series,data_acquisition,Daimon Robotics (戴盟机器人),tactile_sensor,,,,,,,,dexterous_manipulation; industrial_inspection,1299+,,,,,False,False,ok,,C,0.3,n_a,,,False,,component
DATA-012,TachinGlove,TachinGlove,data_acquisition,TachinTech (途见科技),tactile_glove,,,,,,,,data_collection; vla_training,未公开,,,,,False,False,ok,,C,0.3,n_a,,,False,,component
DATA-013,TacUMI,TacUMI,data_acquisition,TUM + Agile Robots + NJU + SHU,multimodal,,,,,,,,data_collection; contact_rich_manipulation,1000-2000,,,,,False,False,ok,,C,0.3,n_a,,,False,,component
DATA-014,PolyUMI,PolyUMI,data_acquisition,Academic Research (ICRA 2026),multimodal,,,,,,,,data_collection; contact_rich_manipulation,研究级,,,,,False,False,ok,,C,0.3,n_a,,,False,,component
DATA-015,GelFinger GF225,GelFinger GF225,data_acquisition,纬钛机器人 (MIT Adelson lab),tactile_sensor,,,,,,,,precision_assembly; flexible_grasping,未公开,,,,,False,False,ok,,C,0.3,n_a,,,False,,component
ACT-hd-leaderdrive-lcs,绿的谐波 LCS 系列谐波减速器,LeaderDrive LCS Series Harmonic Reducer,actuators,"苏州绿的谐波传动科技 (LeaderDrive, 688017.SH)",harmonic_reducer,,,,,,,,humanoid; manipulator; cobot,,,,国产主力,低,False,False,ok,绿的谐波官网 + 东方财富/雪球产业研报 (2026-02~06),C,0.55,not_declared,unknown,,False,,component
ACT-hd-leaderdrive-lcd,绿的谐波 LCD 超薄型谐波减速器,LeaderDrive LCD Ultra-thin Harmonic Reducer,actuators,"苏州绿的谐波传动科技 (LeaderDrive, 688017.SH)",harmonic_reducer,,,,,,,,humanoid; cobot,,,,国产主力,,False,False,ok,绿的谐波产品系列公开资料 + 券商供应链拆解 (2026),C,0.55,not_declared,unknown,,False,,component
ACT-hd-leaderdrive-csg,绿的谐波 CSG 高扭矩型谐波减速器,LeaderDrive CSG High-Torque Harmonic Reducer,actuators,"苏州绿的谐波传动科技 (LeaderDrive, 688017.SH)",harmonic_reducer,,,,,,,,humanoid; quadruped,,,,国产主力,,False,False,ok,绿的谐波产品系列公开资料 + 东方财富供应链分析 (2026-06),C,0.55,not_declared,unknown,,False,,component
ACT-hd-leaderdrive-micro,绿的谐波微型谐波减速器,LeaderDrive Micro Harmonic Reducer,actuators,"苏州绿的谐波传动科技 (LeaderDrive, 688017.SH)",harmonic_reducer,,,,,,,,dexterous_hand; humanoid,,,,国产主力,,False,False,ok,China Humanoid Robotics Tracker (robotics.techbuzzchina.com) + 绿的谐波公开披露,A,0.55,not_declared,unknown,,False,,component
ACT-hd-harmonicdrive-csg2uh,Harmonic Drive CSG-2UH 系列谐波减速器,Harmonic Drive Systems CSG-2UH Series,actuators,"Harmonic Drive Systems Inc. (哈默纳科, 日本)",harmonic_reducer,,,,,,,,humanoid; manipulator; cobot; aerospace,,,,进口,高,False,False,ok,Harmonic Drive Systems 产品体系 + 行业份额研报 (2026),C,0.55,not_declared,unknown,,False,,component
ACT-hd-laifual-series,来福谐波减速器系列,Laifual Harmonic Reducer Series,actuators,浙江来福谐波传动 (Laifual),harmonic_reducer,,,,,,,,manipulator; cobot; humanoid,,,,国产,,False,False,ok,谐波减速器行业格局研报（雪球/东方财富，2026）,C,0.55,not_declared,unknown,,False,,component
ACT-hd-tongchuan-series,同川科技谐波减速器系列,Tongchuan Harmonic Reducer Series,actuators,同川科技 (Tongchuan),harmonic_reducer,,,,,,,,manipulator; cobot,,,,国产,,False,False,ok,谐波减速器行业格局研报（雪球/东方财富，2026）,C,0.55,not_declared,unknown,,False,,component
ACT-hd-shanchuan-hans,杉川谐波减速器（大族激光子公司）,Shanchuan Harmonic Reducer (Han's Laser subsidiary),actuators,杉川谐波 / 大族激光 (002008.SZ),harmonic_reducer,,,,,,,,cobot; humanoid,,,,国产,,False,False,ok,大族激光机器人业务公开资料 + 谐波格局研报 (2026),C,0.55,not_declared,unknown,,False,,component
ACT-prs-wuzhou-reverse,五洲新春 反向式行星滚柱丝杠,Wuzhou Xinchun Inverted Planetary Roller Screw,actuators,五洲新春集团 (603667.SH),planetary_roller_screw,,,,,,,,humanoid; linear_joint; legged,,,,国产龙头,低,False,False,ok,五洲新春公开披露 + 人形机器人丝杠产业链拆解研报 (2026),C,0.55,not_declared,unknown,,False,,component
ACT-prs-henglihydraulic,恒立液压 行星滚柱丝杠 / 线性驱动器,Hengli Hydraulic Planetary Roller Screw & Linear Actuator,actuators,江苏恒立液压 (601100.SH),planetary_roller_screw,,,,,,,,humanoid; linear_joint; machine_tool,,,,国产,,False,False,ok,"恒立液压公开披露 + 丝杠国产替代盘点 (sensorexpert, 2026)",C,0.55,not_declared,unknown,,False,,component
ACT-prs-best-yuhua-c0,贝斯特 宇华精机 C0 级行星滚柱丝杠,BEST / Yuhua Precision C0-Grade Planetary Roller Screw,actuators,无锡贝斯特精机 (300580.SZ) 子公司宇华精机,planetary_roller_screw,,,,,,,,humanoid; linear_joint; machine_tool,,,,国产,,False,False,ok,贝斯特/宇华精机公开披露 + 丝杠八家龙头盘点 (2026),C,0.55,not_declared,unknown,,False,,component
ACT-prs-qinchuan-machine,秦川机床 行星滚柱丝杠,Qinchuan Machine Tool Planetary Roller Screw,actuators,秦川机床工具集团 (000837.SZ),planetary_roller_screw,,,,,,,,humanoid; aerospace; heavy_load_robot; machine_tool,,,,国产,,False,False,ok,秦川机床公开披露 + 丝杠产业链研报 (2026),C,0.55,not_declared,unknown,,False,,component
ACT-prs-beite-c5,北特科技 C5 级行星滚柱丝杠,Beite Technology C5-Grade Planetary Roller Screw,actuators,上海北特科技 (603009.SH),planetary_roller_screw,,,,,,,,humanoid; dexterous_hand; automotive,,,,国产,,False,False,ok,北特科技公开披露 + 丝杠国产替代研报 (2026),C,0.55,not_declared,unknown,,False,,component
ACT-prs-dingzhi-micro,鼎智科技 微型行星滚柱丝杠,Dingzhi Technology Micro Planetary Roller Screw,actuators,"常州鼎智机电 (Dingzhi, 江苏雷利子公司)",planetary_roller_screw,,,,,,,,dexterous_hand; humanoid; medical,,,,国产,,False,False,ok,鼎智科技/江苏雷利公开披露 + 人形零部件研报 (2026),C,0.55,not_declared,unknown,,False,,component
ACT-prs-shuanglin-inverted,双林股份 反向式行星滚柱丝杠,Shuanglin Auto Parts Inverted Planetary Roller Screw,actuators,宁波双林汽车部件 (300100.SZ),planetary_roller_screw,,,,,,,,humanoid; linear_joint; automotive,,,,国产,,False,False,ok,"双林股份公开披露 + 行星滚柱丝杠标的梳理 (同花顺, 2026)",C,0.55,not_declared,unknown,,False,,component
ACT-prs-rollvis-rvr,Rollvis RVR / RVD 行星滚柱丝杠,Rollvis RVR Recirculating / RVD Differential Roller Screw,actuators,"Rollvis SA (瑞士, 2016 年被 GSA 并购)",planetary_roller_screw,,,,,,,,humanoid; precision_optics; medical; aerospace,,,,进口,高,False,False,ok,Rollvis 公开产品资料 + 丝杠全球格局研报 (2026),C,0.55,not_declared,unknown,,False,,component
ACT-prs-gsa-swiss,GSA 行星滚柱丝杠,GSA (Groupe SA) Planetary Roller Screw,actuators,GSA (瑞士),planetary_roller_screw,,,,,,,,humanoid; defense; aerospace,,,,进口,高,False,False,ok,人形机器人丝杠产业链拆解研报 (2026),C,0.55,not_declared,unknown,,False,,component
ACT-prs-ewellix-sr,Ewellix 行星滚柱丝杠（SR/SRA 系列）,Ewellix Planetary Roller Screw (SR/SRA Series),actuators,"Ewellix (瑞典, 2022 年被舍弗勒 Schaeffler 收购)",planetary_roller_screw,,,,,,,,industrial_automation; automotive; humanoid,,,,进口,高,False,False,ok,Ewellix / Schaeffler 公开资料 + 丝杠全球格局研报 (2026),C,0.55,not_declared,unknown,,False,,component
ACT-prs-skf-heavyload,SKF 行星滚柱丝杠（重载系列）,SKF Planetary Roller Screw (Heavy-Load Series),actuators,SKF (瑞典),planetary_roller_screw,,,,,,,,industrial; humanoid; heavy_load,,,,进口,高,False,False,ok,SKF 公开产品资料 + 人形丝杠产业链拆解 (2026),C,0.55,not_declared,unknown,,False,,component
ACT-prs-bosch-rexroth,博世力士乐 行星滚柱丝杠,Bosch Rexroth Planetary Roller Screw,actuators,Bosch Rexroth (德国),planetary_roller_screw,,,,,,,,industrial; machine_tool; humanoid,,,,进口,高,False,False,ok,Bosch Rexroth 公开产品资料 + 丝杠全球格局研报 (2026),C,0.55,not_declared,unknown,,False,,component
ACT-fm-kinco-fmk,步科股份 FMK 系列无框力矩电机（第四代）,Kinco FMK Series Frameless Torque Motor (Gen-4),actuators,"上海步科自动化 (Kinco, 688160.SH)",frameless_torque_motor,,,,,,,,humanoid; cobot,,,,国产主力,,False,False,ok,步科股份投资者关系活动记录 (2026-05) + 官网产品资料,C,0.55,not_declared,unknown,,False,,component
ACT-fm-kinco-fmc,步科股份 FMC 系列无框中空力矩电机,Kinco FMC Series Frameless Hollow-Shaft Torque Motor,actuators,"上海步科自动化 (Kinco, 688160.SH)",frameless_torque_motor,,,,,,,,humanoid; cobot,,,,国产主力,,True,False,ok,步科股份官网 FMC 产品资料 (kinco.cn),B,0.9,not_declared,unknown,,False,,component
ACT-fm-leisai-fm2,雷赛智能 FM2 系列超高密度无框力矩电机,Leadshine FM2 Series Ultra-High-Density Frameless Torque Motor,actuators,"深圳雷赛智能 (Leadshine, 002979.SZ) / 上海雷赛机器人",frameless_torque_motor,,,,,,,,humanoid; cobot; quadruped,,,,国产主力,,False,False,ok,雷赛智能官网 + 国产无框力矩电机横评 (2026-05),C,0.55,not_declared,unknown,,False,,component
ACT-fm-leisai-fm1,雷赛智能 FM1 系列高密度无框力矩电机,Leadshine FM1 Series High-Density Frameless Torque Motor,actuators,"深圳雷赛智能 (Leadshine, 002979.SZ)",frameless_torque_motor,,,,,,,,cobot; humanoid; industrial,,,,国产,,True,False,ok,雷赛智能官网产品资料 (leisai.com),B,0.9,not_declared,unknown,,False,,component
ACT-fm-hcfa-humdb,禾川科技 Hu-MDB 系列无框力矩电机,HCFA Hu-MDB Series Frameless Torque Motor,actuators,"浙江禾川科技 (HCFA, 688320.SH)",frameless_torque_motor,,,,,,,,humanoid; cobot; quadruped,,,,国产,,True,False,ok,禾川科技官网 Hu-MDB 产品资料 (hcfa.cn),B,0.9,not_declared,unknown,,False,,component
ACT-fm-inovance-mx-tmb,汇川技术 MX / TMB 系列无框力矩电机,Inovance MX / TMB Series Frameless Torque Motor,actuators,"深圳汇川技术 (Inovance, 300124.SZ)",frameless_torque_motor,,,,,,,,humanoid; cobot; industrial,,,,国产主力,,False,False,ok,汇川技术官网 + 机器人电机行业分析 (2026),C,0.55,not_declared,unknown,,False,,component
ACT-fm-haozhi-frameless,昊志机电 无框力矩电机,Haozhi Electromechanical Frameless Torque Motor,actuators,广州昊志机电 (300503.SZ),frameless_torque_motor,,,,,,,,humanoid; cobot; massage_robot,,,,国产,,True,False,ok,昊志机电官网产品资料 (haozhihs.com),A,0.9,not_declared,unknown,,False,,component
ACT-fm-veichi-micro,伟创电气 微型无框力矩电机,VEICHI Micro Frameless Torque Motor,actuators,苏州伟创电气 (688698.SH),frameless_torque_motor,,,,,,,,dexterous_hand; humanoid; micro_joint,,,,国产,,False,False,ok,"伟创电气官网 + 无框力矩电机上市企业盘点 (aibangbots, 2026)",C,0.55,not_declared,unknown,,False,,component
ACT-fm-wolong-frameless,卧龙电驱 无框力矩电机 / 高爆发关节模组,Wolong Electric Frameless Torque Motor & High-Burst Joint Module,actuators,卧龙电气驱动集团 (600580.SH),frameless_torque_motor,,,,,,,,humanoid; quadruped; industrial,,,,国产主力,,False,False,ok,卧龙电驱公开披露 + 机器人电机企业分析 (2026),C,0.55,not_declared,unknown,,False,,component
ACT-fm-hanslaser-frameless,大族电机 无框力矩电机,Han's Motor Frameless Torque Motor,actuators,大族电机 / 大族激光 (002008.SZ),frameless_torque_motor,,,,,,,,humanoid; cobot; industrial,,,,国产,,False,False,ok,大族激光官网 + 无框力矩电机企业盘点 (2026),C,0.55,not_declared,unknown,,False,,component
ACT-fm-qianghe-u-series,强和电机 U 系列无框力矩电机,Qianghe Motor U-Series Frameless Torque Motor,actuators,深圳市强和电机有限公司,frameless_torque_motor,,,,,,,,cobot; humanoid; medical; semiconductor,,,,国产,,False,False,ok,国产无框力矩电机厂家横评 (2026-05) + 企业公开资料,C,0.55,not_declared,unknown,,False,,component
ACT-fm-mingzhi-coreless,鸣志电器 空心杯微型伺服电机（灵巧手）,MOONS' Coreless Micro Servo Motor for Dexterous Hands,actuators,上海鸣志电器 (603728.SH),coreless_motor,,,,,,,,dexterous_hand; humanoid; medical,,,,国产主力,,False,False,ok,"鸣志电器公开披露 + 人形伺服赛道分析 (东方财富, 2026-07)",C,0.55,not_declared,unknown,,False,,component
SENS-ft-sri-m35xx,宇立仪器 M35XX 超薄型六维力传感器,SRI M35XX Ultra-thin 6-Axis Force/Torque Sensor,sensors,宇立仪器 (Sunrise Instruments / SRI),force_torque_6axis,,,,,,,,humanoid; prosthetics; biomechanics,,,,国产,,True,False,ok,宇立仪器官网产品页 (srisensor.com.cn/product/lzlcgq.html),A,0.9,not_declared,unknown,,False,,component
SENS-ft-sri-c025xx,宇立仪器 C025XX-C060XX 人形机器人六维力传感器,SRI C025XX-C060XX Humanoid 6-Axis F/T Sensor,sensors,宇立仪器 (Sunrise Instruments / SRI),force_torque_6axis,,,,,,,,humanoid; wrist_joint,,,,国产,,True,False,ok,宇立仪器官网产品页 (srisensor.com.cn),B,0.9,partial,direct_mount,,False,,component
SENS-ft-sri-c075xx,宇立仪器 C075XX 协作机器人六维力传感器,SRI C075XX Collaborative Robot 6-Axis F/T Sensor,sensors,宇立仪器 (Sunrise Instruments / SRI),force_torque_6axis,,,,,,,,cobot; humanoid; medical; industrial,,,,国产,,True,False,ok,"宇立仪器官网产品页 (srisensor.com.cn/product/lzlcgq.html, 2026 新品)",A,0.9,partial,direct_mount,,False,,component
SENS-ft-sri-m221x,宇立仪器 M221X 关节扭矩传感器,SRI M221X Joint Torque Sensor,sensors,宇立仪器 (Sunrise Instruments / SRI),joint_torque_sensor,,,,,,,,cobot; humanoid; joint_torque_control,,,,国产,,True,False,ok,宇立仪器官网产品页 (srisensor.com.cn/product),A,0.9,not_declared,unknown,,False,,component
SENS-ft-sri-m37xx,宇立仪器 M37XX / M47XX 六维力传感器,SRI M37XX / M47XX 6-Axis Force/Torque Sensor,sensors,宇立仪器 (Sunrise Instruments / SRI),force_torque_6axis,,,,,,,,manipulator; cobot; testing; humanoid,,,,国产,,True,False,ok,宇立仪器官网产品中心 (srisensor.com.cn/product),A,0.9,not_declared,unknown,,False,,component
SENS-ft-kunwei-kwr-n,坤维科技 KWR-N 高精度六维力传感器,KunWei KWR-N High-Precision 6-Axis F/T Sensor,sensors,常州坤维科技 (KunWei),force_torque_6axis,,,,,,,,cobot; humanoid; testing; industrial,,,,国产头部,,False,False,ok,"六维力传感器主流供应商与供应链状况 (eefocus, 2026-03) + 坤维官网",C,0.55,not_declared,unknown,,False,,component
SENS-ft-hipersen-hpsft,海伯森 HPS-FT 系列六维力传感器,Hipersen HPS-FT Series 6-Axis F/T Sensor,sensors,深圳海伯森技术 (Hipersen),force_torque_6axis,,,,,,,,3c_electronics; light_load_robot; cobot,,,,国产,,False,False,ok,"六维力传感器主流供应商与供应链状况 (eefocus, 2026-03)",C,0.55,not_declared,unknown,,False,,component
SENS-ft-xjc-ft,鑫精诚 XJC-FT 系列六维力传感器,XJC XJC-FT Series 6-Axis F/T Sensor,sensors,深圳鑫精诚传感技术 (XJC),force_torque_6axis,,,,,,,,3c_electronics; cobot; cost_sensitive,,,,国产,,False,False,ok,"六维力传感器主流供应商与供应链状况 (eefocus, 2026-03)",C,0.55,not_declared,unknown,,False,,component
SENS-ft-sysgroup-sysft,神源生 SYS-FT 系列六维力传感器,SYS SYS-FT Series 6-Axis F/T Sensor,sensors,南京神源生智能科技 (SYS),force_torque_6axis,,,,,,,,research; education; cobot,,,,国产,,False,False,ok,"六维力传感器主流供应商与供应链状况 (eefocus, 2026-03)",C,0.55,not_declared,unknown,,False,,component
SENS-ft-me-k3d,ME-Systeme K3D 系列多轴力传感器,ME-Systeme K3D Series Multi-Axis Force Sensor,sensors,ME-Meßsysteme GmbH (德国),force_torque_multiaxis,,,,,,,,automotive_testing; aerospace; research,,,,进口,高,False,False,ok,"六维力传感器主流供应商与供应链状况 (eefocus, 2026-03) + ME 官网",C,0.55,not_declared,unknown,,False,,component
SENS-ft-haozhi-6axis,昊志机电 六维力矩传感器,Haozhi 6-Axis Force/Torque Sensor,sensors,广州昊志机电 (300503.SZ),force_torque_6axis,,,,,,,,humanoid; cobot; joint_module,,,,国产,,False,False,ok,"昊志机电官网 + 人形伺服/驱控赛道分析 (东方财富, 2026-07)",C,0.55,not_declared,unknown,,False,,component
ACT-jm-leaderdrive-mechatronic,绿的谐波 机电一体化关节模组,LeaderDrive Mechatronic Integrated Joint Module,actuators,"苏州绿的谐波传动科技 (LeaderDrive, 688017.SH)",integrated_joint_module,,,,,,,,humanoid; cobot; torso; limb,,,,国产主力,,False,False,ok,绿的谐波公开披露 + Gasgoo (2026-02-09) + 券商研报,C,0.55,not_declared,unknown,,False,,component
ACT-jm-haozhi-integrated,昊志机电 一体化关节模组,Haozhi Integrated Joint Module,actuators,广州昊志机电 (300503.SZ),integrated_joint_module,,,,,,,,humanoid; cobot; wrist; torso,,,,国产,,False,False,ok,"昊志机电官网 + 人形伺服/驱控赛道分析 (东方财富, 2026-07)",C,0.55,not_declared,unknown,,False,,component
ACT-jm-kinco-triple,步科股份 电机-驱动-编码器三合一驱控模组,Kinco 3-in-1 Motor-Drive-Encoder Joint Module,actuators,"上海步科自动化 (Kinco, 688160.SH)",integrated_joint_module,,,,,,,,humanoid; cobot; service_robot,,,,国产主力,,False,False,ok,"步科股份官网 + 人形伺服赛道分析 (东方财富, 2026-07)",C,0.55,not_declared,unknown,,False,,component
ACT-jm-leisai-module,雷赛智能 超高密度关节模组,Leadshine Ultra-High-Density Joint Module,actuators,上海雷赛机器人科技（雷赛智能 002979.SZ 子公司）,integrated_joint_module,,,,,,,,humanoid; cobot; dexterous_hand,,,,国产主力,,False,False,ok,雷赛智能官网 + 无框力矩电机企业盘点 (2026),C,0.55,not_declared,unknown,,False,,component
ACT-jm-tuopu-linear,拓普集团 直线执行器总成,Tuopu Group Linear Actuator Assembly,actuators,宁波拓普集团 (601689.SH),integrated_linear_actuator,,,,,,,,humanoid; linear_joint; automotive,,,,国产主力,,False,False,ok,拓普集团公开披露 + 人形机器人丝杠产业链拆解 (2026),C,0.55,not_declared,unknown,,False,,component
ACT-jm-sanhua-actuator,三花智控 机电执行器总成,Sanhua Intelligent Controls Electromechanical Actuator Assembly,actuators,浙江三花智能控制 (002050.SZ),integrated_joint_module,,,,,,,,humanoid; rotary_actuator; linear_actuator,,,,国产主力,,False,False,ok,东方财富供应链分析 (2026-06) + 三花智控公开披露,C,0.55,not_declared,unknown,,False,,component
ACT-jm-zhaowei-micro,兆威机电 微型精密传动关节模组,Zhaowei Machinery Micro Precision Transmission Joint Module,actuators,深圳兆威机电 (003021.SZ),integrated_joint_module,,,,,,,,dexterous_hand; humanoid; micro_joint,,,,国产,,False,False,ok,兆威机电公开资料 + 机器人电机企业分析 (2026),C,0.55,not_declared,unknown,,False,,component
ACT-jm-topband-hand,拓邦股份 灵巧手一体化驱动模组,Topband Dexterous Hand Integrated Drive Module,actuators,深圳拓邦股份 (002139.SZ),integrated_joint_module,,,,,,,,dexterous_hand; humanoid,,,,国产,,False,False,ok,拓邦股份公开披露 + 机器人电机企业分析 (2026),C,0.55,not_declared,unknown,,False,,component
DATA-tele-mobile-aloha,Mobile ALOHA 移动双臂遥操作采集平台,Mobile ALOHA,data_acquisition,Stanford University（开源硬件，社区可自建）,teleoperation,,,,,,,,mobile_manipulation; imitation_learning; household_task,,,,,,True,False,ok,Stanford Mobile ALOHA 项目主页与论文（arXiv 2401.02117）,C,0.62,n_a,,,False,,component
DATA-tele-open-television,Open-TeleVision 沉浸式 VR 遥操作系统,Open-TeleVision,data_acquisition,UC San Diego / MIT（开源）,teleoperation,,,,,,,,humanoid; dexterous_hand; remote_teleoperation; imitation_learning,,,,,,True,False,ok,Open-TeleVision 项目主页与论文（arXiv 2407.01512）,C,0.62,n_a,,,False,,component
DATA-exo-airexo2,AirExo-2 低成本可穿戴外骨骼采集装置,AirExo-2,data_acquisition,上海交通大学（开源硬件）,exoskeleton_capture,,,,,,,,in_the_wild_capture; imitation_learning; manipulator,,,,,,False,False,ok,"AirExo-2 论文与开源仓库（上海交大 IRM Lab, 2025）",C,0.55,n_a,,,False,,component
DATA-tele-bunny-visionpro,Bunny-VisionPro 双手实时遥操作系统,Bunny-VisionPro,data_acquisition,UC San Diego（开源）,teleoperation,,,,,,,,bimanual_manipulation; dexterous_hand; imitation_learning,,,,,,False,False,ok,Bunny-VisionPro 项目主页与论文（arXiv 2407.03162）,C,0.55,n_a,,,False,,component
DATA-exo-ace-teleop,ACE 跨平台视觉-外骨骼遥操作系统,ACE (A Cross-platform Visual-Exoskeleton System),data_acquisition,UC San Diego（开源硬件）,exoskeleton_capture,,,,,,,,cross_embodiment; humanoid; imitation_learning,,,,,,False,False,ok,ACE 项目主页与论文（arXiv 2408.11805）,C,0.55,n_a,,,False,,component
DATA-glove-doglove,DOGlove 力反馈数据手套,DOGlove,data_acquisition,上海交通大学（开源硬件）,tactile_glove,,,,,,,,dexterous_hand; force_teleoperation; imitation_learning,,,,,,False,False,ok,"DOGlove 项目主页与论文（上海交大, arXiv 2502.07730）",C,0.55,n_a,,,False,,component
DATA-glove-manus-quantum,Manus Quantum Metagloves 动捕手套,Manus Quantum Metagloves,data_acquisition,Manus（荷兰）,tactile_glove,,,,,,,,dexterous_hand; motion_capture; teleoperation,商用报价（万元级/套，需询价）,,,,,False,False,ok,Manus 官网产品页 + 机器人动捕方案商公开资料,C,0.5,n_a,,,False,,component
DATA-mocap-rokoko-smartsuit2,Rokoko Smartsuit Pro II 惯性动捕服,Rokoko Smartsuit Pro II,data_acquisition,Rokoko（丹麦）,motion_capture,,,,,,,,humanoid; whole_body_retargeting; motion_capture,商用（万元级/套）,,,,,False,False,ok,Rokoko 官网产品页 + 人形机器人运动重定向公开实践,C,0.5,n_a,,,False,,component
DATA-mocap-noitom-pn-studio,诺亦腾 Perception Neuron Studio 惯性动捕系统,Noitom Perception Neuron Studio,data_acquisition,北京诺亦腾科技 (Noitom),motion_capture,,,,,,,,humanoid; whole_body_retargeting; motion_capture,,,,国产,,False,False,ok,诺亦腾官网产品页 + 国内动捕方案选型资料,C,0.5,n_a,,,False,,component
DATA-umi-fastumi,FastUMI 快速部署型 UMI 采集装置,FastUMI,data_acquisition,开源社区 / 学术团队,handheld_gripper_capture,,,,,,,,in_the_wild_capture; manipulator; imitation_learning,,,,,,False,False,ok,FastUMI 论文与开源仓库（arXiv 2409.19499）,C,0.5,n_a,,,False,,component
DATA-humanoid-humanplus,HumanPlus 人形影子学习采集系统,HumanPlus,data_acquisition,Stanford University（开源）,teleoperation,,,,,,,,humanoid; whole_body_retargeting; imitation_learning,,,,,,True,False,ok,HumanPlus 项目主页与论文（arXiv 2406.10454）,C,0.62,n_a,,,False,,component
CHIP-axelera-metis-aipu,Axelera Metis AIPU,Axelera AI Metis AIPU,chips,Axelera AI（荷兰）,ai_accelerator,,,,,,,,edge_ai; robot_vision; multi_stream_inference,,,False,,,False,False,ok,Axelera AI 官网产品页与开发者文档,C,0.5,n_a,,,True,False,component
CHIP-axera-ax650n,爱芯元智 AX650N,Axera AX650N,chips,上海爱芯元智半导体 (Axera),robot_soc,,,,,,,,edge_ai; robot_vision; smart_camera,,,False,国产,,False,False,ok,爱芯元智官网产品页 + 爱芯派开发板社区资料,C,0.5,n_a,,,True,False,component
CHIP-axera-ax8850,爱芯元智 AX8850,Axera AX8850,chips,上海爱芯元智半导体 (Axera),robot_soc,,,,,,,,edge_ai; robot_vision; multimodal_inference,,,False,国产,,False,False,ok,爱芯元智官网产品线公开信息（2025~2026）,C,0.42,n_a,,,True,False,component
CHIP-blacksesame-huashan-a2000,黑芝麻智能 华山 A2000,Black Sesame Technologies Huashan A2000,chips,"黑芝麻智能 (Black Sesame Technologies, 2533.HK)",robot_soc,,,,,,,,autonomous_vehicle; embodied_ai; edge_ai,,,False,国产,,False,False,ok,黑芝麻智能官网与港交所公开披露 + 车规芯片赛道公开分析,C,0.45,n_a,,,True,False,component
CHIP-sophgo-bm1684x,算能 SOPHON BM1684X,SOPHGO SOPHON BM1684X,chips,算能科技 (SOPHGO),ai_accelerator,,,,,,,,edge_ai; llm_inference; robot_vision,,,False,国产,,False,False,ok,算能科技官网产品页与 SOPHON SDK 文档,C,0.5,n_a,,,True,False,component
CHIP-cambricon-mlu370-s4,寒武纪 MLU370-S4 推理加速卡,Cambricon MLU370-S4,chips,中科寒武纪 (688256.SH),ai_accelerator,,,,,,,,edge_server_inference; llm_inference; vision_inference,,,False,国产,,False,False,ok,寒武纪官网产品页与上市公司公开披露,C,0.5,n_a,,,True,False,component
CHIP-rockchip-rk3576,瑞芯微 RK3576,Rockchip RK3576,chips,瑞芯微电子 (603893.SH),robot_soc,,,,,,,,robot_controller; hmi; edge_ai,,,True,国产,,False,False,ok,瑞芯微官网产品页 + 主流模组厂 RK3576 规格书,B,0.55,n_a,,,True,True,component
CHIP-simaai-modalix,SiMa.ai MLSoC Modalix,SiMa.ai MLSoC Modalix,chips,SiMa.ai（美国）,robot_soc,,,,,,,,edge_ai; robot_vision; multimodal_inference; embodied_ai,,,False,,,False,False,ok,SiMa.ai 官网产品页与开发者资料,B,0.5,n_a,,,True,False,component
CHIP-ambarella-n1-655,Ambarella N1-655 边缘 GenAI SoC,Ambarella N1-655,chips,Ambarella（美国安霸）,robot_soc,,,,,,,,edge_ai; robot_vision; vlm_inference; smart_camera,,,False,,,False,False,ok,Ambarella 官网产品页与 CES/技术发布公开资料,C,0.5,n_a,,,True,False,component
CHIP-ti-am69a,TI AM69A 边缘 AI 处理器,Texas Instruments AM69A,chips,Texas Instruments,robot_soc,,,,,,,,industrial_robot; robot_vision; edge_ai; amr,,,True,,,False,False,ok,TI 官网产品页与 Edge AI SDK 文档,C,0.55,n_a,,,True,True,component
CHIP-deepx-dx-m1,DEEPX DX-M1 边缘 NPU,DEEPX DX-M1,chips,DEEPX（韩国）,ai_accelerator,,,,,,,,edge_ai; robot_vision; smart_camera,,,False,,,False,False,ok,DEEPX 官网产品页与合作伙伴模组资料,C,0.45,n_a,,,True,False,component
CHIP-houmo-manye-m30,后摩智能 漫界 M30 存算一体芯片,Houmo.AI Manye M30,chips,后摩智能 (Houmo.AI),ai_accelerator,,,,,,,,edge_ai; llm_inference; embodied_ai,,,False,国产,,False,False,ok,后摩智能官网与国产存算一体赛道公开报道（2024~2026）,C,0.42,n_a,,,True,False,component
SENS-ft-keli-6axis,柯力传感 六维力传感器,Keli Sensing 6-Axis Force/Torque Sensor,sensors,宁波柯力传感科技 (603662.SH),force_torque_6axis,,,,,,,,humanoid; cobot; force_control,,,,国产,,False,False,ok,柯力传感上市公司公开披露 + 六维力赛道公开分析 (2026),C,0.45,not_declared,unknown,,False,,component
SENS-ft-anpulong-ceramic,安培龙 陶瓷电容式六维力传感器,Anpulong Ceramic Capacitive 6-Axis F/T Sensor,sensors,深圳安培龙科技 (301413.SZ),force_torque_6axis,,,,,,,,humanoid; force_control; automotive,,,,国产,,False,False,ok,安培龙上市公司公开披露 + 机器人传感器国产化赛道分析 (2026),C,0.45,not_declared,unknown,,False,,component
SENS-ft-qianfenyi-6axis,千分一 六维力传感器,Qianfenyi 6-Axis Force/Torque Sensor,sensors,深圳千分一科技 (Qianfenyi),force_torque_6axis,,,,,,,,cobot; humanoid; force_control; polishing,,,,国产,,False,False,ok,千分一官网 + 国产六维力厂商梳理 (2026),C,0.42,not_declared,unknown,,False,,component
SENS-strain-avicem,中航电测 应变式力/扭矩传感器,AVIC Electromechanical (AVICEM) Strain Gauge Force/Torque Sensor,sensors,中航电测仪器 (300114.SZ),strain_gauge_force,,,,,,,,force_control; torque_measurement; industrial,,,,国产,,False,False,ok,中航电测上市公司公开披露 + 应变式传感器产业链分析,C,0.45,not_declared,unknown,,False,,component
SENS-imu-xindonglianke-mems,芯动联科 高性能 MEMS 陀螺/IMU,MicroDrive (Xindong Lianke) High-Performance MEMS Gyroscope / IMU,sensors,安徽芯动联科微系统 (688582.SH),IMU,,,,,,,,humanoid; legged_robot; navigation; attitude_estimation,,,,国产,,False,False,ok,芯动联科上市公司公开披露 + MEMS 惯性器件国产化分析,C,0.5,not_declared,unknown,,False,,component
SENS-imu-huayi-automotive,华依科技 车规级 IMU 惯性模组,Huayi Technology Automotive-Grade IMU,sensors,上海华依科技 (688071.SH),IMU,,,,,,,,automotive; amr; navigation; attitude_estimation,,,,国产,,False,False,ok,华依科技上市公司公开披露 + 车规 IMU 国产化公开报道,C,0.42,not_declared,unknown,,False,,component
SENS-cam-orbbec-gemini335,奥比中光 Gemini 335 双目结构光深度相机,Orbbec Gemini 335,sensors,奥比中光科技 (688322.SH),Depth Camera,,,,,,,,robot_vision; slam; manipulation; amr,,,,国产,,True,False,ok,奥比中光官网产品页 + Orbbec SDK / ROS 驱动开源仓库,C,0.6,not_declared,unknown,,True,True,component
SENS-cam-percipio-fm851,图漾科技 FM851 工业级 3D 相机,Percipio FM851 Industrial 3D Camera,sensors,上海图漾信息科技 (Percipio.XYZ),Depth Camera,,,,,,,,bin_picking; palletizing; manipulator; industrial,,,,国产,,False,False,ok,图漾科技官网产品页与 SDK 文档,C,0.5,not_declared,unknown,,False,,component
SENS-lidar-hesai-ft120,禾赛科技 FT120 纯固态补盲激光雷达,Hesai FT120 Solid-State LiDAR,sensors,禾赛科技 (HSAI / 688771.SH),LiDAR,,,,,,,,obstacle_avoidance; amr; legged_robot; autonomous_vehicle,,,,国产,,False,False,ok,禾赛科技官网产品页与上市公司公开披露,C,0.55,not_declared,unknown,,False,,component
SENS-lidar-robosense-ac1,速腾聚创 Active Camera AC1,RoboSense Active Camera AC1,sensors,"速腾聚创 (RoboSense, 2498.HK)",LiDAR,,,,,,,,robot_perception; amr; humanoid; slam,,,,国产,,False,False,ok,速腾聚创官网与港交所公开披露 + 机器人感知产品发布公开报道,C,0.45,not_declared,unknown,,False,,component
ACT-oss-leap-hand,LEAP Hand 开源灵巧手,LEAP Hand,actuators,Carnegie Mellon University (CMU Robotics Institute),dexterous_hand,,,,,,,,dexterous_manipulation; humanoid; embodied_ai; research,,,,,,True,False,ok,官方页面：https://github.com/leap-hand/LEAP_Hand_API,A,0.88,not_declared,unknown,,False,,component
ACT-oss-ruka-hand,RUKA Hand 腱绳驱动灵巧手,RUKA Hand,actuators,New York University (NYU GRAIL / Lerrel Pinto Lab),dexterous_hand,,,,,,,,dexterous_manipulation; teleoperation; embodied_ai; research,,,,,,True,False,ok,官方页面：https://github.com/ruka-hand/RUKA,A,0.88,not_declared,unknown,,False,,component
ACT-oss-odri-actuator,ODRI 开源力控关节模组,Open Dynamic Robot Initiative (ODRI) Actuator Module,actuators,Open Dynamic Robot Initiative (MPI-IS / NYU / LAAS-CNRS),integrated_joint_module,,,,,,,,legged_robot; quadruped; force_control; research,,,,,,True,False,ok,官方页面：https://github.com/open-dynamic-robot-initiative/open_robot_actuator_hardware,A,0.88,not_declared,unknown,,False,,component
ACT-oss-mjbots-moteus,mjbots moteus 无刷伺服驱动器,mjbots moteus Brushless Servo Controller,actuators,mjbots Robotic Systems,BLDC_controller,,,,,,,,legged_robot; quadruped; humanoid; high_dynamic_actuation,,,,,,True,False,ok,官方页面：https://github.com/mjbots/moteus,A,0.88,not_declared,unknown,,False,,component
ACT-oss-vesc,VESC 开源无刷电机控制器,VESC (Vedder Electronic Speed Controller),actuators,Benjamin Vedder (开源社区),motor_controller,,,,,,,,motor_control; mobile_robot; amr; diy_robotics,,,,,,True,False,ok,官方页面：https://github.com/vedderb/bldc,A,0.88,not_declared,unknown,,False,,component
SENS-oss-anyskin,AnySkin 可更换磁性电子皮肤,AnySkin,sensors,New York University (NYU),Electronic Skin,,,,,,,,tactile_sensing; dexterous_manipulation; embodied_ai; contact_rich_task,,,,,,True,False,ok,官方页面：https://github.com/raunaqbhirangi/anyskin,A,0.88,not_declared,unknown,,False,,component
SENS-oss-reskin,ReSkin 磁性弹性体触觉皮肤,ReSkin,sensors,Meta AI Research + Carnegie Mellon University,Electronic Skin,,,,,,,,tactile_sensing; slip_detection; dexterous_manipulation; research,,,,,,True,False,ok,官方页面：https://github.com/raunaqbhirangi/reskin_sensor,A,0.88,not_declared,unknown,,False,,component
DATA-oss-agibot-world,AgiBot World 智元开源具身数据集平台,AgiBot World (Colosseo),data_acquisition,智元机器人 (AgiBot) + OpenDriveLab,open_dataset_platform,,,,,,,,embodied_ai; vla_training; imitation_learning; data_collection,,,,,,True,False,ok,官方页面：https://github.com/OpenDriveLab/AgiBot-World,A,0.88,n_a,,,False,,component
RPLAT-oss-open-duck-mini,Open Duck Mini 开源小型双足平台,Open Duck Mini,platforms,Open Duck Project (社区开源),Open-source bipedal platform,,,,,,,,biped; rl_locomotion; education; research,,,,,,True,False,ok,官方页面：https://github.com/apirrone/Open_Duck_Mini,A,0.88,not_declared,unknown,,False,,component
RPLAT-oss-reachy2,Reachy 2 开源人形上身平台,Reachy 2,platforms,Pollen Robotics (Hugging Face),Open-source humanoid platform,,,,,,,,humanoid; manipulation; teleoperation; research; education,,,,,,True,False,ok,官方页面：https://github.com/pollen-robotics/reachy2-sdk,A,0.88,not_declared,unknown,,False,,component
XFA-001,Festo FinGripper,Festo FinGripper,flexible_actuators,Festo,finray_gripper,,,,,,,,,,,,,,True,False,ok,Festo 官方产品页：https://www.festo.com,B,0.9,not_declared,unknown,,False,,component
XFA-002,Festo BionicSoftHand,Festo BionicSoftHand,flexible_actuators,Festo,pneumatic_soft_hand,,,,,,,,,,,,,,True,False,ok,Festo 官方：https://www.festo.com,B,0.9,not_declared,unknown,,False,,component
XFA-003,Soft Robotics mGrip,Soft Robotics mGrip,flexible_actuators,Soft Robotics Inc,adaptive_gripper,,,,,,,,,,,,,,True,False,ok,Soft Robotics 官网：https://www.softroboticsinc.com,B,0.9,not_declared,unknown,,False,,component
XFA-004,Soft Robotics uGrip,Soft Robotics uGrip,flexible_actuators,Soft Robotics Inc,modular_gripper,,,,,,,,,,,,,,True,False,ok,Soft Robotics 官网：https://www.softroboticsinc.com,B,0.85,not_declared,unknown,,False,,component
XFA-005,Artimus Robotics HASEL,Artimus Robotics HASEL,flexible_actuators,Artimus Robotics,hasel_actuator,,,,,,,,,,,,,,True,False,ok,Artimus 官网：https://www.artimusrobotics.com,B,0.8,not_declared,unknown,,False,,component
XFA-006,RBO Hand 2,RBO Hand 2,flexible_actuators,TU Berlin,pneumatic_soft_hand,,,,,,,,,,,,,,True,False,ok,TU Berlin RBO：https://www.robotics.tu-berlin.de,B,0.8,not_declared,unknown,,False,,component
XFA-007,Festo Fluidic Muscle,Festo Fluidic Muscle,flexible_actuators,Festo,pneumatic_muscle,,,,,,,,,,,,,,True,False,ok,Festo 官方：https://www.festo.com,B,0.9,not_declared,unknown,,False,,component
XFA-008,Twisted String Actuator,Twisted String Actuator,flexible_actuators,WPI / TSA,twisted_string,,,,,,,,,,,,,,True,False,ok,WPI TSA 研究：https://www.wpi.edu,B,0.7,not_declared,unknown,,False,,component
XFA-009,Flexinol SMA Wire,Flexinol SMA Wire,flexible_actuators,Dynalloy,sma_wire,,,,,,,,,,,,,,True,False,ok,Dynalloy 官网：https://www.dynalloy.com,B,0.85,not_declared,unknown,,False,,component
XFA-010,PneuNet Soft Gripper,PneuNet Soft Gripper,flexible_actuators,Cornell / Pneubotics,pneumatic_bending,,,,,,,,,,,,,,True,False,ok,Cornell 软体机器人实验室公开文献,B,0.7,not_declared,unknown,,False,,component
XFA-011,RightHand Reflex,RightHand Reflex,flexible_actuators,RightHand Robotics,compliant_gripper,,,,,,,,,,,,,,True,False,ok,RightHand Robotics 官网,B,0.8,not_declared,unknown,,False,,component
XFA-013,Empire Robotics Versaball,Empire Robotics Versaball,flexible_actuators,Empire Robotics,jamming_gripper,,,,,,,,,,,,,,True,False,ok,Empire Robotics 官网,B,0.75,not_declared,unknown,,False,,component
XFA-014,Wyss BionicSoftArm,Wyss BionicSoftArm,flexible_actuators,Wyss Institute,pneumatic_soft_arm,,,,,,,,,,,,,,True,False,ok,Wyss Institute 公开项目,B,0.75,not_declared,unknown,,False,,component
XFA-015,Soft Robotics mGripAI,Soft Robotics mGripAI,flexible_actuators,Soft Robotics Inc,vision_gripper,,,,,,,,,,,,,,True,False,ok,Soft Robotics 官网,B,0.8,not_declared,unknown,,False,,component
XFA-016,BeSoft Prototype Hand,BeSoft Prototype Hand,flexible_actuators,BeSoft / 研究,soft_hand,,,,,,,,,,,,,,True,False,ok,BeSoft 公开项目,B,0.6,not_declared,unknown,,False,,component
XIF-001,USB 3.2 Gen 2,USB 3.2 Gen 2,interfaces,,wired,,10 Gbps,,,,,,camera; compute; sensor; debug,,almost_all_devices,,,,True,False,ok,官方规范：https://www.usb.org,B,0.9,n_a,,,False,,specification
XIF-002,USB4,USB4,interfaces,,wired,,40 Gbps,,,,,,camera; compute; sensor; debug,,almost_all_devices,,,,True,False,ok,官方规范：https://www.usb.org,A,0.9,n_a,,,False,,specification
XIF-003,USB Type-C,USB Type-C,interfaces,,wired,,alt_mode,,,,,,camera; compute; sensor; debug,,almost_all_devices,,,,True,False,ok,官方规范：https://www.usb.org,B,0.9,n_a,,,False,,specification
XIF-004,MIPI DSI,MIPI DSI,interfaces,,display_serial,,raw up to 12 Gbps,,,,,,camera; compute; sensor; debug,,display_modules,,,,True,False,ok,官方规范：https://www.mipi.org,B,0.9,n_a,,,False,,specification
XIF-005,PCIe 5.0,PCIe 5.0,interfaces,,pcie,,32 GT/s,,,,,,camera; compute; sensor; debug,,"gpu,accelerator",,,,True,False,ok,官方规范：https://pcisig.com,B,0.9,n_a,,,False,,specification
XIF-006,HDMI 2.1,HDMI 2.1,interfaces,,display,,48 Gbps,,,,,,camera; compute; sensor; debug,,display,,,,True,False,ok,官方规范：https://www.hdmi.org,B,0.9,n_a,,,False,,specification
XIF-007,DisplayPort 2.1,DisplayPort 2.1,interfaces,,display,,80 Gbps,,,,,,camera; compute; sensor; debug,,display,,,,True,False,ok,官方规范：https://www.displayport.org,B,0.9,n_a,,,False,,specification
XIF-010,UART (TTL),UART (TTL),interfaces,,serial,,3 Mbps,,,,,,camera; compute; sensor; debug,,"debug,mcu",,,,True,False,ok,官方规范：https://en.wikipedia.org/wiki/Universal_asynchronous_receiver-transmitter,A,0.9,n_a,,,False,,specification
XIF-011,RS-232,RS-232,interfaces,,serial,,0.115 Mbps,,,,,,camera; compute; sensor; debug,,"legacy,debug",,,,True,False,ok,官方规范：https://en.wikipedia.org/wiki/RS-232,A,0.9,n_a,,,False,,specification
XIF-012,RS-485,RS-485,interfaces,,serial,,10 Mbps,,,,,,camera; compute; sensor; debug,,"industrial,modbus",,,,True,False,ok,官方规范：https://en.wikipedia.org/wiki/RS-485,A,0.9,n_a,,,False,,specification
XIF-014,Ethernet 10GBASE-T,Ethernet 10GBASE-T,interfaces,,network,,10 Gbps,,,,,,camera; compute; sensor; debug,,"compute,backbone",,,,True,False,ok,官方规范：https://ieee802.org,B,0.9,n_a,,,False,,specification
XIF-015,SATA III,SATA III,interfaces,,storage,,6 Gbps,,,,,,camera; compute; sensor; debug,,storage,,,,True,False,ok,官方规范：https://www.sata-io.org,B,0.9,n_a,,,False,,specification
XIF-016,SFP+ (10G),SFP+ (10G),interfaces,,network,,10 Gbps,,,,,,camera; compute; sensor; debug,,backbone,,,,True,False,ok,官方规范：https://en.wikipedia.org/wiki/Small_Form-factor_Pluggable,A,0.9,n_a,,,False,,specification
XIF-017,Embedded DisplayPort (eDP),Embedded DisplayPort (eDP),interfaces,,display_serial,,32 Gbps,,,,,,camera; compute; sensor; debug,,"laptop,embedded",,,,True,False,ok,官方规范：https://www.displayport.org,B,0.9,n_a,,,False,,specification
XIF-018,LVDS,LVDS,interfaces,,display_serial,,3 Gbps,,,,,,camera; compute; sensor; debug,,"camera,display",,,,True,False,ok,官方规范：https://en.wikipedia.org/wiki/LVDS,A,0.9,n_a,,,False,,specification
XIF-019,GMSL2,GMSL2,interfaces,,gmsl,,6 Gbps,,,,,,camera; compute; sensor; debug,,"autonomous,camera",,,,True,False,ok,官方规范：https://www.analog.com,B,0.9,n_a,,,False,,specification
XIF-020,FPD-Link III,FPD-Link III,interfaces,,gmsl,,4 Gbps,,,,,,camera; compute; sensor; debug,,"autonomous,camera",,,,True,False,ok,官方规范：https://www.ti.com,B,0.9,n_a,,,False,,specification
XIF-021,1-Wire,1-Wire,interfaces,,serial,,0.1 Mbps,,,,,,camera; compute; sensor; debug,,"sensor,id",,,,True,False,ok,官方规范：https://www.analog.com,B,0.9,n_a,,,False,,specification
XIF-022,LIN bus,LIN bus,interfaces,,automotive,,0.02 Mbps,,,,,,camera; compute; sensor; debug,,"automotive,lowcost",,,,True,False,ok,官方规范：https://www.lin-cia.org,B,0.9,n_a,,,False,,specification
XIF-023,Modbus RTU,Modbus RTU,interfaces,,industrial,,0.115 Mbps,,,,,,camera; compute; sensor; debug,,"plc,industrial",,,,True,False,ok,官方规范：https://modbus.org,B,0.9,n_a,,,False,,specification
XIF-024,SMBus,SMBus,interfaces,,serial,,0.1 Mbps,,,,,,camera; compute; sensor; debug,,"battery,config",,,,True,False,ok,官方规范：https://www.smbus.org,A,0.9,n_a,,,False,,specification
XIF-025,JTAG,JTAG,interfaces,,debug,,varies,,,,,,camera; compute; sensor; debug,,"debug,flash",,,,True,False,ok,官方规范：https://en.wikipedia.org/wiki/JTAG,A,0.9,n_a,,,False,,specification
XIF-026,SWD,SWD,interfaces,,debug,,varies,,,,,,camera; compute; sensor; debug,,"mcu,debug",,,,True,False,ok,官方规范：https://www.arm.com,B,0.9,n_a,,,False,,specification
XLLM-001,GPT-4o-mini,GPT-4o-mini,llms,OpenAI,multimodal_LLM,,,,,,,,,,any_compute_platform_via_API,,,,True,False,ok,官方页面：https://openai.com,B,0.8,n_a,,,False,,software
XLLM-002,o1,o1,llms,OpenAI,reasoning_LLM,,,,,,,,,,any_compute_platform_via_API,,,,True,False,ok,官方页面：https://openai.com,B,0.8,n_a,,,False,,software
XLLM-003,o3,o3,llms,OpenAI,reasoning_LLM,,,,,,,,,,any_compute_platform_via_API,,,,True,False,ok,官方页面：https://openai.com,B,0.8,n_a,,,False,,software
XLLM-004,Claude 3.7 Sonnet,Claude 3.7 Sonnet,llms,Anthropic,multimodal_LLM,,,,,,,,,,any_compute_platform_via_API,,,,True,False,ok,官方页面：https://www.anthropic.com,B,0.8,n_a,,,False,,software
XLLM-005,Claude Opus 4,Claude Opus 4,llms,Anthropic,multimodal_LLM,,,,,,,,,,any_compute_platform_via_API,,,,True,False,ok,官方页面：https://www.anthropic.com,B,0.8,n_a,,,False,,software
XLLM-006,Gemini 1.5 Pro,Gemini 1.5 Pro,llms,Google,multimodal_LLM,,,,,,,,,,any_compute_platform_via_API,,,,True,False,ok,官方页面：https://deepmind.google,B,0.8,n_a,,,False,,software
XLLM-007,Gemini 2.0 Flash,Gemini 2.0 Flash,llms,Google,multimodal_LLM,,,,,,,,,,any_compute_platform_via_API,,,,True,False,ok,官方页面：https://deepmind.google,B,0.8,n_a,,,False,,software
XLLM-008,Gemini 2.5 Pro,Gemini 2.5 Pro,llms,Google,multimodal_LLM,,,,,,,,,,any_compute_platform_via_API,,,,True,False,ok,官方页面：https://deepmind.google,B,0.8,n_a,,,False,,software
XLLM-009,Llama 3.1,Llama 3.1,llms,Meta,multimodal_LLM,,,,,,,,,,any_compute_platform_via_API,,,,True,False,ok,官方页面：https://ai.meta.com,B,0.8,n_a,,,False,,software
XLLM-010,Llama 3.3,Llama 3.3,llms,Meta,multimodal_LLM,,,,,,,,,,any_compute_platform_via_API,,,,True,False,ok,官方页面：https://ai.meta.com,B,0.8,n_a,,,False,,software
XLLM-011,Llama 4,Llama 4,llms,Meta,multimodal_LLM,,,,,,,,,,any_compute_platform_via_API,,,,True,False,ok,官方页面：https://ai.meta.com,B,0.8,n_a,,,False,,software
XLLM-012,Qwen2.5,Qwen2.5,llms,Alibaba,multimodal_LLM,,,,,,,,,,any_compute_platform_via_API,,,,True,False,ok,官方页面：https://qwen.ai,A,0.8,n_a,,,False,,software
XLLM-014,Qwen3,Qwen3,llms,Alibaba,multimodal_LLM,,,,,,,,,,any_compute_platform_via_API,,,,True,False,ok,官方页面：https://qwen.ai,A,0.8,n_a,,,False,,software
XLLM-015,DeepSeek-V3,DeepSeek-V3,llms,DeepSeek,LLM,,,,,,,,,,any_compute_platform_via_API,,,,True,False,ok,官方页面：https://www.deepseek.com,B,0.8,n_a,,,False,,software
XLLM-016,DeepSeek-R1,DeepSeek-R1,llms,DeepSeek,reasoning_LLM,,,,,,,,,,any_compute_platform_via_API,,,,True,False,ok,官方页面：https://www.deepseek.com,B,0.8,n_a,,,False,,software
XLLM-017,Gemma 2,Gemma 2,llms,Google,LLM,,,,,,,,,,any_compute_platform_via_API,,,,True,False,ok,官方页面：https://ai.google.dev,B,0.8,n_a,,,False,,software
XLLM-018,Phi-4,Phi-4,llms,Microsoft,LLM,,,,,,,,,,any_compute_platform_via_API,,,,True,False,ok,官方页面：https://azure.microsoft.com,B,0.8,n_a,,,False,,software
XLLM-019,GLM-4,GLM-4,llms,Zhipu AI,multimodal_LLM,,,,,,,,,,any_compute_platform_via_API,,,,True,False,ok,官方页面：https://www.zhipuai.cn,B,0.8,n_a,,,False,,software
XLLM-020,InternVL2,InternVL2,llms,OpenGVLab,vision_LLM,,,,,,,,,,any_compute_platform_via_API,,,,True,False,ok,官方页面：https://github.com/OpenGVLab,A,0.8,n_a,,,False,,software
XRAM-002,RT-X / Open X-Embodiment,RT-X / Open X-Embodiment,robot_ai_models,Google DeepMind,AI Model,,,,,,,,manipulation; generalist,,,,,,True,False,ok,公开资料：https://robotics-transformer.github.io,B,0.8,n_a,,,False,,software
XRAM-005,Diffusion Policy,Diffusion Policy,robot_ai_models,Columbia,AI Model,,,,,,,,manipulation,,,,,,True,False,ok,公开资料：https://diffusion-policy.cs.columbia.edu,A,0.8,n_a,,,False,,software
XRAM-006,ACT (Action Chunking Transformer),ACT (Action Chunking Transformer),robot_ai_models,MIT,AI Model,,,,,,,,bimanual; manipulation,,,,,,True,False,ok,公开资料：https://manipulation.csail.mit.edu,B,0.8,n_a,,,False,,software
XRAM-007,Mobile ALOHA,Mobile ALOHA,robot_ai_models,Stanford,AI Model,,,,,,,,bimanual; mobile,,,,,,True,False,ok,公开资料：https://mobile-aloha.github.io,A,0.8,n_a,,,False,,software
XRAM-008,RDT-1B,RDT-1B,robot_ai_models,Tsinghua / 物理智能,AI Model,,,,,,,,humanoid; manipulation,,,,,,True,False,ok,公开资料：https://rdt-robotics.github.io,B,0.8,n_a,,,False,,software
XRAM-010,TinyVLA,TinyVLA,robot_ai_models,多家,AI Model,,,,,,,,manipulation,,,,,,True,False,ok,公开资料：https://tiny-vla.github.io,A,0.8,n_a,,,False,,software
XRAM-011,DexVLA,DexVLA,robot_ai_models,多家,AI Model,,,,,,,,dexterous; manipulation,,,,,,True,False,ok,公开资料：https://dexvla.github.io,A,0.8,n_a,,,False,,software
XRAM-012,DP3 (3D Diffusion Policy),DP3 (3D Diffusion Policy),robot_ai_models,多家,AI Model,,,,,,,,manipulation,,,,,,True,False,ok,公开资料：https://yd-yang.github.io,B,0.8,n_a,,,False,,software
XRAM-013,HPT (Humanoid Policy Transformer),HPT (Humanoid Policy Transformer),robot_ai_models,Meta,AI Model,,,,,,,,humanoid,,,,,,True,False,ok,公开资料：https://ai.meta.com,B,0.8,n_a,,,False,,software
XRAM-014,DreamerV3,DreamerV3,robot_ai_models,DeepMind,AI Model,,,,,,,,control; sim2real,,,,,,True,False,ok,公开资料：https://danijar.com,B,0.8,n_a,,,False,,software
XRAM-015,RoboCat,RoboCat,robot_ai_models,DeepMind,AI Model,,,,,,,,manipulation,,,,,,True,False,ok,公开资料：https://www.deepmind.google,B,0.8,n_a,,,False,,software
XRAM-016,SPIN,SPIN,robot_ai_models,多家,AI Model,,,,,,,,manipulation,,,,,,True,False,ok,公开资料：https://spin-robot.github.io,A,0.8,n_a,,,False,,software
XRAM-017,SuSIE,SuSIE,robot_ai_models,Google,AI Model,,,,,,,,manipulation,,,,,,True,False,ok,公开资料：https://www.deepmind.google,B,0.8,n_a,,,False,,software
XRAM-018,VC-1,VC-1,robot_ai_models,Meta,AI Model,,,,,,,,perception; manipulation,,,,,,True,False,ok,公开资料：https://ai.meta.com,B,0.8,n_a,,,False,,software
XDA-002,DROID,DROID,data_acquisition,Stanford,data_pipeline,,,,,,,,large_scale; manipulation,varies,,,,,True,False,ok,公开资料：https://droid.stanford.edu,A,0.82,n_a,,,False,,component
XDA-003,BridgeData V2,BridgeData V2,data_acquisition,UC Berkeley,data_pipeline,,,,,,,,manipulation; cross_domain,open,,,,,True,False,ok,公开资料：https://rail.eecs.berkeley.edu,B,0.82,n_a,,,False,,component
XDA-004,Open X-Embodiment,Open X-Embodiment,data_acquisition,Google,data_pipeline,,,,,,,,cross_embodiment; base,open,,,,,True,False,ok,公开资料：https://robotics-transformer.github.io,B,0.82,n_a,,,False,,component
XDA-005,LeRobot,LeRobot,data_acquisition,Hugging Face,data_pipeline,,,,,,,,framework; imitation,open,,,,,True,False,ok,公开资料：https://github.com/huggingface/lerobot,A,0.82,n_a,,,False,,component
XDA-006,ARX Teleop,ARX Teleop,data_acquisition,ARX Robotics,teleoperation,,,,,,,,bimanual; humanoid,varies,,,,,True,False,ok,公开资料：https://www.arxrobotics.com,B,0.82,n_a,,,False,,component
XDA-007,Puppeteer,Puppeteer,data_acquisition,Google,data_pipeline,,,,,,,,anthropomorphic; imitation,open,,,,,False,True,unverifiable_vendor,公开资料：https://github.com/google-deepmind/puppeteer,A,0.3,n_a,,,False,,component
XDA-008,Telekinesis,Telekinesis,data_acquisition,Google,data_pipeline,,,,,,,,vr_teleop,open,,,,,False,True,unverifiable_vendor,公开资料：https://github.com/google-deepmind/telekinesis,A,0.3,n_a,,,False,,component
XDA-009,RH20T,RH20T,data_acquisition,多家,data_pipeline,,,,,,,,large_scale; humanoid,open,,,,,True,False,ok,公开资料：https://rh20t.github.io,A,0.82,n_a,,,False,,component
XDA-010,AgiBot World,AgiBot World,data_acquisition,AgiBot,data_pipeline,,,,,,,,humanoid; large_scale,open,,,,,True,False,ok,公开资料：https://agibot-world.com,A,0.82,n_a,,,False,,component
XDA-011,DAgger,DAgger,data_acquisition,学术,data_pipeline,,,,,,,,imitation; dataset,open,,,,,True,False,ok,公开资料：https://arxiv.org,B,0.82,n_a,,,False,,component
XDA-012,RT-1,RT-1,data_acquisition,Google,data_pipeline,,,,,,,,manipulation; base,open,,,,,True,False,ok,公开资料：https://www.deepmind.google,B,0.82,n_a,,,False,,component
XDA-013,Behavior-1K,Behavior-1K,data_acquisition,Stanford,data_pipeline,,,,,,,,benchmark; home,open,,,,,True,False,ok,公开资料：https://behavior.stanford.edu,B,0.82,n_a,,,False,,component
XDA-014,MimicGen,MimicGen,data_acquisition,NVIDIA,data_pipeline,,,,,,,,synthetic; imitation,open,,,,,True,False,ok,公开资料：https://mimicgen.github.io,A,0.82,n_a,,,False,,component
XDA-015,RoboSet,RoboSet,data_acquisition,MIT,data_pipeline,,,,,,,,manipulation; base,open,,,,,True,False,ok,公开资料：https://robocasa.ai,B,0.82,n_a,,,False,,component
XDA-016,HITL Teleop,HITL Teleop,data_acquisition,多家,teleoperation,,,,,,,,human_in_loop,varies,,,,,True,False,ok,公开资料：https://arxiv.org,B,0.82,n_a,,,False,,component
XDA-017,Surface Teleop,Surface Teleop,data_acquisition,多家,teleoperation,,,,,,,,tactile; imitation,open,,,,,True,False,ok,公开资料：https://arxiv.org,B,0.82,n_a,,,False,,component
XPLT-001,Agility Digit,Agility Digit,platforms,Agility Robotics,humanoid,,,,,,,,"logistics,humanoid",varies,,,,,True,False,ok,公开资料：https://www.agilityrobotics.com,B,0.85,not_declared,unknown,,False,,component
XPLT-002,Apptronik Apollo,Apptronik Apollo,platforms,Apptronik,humanoid,,,,,,,,"humanoid,industrial",varies,,,,,True,False,ok,公开资料：https://apptronik.com,B,0.85,not_declared,unknown,,False,,component
XPLT-005,Sanctuary Phoenix,Sanctuary Phoenix,platforms,Sanctuary AI,humanoid,,,,,,,,"humanoid,general",varies,,,,,True,False,ok,公开资料：https://www.sanctuary.ai,B,0.85,not_declared,unknown,,False,,component
XPLT-006,1X NEO,1X NEO,platforms,1X Technologies,humanoid,,,,,,,,"humanoid,home",varies,,,,,True,False,ok,公开资料：https://www.1x.tech,B,0.85,not_declared,unknown,,False,,component
XPLT-007,Fourier GR-1,Fourier GR-1,platforms,Fourier Intelligence,humanoid,,,,,,,,"humanoid,research",varies,,,,,True,False,ok,公开资料：https://www.fourierintelligence.com,B,0.85,not_declared,unknown,,False,,component
XPLT-008,Fourier GR-2,Fourier GR-2,platforms,Fourier Intelligence,humanoid,,,,,,,,"humanoid,research",varies,,,,,True,False,ok,公开资料：https://www.fourierintelligence.com,B,0.85,not_declared,unknown,,False,,component
XPLT-009,UBTech Walker S,UBTech Walker S,platforms,UBTech,humanoid,,,,,,,,"humanoid,industrial",varies,,,,,True,False,ok,公开资料：https://www.ubtrobot.com,B,0.85,not_declared,unknown,,False,,component
XPLT-010,Xiaomi CyberOne,Xiaomi CyberOne,platforms,Xiaomi,humanoid,,,,,,,,"humanoid,consumer",varies,,,,,True,False,ok,公开资料：https://www.mi.com,B,0.85,not_declared,unknown,,False,,component
XPLT-011,Unitree H1,Unitree H1,platforms,Unitree,humanoid,,,,,,,,"humanoid,research",varies,,,,,True,False,ok,公开资料：https://www.unitree.com,B,0.85,not_declared,unknown,,False,,component
XPLT-013,Neura 4NE-1,Neura 4NE-1,platforms,Neura Robotics,humanoid,,,,,,,,"humanoid,cognitive",varies,,,,,True,False,ok,公开资料：https://neura-robotics.com,B,0.85,not_declared,unknown,,False,,component
XPLT-015,LimX Dynamics,LimX Dynamics,platforms,LimX,humanoid,,,,,,,,"humanoid,research",varies,,,,,True,False,ok,公开资料：https://www.limxdynamics.com,A,0.85,not_declared,unknown,,False,,component
XPLT-016,PNDbotics Adam,PNDbotics Adam,platforms,PNDbotics,humanoid,,,,,,,,"humanoid,research",varies,,,,,True,False,ok,公开资料：https://www.pndbotics.com,B,0.85,not_declared,unknown,,False,,component
XPLT-017,Booster Robotics T1,Booster Robotics T1,platforms,Booster Robotics,humanoid,,,,,,,,"humanoid,education",varies,,,,,True,False,ok,公开资料：https://www.booster Robotics.com,B,0.85,not_declared,unknown,,False,,component
XPLT-018,Robotera Star1,Robotera Star1,platforms,Robotera,humanoid,,,,,,,,"humanoid,research",varies,,,,,True,False,ok,公开资料：https://www.robotera.com,B,0.85,not_declared,unknown,,False,,component
BRG-crb-thk-rb,THK RB 系列交叉滚子环 (Crossed Roller Ring),THK RB 系列交叉滚子环 (Crossed Roller Ring),actuators,THK,crossed_roller_bearing,,,,,,,,harmonic_joint; robot_arm; rotary_table,,,,,,True,False,ok,厂商/标准公开资料：https://www.thk.com,B,0.88,not_declared,unknown,,False,,component
BRG-crb-iko-crbf,IKO CRBF 系列交叉滚子轴承 (Crossed Roller Bearing),IKO CRBF 系列交叉滚子轴承 (Crossed Roller Bearing),actuators,IKO 日本トムソン,crossed_roller_bearing,,,,,,,,robot_joint; index_table; manipulator,,,,,,True,False,ok,厂商/标准公开资料：https://www.ikont.co.jp,B,0.86,partial,flange_mount,,False,,component
BRG-crb-hiwin,HIWIN CRB 系列交叉滚子轴承,HIWIN CRB 系列交叉滚子轴承,actuators,HIWIN 上银科技,crossed_roller_bearing,,,,,,,,robot_joint; harmonic_joint,,,,,,True,False,ok,厂商/标准公开资料：https://www.hiwin.tw,B,0.85,not_declared,unknown,,False,,component
LUB-hd-grease-sk,Harmonic Grease SK-1A 谐波减速器专用润滑脂,Harmonic Grease SK-1A 谐波减速器专用润滑脂,actuators,Harmonic Drive Systems,reducer_grease,,,,,,,,harmonic_reducer; robot_joint; maintenance,,,,,,True,False,ok,厂商/标准公开资料：https://www.harmonicdrive.net,B,0.87,not_declared,unknown,,False,,component
LUB-nabtesco-vigo-re0,Nabtesco Vigo Grease RE0 (RV 减速器润滑脂),Nabtesco Vigo Grease RE0 (RV 减速器润滑脂),actuators,Nabtesco 纳博特斯克,reducer_grease,,,,,,,,rv_reducer; industrial_robot; maintenance,,,,,,True,False,ok,厂商/标准公开资料：https://www.nabtesco.com,B,0.86,not_declared,unknown,,False,,component
SEAL-klueber-nbu15,Klüber Isoflex NBU 15 高速轴承润滑脂,Klüber Isoflex NBU 15 高速轴承润滑脂,actuators,Klüber Lubrication,bearing_grease,,,,,,,,bearing; ball_screw; robot_joint,,,,,,True,False,ok,厂商/标准公开资料：https://www.klueber.com,B,0.84,not_declared,unknown,,False,,component
GBX-neugart-ple,Neugart PLE 系列行星减速器,Neugart PLE 系列行星减速器,actuators,Neugart,planetary_gearbox,,,,,,,,servo_drive; robot_joint; automation,,,,,,True,False,ok,厂商/标准公开资料：https://www.neugart.com,B,0.87,not_declared,unknown,,False,,component
GBX-wittenstein-tp,WITTENSTEIN alpha TP+ 行星减速器,WITTENSTEIN alpha TP+ 行星减速器,actuators,WITTENSTEIN,planetary_gearbox,,,,,,,,precision_robot; robot_joint; machine_tool,,,,,,True,False,ok,厂商/标准公开资料：https://www.wittenstein.de,B,0.86,not_declared,unknown,,False,,component
GBX-shimpo-vrs,Nidec-Shimpo VRS 系列行星减速器,Nidec-Shimpo VRS 系列行星减速器,actuators,Nidec-Shimpo 日本电产新宝,planetary_gearbox,,,,,,,,servo_drive; manipulator; rotary_table,,,,,,True,False,ok,厂商/标准公开资料：https://www.shimpodrives.com,B,0.85,not_declared,unknown,,False,,component
LIN-ewellix-casm,Ewellix CASM 系列电动缸 (Linear Actuator),Ewellix CASM 系列电动缸 (Linear Actuator),actuators,Ewellix,electric_linear_actuator,,,,,,,,humanoid_leg; industrial_press; linear_drive,,,,,,True,False,ok,厂商/标准公开资料：https://www.ewellix.com,B,0.86,not_declared,unknown,,False,,component
LIN-tolomatic-erd,Tolomatic ERD 系列电动直线执行器,Tolomatic ERD 系列电动直线执行器,actuators,Tolomatic,electric_linear_actuator,,,,,,,,linear_drive; automation; pneumatic_replacement,,,,,,True,False,ok,厂商/标准公开资料：https://www.tolomatic.com,B,0.85,not_declared,unknown,,False,,component
LIN-iai-rcp6,IAI ROBO Cylinder RCP6 电动直线执行器,IAI ROBO Cylinder RCP6 电动直线执行器,actuators,IAI Corporation,electric_linear_actuator,,,,,,,,assembly; pick_place; linear_drive,,,,,,True,False,ok,厂商/标准公开资料：https://www.iai-robot.co.jp,B,0.85,not_declared,unknown,,False,,component
MAT-flexspline-42crmo,42CrMo 合金结构钢（谐波减速器柔轮用）,42CrMo 合金结构钢（谐波减速器柔轮用）,actuators,GB/T 3077 标准牌号,flexspline_material,,,,,,,,harmonic_reducer; flexspline; material,,,,,,True,False,ok,厂商/标准公开资料：https://openstd.samr.gov.cn,B,0.7,not_declared,unknown,,False,,component
MAT-flexspline-30crmnsia,30CrMnSiA 合金结构钢（柔轮/高应力构件用）,30CrMnSiA 合金结构钢（柔轮/高应力构件用）,actuators,GB/T 3077 标准牌号,flexspline_material,,,,,,,,harmonic_reducer; flexspline; material,,,,,,True,False,ok,厂商/标准公开资料：https://openstd.samr.gov.cn,B,0.65,not_declared,unknown,,False,,component
TDN-dyneema-sk75,Dyneema SK75 超高分子量聚乙烯纤维（腱绳传动用）,Dyneema SK75 超高分子量聚乙烯纤维（腱绳传动用）,actuators,Avient / DSM Dyneema,tendon_cable,,,,,,,,dexterous_hand; tendon_drive; exoskeleton,,,,,,True,False,ok,厂商/标准公开资料：https://www.dyneema.com,B,0.85,not_declared,unknown,,False,,component
TDN-sava-cable,Sava Industries 微型钢丝绳（腱绳/tendon 传动）,Sava Industries 微型钢丝绳（腱绳/tendon 传动）,actuators,Sava Industries,tendon_cable,,,,,,,,dexterous_hand; tendon_drive; surgical_robot,,,,,,True,False,ok,厂商/标准公开资料：https://savacable.com,B,0.78,not_declared,unknown,,False,,component
MOT-maxon-re25,maxon RE 25 空心杯直流电机 (Coreless DC Motor),maxon RE 25 空心杯直流电机 (Coreless DC Motor),actuators,maxon group,coreless_dc_motor,,,,,,,,dexterous_hand; micro_joint; precision_drive,,,,,,True,False,ok,厂商/标准公开资料：https://www.maxongroup.com,B,0.88,not_declared,unknown,,False,,component
MOT-faulhaber-1741cxr,FAULHABER 1741...CXR 空心杯微电机,FAULHABER 1741...CXR 空心杯微电机,actuators,FAULHABER,coreless_dc_motor,,,,,,,,prosthetics; dexterous_hand; micro_actuator,,,,,,True,False,ok,厂商/标准公开资料：https://www.faulhaber.com,B,0.87,not_declared,unknown,,False,,component
CONN-molex-minimix,Molex MiniMix 混装电源信号连接器,Molex MiniMix Hybrid Power and Signal Connectors,connectors,Molex,hybrid_connector,,,,,1000BASE-T1,,,humanoid_joint; actuator; amr; industrial_automation,,,,,,True,False,ok,Molex 官方发布《Molex Introduces MiniMix Hybrid Power and Signal Connectors》2026-08-05,A,0.8,partial,wire_to_board,,True,,component
CONN-molex-mirror-mezz,Molex Mirror Mezz 夹层连接器,Molex Mirror Mezz Mezzanine Connectors,connectors,Molex,mezzanine_connector,,,,,,,,ai_compute_module; humanoid_robot,,,,,,True,False,ok,Molex 官方发布《Molex Introduces MiniMix Hybrid Power and Signal Connectors》2026-08-05,A,0.7,not_declared,unknown,,False,,component
