solid adapter
  facet normal 0.991445 0.130526 0.000000
    outer loop
      vertex 15.0000 0.0000 0.0000
      vertex 14.4889 3.8823 0.0000
      vertex 14.4889 3.8823 4.0000
    endloop
  endfacet
  facet normal 0.991445 0.130526 0.000000
    outer loop
      vertex 15.0000 0.0000 0.0000
      vertex 14.4889 3.8823 4.0000
      vertex 15.0000 0.0000 4.0000
    endloop
  endfacet
  facet normal 0.000000 0.000000 1.000000
    outer loop
      vertex 0.0000 0.0000 4.0000
      vertex 15.0000 0.0000 4.0000
      vertex 14.4889 3.8823 4.0000
    endloop
  endfacet
  facet normal 0.000000 0.000000 -1.000000
    outer loop
      vertex 0.0000 0.0000 0.0000
      vertex 14.4889 3.8823 0.0000
      vertex 15.0000 0.0000 0.0000
    endloop
  endfacet
  facet normal 0.923880 0.382683 0.000000
    outer loop
      vertex 14.4889 3.8823 0.0000
      vertex 12.9904 7.5000 0.0000
      vertex 12.9904 7.5000 4.0000
    endloop
  endfacet
  facet normal 0.923880 0.382683 0.000000
    outer loop
      vertex 14.4889 3.8823 0.0000
      vertex 12.9904 7.5000 4.0000
      vertex 14.4889 3.8823 4.0000
    endloop
  endfacet
  facet normal 0.000000 0.000000 1.000000
    outer loop
      vertex 0.0000 0.0000 4.0000
      vertex 14.4889 3.8823 4.0000
      vertex 12.9904 7.5000 4.0000
    endloop
  endfacet
  facet normal 0.000000 0.000000 -1.000000
    outer loop
      vertex 0.0000 0.0000 0.0000
      vertex 12.9904 7.5000 0.0000
      vertex 14.4889 3.8823 0.0000
    endloop
  endfacet
  facet normal 0.793353 0.608761 0.000000
    outer loop
      vertex 12.9904 7.5000 0.0000
      vertex 10.6066 10.6066 0.0000
      vertex 10.6066 10.6066 4.0000
    endloop
  endfacet
  facet normal 0.793353 0.608761 0.000000
    outer loop
      vertex 12.9904 7.5000 0.0000
      vertex 10.6066 10.6066 4.0000
      vertex 12.9904 7.5000 4.0000
    endloop
  endfacet
  facet normal 0.000000 0.000000 1.000000
    outer loop
      vertex 0.0000 0.0000 4.0000
      vertex 12.9904 7.5000 4.0000
      vertex 10.6066 10.6066 4.0000
    endloop
  endfacet
  facet normal 0.000000 0.000000 -1.000000
    outer loop
      vertex 0.0000 0.0000 0.0000
      vertex 10.6066 10.6066 0.0000
      vertex 12.9904 7.5000 0.0000
    endloop
  endfacet
  facet normal 0.608761 0.793353 0.000000
    outer loop
      vertex 10.6066 10.6066 0.0000
      vertex 7.5000 12.9904 0.0000
      vertex 7.5000 12.9904 4.0000
    endloop
  endfacet
  facet normal 0.608761 0.793353 0.000000
    outer loop
      vertex 10.6066 10.6066 0.0000
      vertex 7.5000 12.9904 4.0000
      vertex 10.6066 10.6066 4.0000
    endloop
  endfacet
  facet normal 0.000000 0.000000 1.000000
    outer loop
      vertex 0.0000 0.0000 4.0000
      vertex 10.6066 10.6066 4.0000
      vertex 7.5000 12.9904 4.0000
    endloop
  endfacet
  facet normal 0.000000 0.000000 -1.000000
    outer loop
      vertex 0.0000 0.0000 0.0000
      vertex 7.5000 12.9904 0.0000
      vertex 10.6066 10.6066 0.0000
    endloop
  endfacet
  facet normal 0.382683 0.923880 0.000000
    outer loop
      vertex 7.5000 12.9904 0.0000
      vertex 3.8823 14.4889 0.0000
      vertex 3.8823 14.4889 4.0000
    endloop
  endfacet
  facet normal 0.382683 0.923880 0.000000
    outer loop
      vertex 7.5000 12.9904 0.0000
      vertex 3.8823 14.4889 4.0000
      vertex 7.5000 12.9904 4.0000
    endloop
  endfacet
  facet normal 0.000000 0.000000 1.000000
    outer loop
      vertex 0.0000 0.0000 4.0000
      vertex 7.5000 12.9904 4.0000
      vertex 3.8823 14.4889 4.0000
    endloop
  endfacet
  facet normal 0.000000 0.000000 -1.000000
    outer loop
      vertex 0.0000 0.0000 0.0000
      vertex 3.8823 14.4889 0.0000
      vertex 7.5000 12.9904 0.0000
    endloop
  endfacet
  facet normal 0.130526 0.991445 0.000000
    outer loop
      vertex 3.8823 14.4889 0.0000
      vertex 0.0000 15.0000 0.0000
      vertex 0.0000 15.0000 4.0000
    endloop
  endfacet
  facet normal 0.130526 0.991445 0.000000
    outer loop
      vertex 3.8823 14.4889 0.0000
      vertex 0.0000 15.0000 4.0000
      vertex 3.8823 14.4889 4.0000
    endloop
  endfacet
  facet normal 0.000000 0.000000 1.000000
    outer loop
      vertex 0.0000 0.0000 4.0000
      vertex 3.8823 14.4889 4.0000
      vertex 0.0000 15.0000 4.0000
    endloop
  endfacet
  facet normal 0.000000 0.000000 -1.000000
    outer loop
      vertex 0.0000 0.0000 0.0000
      vertex 0.0000 15.0000 0.0000
      vertex 3.8823 14.4889 0.0000
    endloop
  endfacet
  facet normal -0.130526 0.991445 0.000000
    outer loop
      vertex 0.0000 15.0000 0.0000
      vertex -3.8823 14.4889 0.0000
      vertex -3.8823 14.4889 4.0000
    endloop
  endfacet
  facet normal -0.130526 0.991445 0.000000
    outer loop
      vertex 0.0000 15.0000 0.0000
      vertex -3.8823 14.4889 4.0000
      vertex 0.0000 15.0000 4.0000
    endloop
  endfacet
  facet normal 0.000000 0.000000 1.000000
    outer loop
      vertex 0.0000 0.0000 4.0000
      vertex 0.0000 15.0000 4.0000
      vertex -3.8823 14.4889 4.0000
    endloop
  endfacet
  facet normal 0.000000 0.000000 -1.000000
    outer loop
      vertex 0.0000 0.0000 0.0000
      vertex -3.8823 14.4889 0.0000
      vertex 0.0000 15.0000 0.0000
    endloop
  endfacet
  facet normal -0.382683 0.923880 0.000000
    outer loop
      vertex -3.8823 14.4889 0.0000
      vertex -7.5000 12.9904 0.0000
      vertex -7.5000 12.9904 4.0000
    endloop
  endfacet
  facet normal -0.382683 0.923880 0.000000
    outer loop
      vertex -3.8823 14.4889 0.0000
      vertex -7.5000 12.9904 4.0000
      vertex -3.8823 14.4889 4.0000
    endloop
  endfacet
  facet normal 0.000000 0.000000 1.000000
    outer loop
      vertex 0.0000 0.0000 4.0000
      vertex -3.8823 14.4889 4.0000
      vertex -7.5000 12.9904 4.0000
    endloop
  endfacet
  facet normal 0.000000 0.000000 -1.000000
    outer loop
      vertex 0.0000 0.0000 0.0000
      vertex -7.5000 12.9904 0.0000
      vertex -3.8823 14.4889 0.0000
    endloop
  endfacet
  facet normal -0.608761 0.793353 0.000000
    outer loop
      vertex -7.5000 12.9904 0.0000
      vertex -10.6066 10.6066 0.0000
      vertex -10.6066 10.6066 4.0000
    endloop
  endfacet
  facet normal -0.608761 0.793353 0.000000
    outer loop
      vertex -7.5000 12.9904 0.0000
      vertex -10.6066 10.6066 4.0000
      vertex -7.5000 12.9904 4.0000
    endloop
  endfacet
  facet normal 0.000000 0.000000 1.000000
    outer loop
      vertex 0.0000 0.0000 4.0000
      vertex -7.5000 12.9904 4.0000
      vertex -10.6066 10.6066 4.0000
    endloop
  endfacet
  facet normal 0.000000 0.000000 -1.000000
    outer loop
      vertex 0.0000 0.0000 0.0000
      vertex -10.6066 10.6066 0.0000
      vertex -7.5000 12.9904 0.0000
    endloop
  endfacet
  facet normal -0.793353 0.608761 0.000000
    outer loop
      vertex -10.6066 10.6066 0.0000
      vertex -12.9904 7.5000 0.0000
      vertex -12.9904 7.5000 4.0000
    endloop
  endfacet
  facet normal -0.793353 0.608761 0.000000
    outer loop
      vertex -10.6066 10.6066 0.0000
      vertex -12.9904 7.5000 4.0000
      vertex -10.6066 10.6066 4.0000
    endloop
  endfacet
  facet normal 0.000000 0.000000 1.000000
    outer loop
      vertex 0.0000 0.0000 4.0000
      vertex -10.6066 10.6066 4.0000
      vertex -12.9904 7.5000 4.0000
    endloop
  endfacet
  facet normal 0.000000 0.000000 -1.000000
    outer loop
      vertex 0.0000 0.0000 0.0000
      vertex -12.9904 7.5000 0.0000
      vertex -10.6066 10.6066 0.0000
    endloop
  endfacet
  facet normal -0.923880 0.382683 0.000000
    outer loop
      vertex -12.9904 7.5000 0.0000
      vertex -14.4889 3.8823 0.0000
      vertex -14.4889 3.8823 4.0000
    endloop
  endfacet
  facet normal -0.923880 0.382683 0.000000
    outer loop
      vertex -12.9904 7.5000 0.0000
      vertex -14.4889 3.8823 4.0000
      vertex -12.9904 7.5000 4.0000
    endloop
  endfacet
  facet normal 0.000000 0.000000 1.000000
    outer loop
      vertex 0.0000 0.0000 4.0000
      vertex -12.9904 7.5000 4.0000
      vertex -14.4889 3.8823 4.0000
    endloop
  endfacet
  facet normal 0.000000 0.000000 -1.000000
    outer loop
      vertex 0.0000 0.0000 0.0000
      vertex -14.4889 3.8823 0.0000
      vertex -12.9904 7.5000 0.0000
    endloop
  endfacet
  facet normal -0.991445 0.130526 0.000000
    outer loop
      vertex -14.4889 3.8823 0.0000
      vertex -15.0000 0.0000 0.0000
      vertex -15.0000 0.0000 4.0000
    endloop
  endfacet
  facet normal -0.991445 0.130526 0.000000
    outer loop
      vertex -14.4889 3.8823 0.0000
      vertex -15.0000 0.0000 4.0000
      vertex -14.4889 3.8823 4.0000
    endloop
  endfacet
  facet normal 0.000000 0.000000 1.000000
    outer loop
      vertex 0.0000 0.0000 4.0000
      vertex -14.4889 3.8823 4.0000
      vertex -15.0000 0.0000 4.0000
    endloop
  endfacet
  facet normal 0.000000 0.000000 -1.000000
    outer loop
      vertex 0.0000 0.0000 0.0000
      vertex -15.0000 0.0000 0.0000
      vertex -14.4889 3.8823 0.0000
    endloop
  endfacet
  facet normal -0.991445 -0.130526 0.000000
    outer loop
      vertex -15.0000 0.0000 0.0000
      vertex -14.4889 -3.8823 0.0000
      vertex -14.4889 -3.8823 4.0000
    endloop
  endfacet
  facet normal -0.991445 -0.130526 0.000000
    outer loop
      vertex -15.0000 0.0000 0.0000
      vertex -14.4889 -3.8823 4.0000
      vertex -15.0000 0.0000 4.0000
    endloop
  endfacet
  facet normal 0.000000 0.000000 1.000000
    outer loop
      vertex 0.0000 0.0000 4.0000
      vertex -15.0000 0.0000 4.0000
      vertex -14.4889 -3.8823 4.0000
    endloop
  endfacet
  facet normal 0.000000 0.000000 -1.000000
    outer loop
      vertex 0.0000 0.0000 0.0000
      vertex -14.4889 -3.8823 0.0000
      vertex -15.0000 0.0000 0.0000
    endloop
  endfacet
  facet normal -0.923880 -0.382683 0.000000
    outer loop
      vertex -14.4889 -3.8823 0.0000
      vertex -12.9904 -7.5000 0.0000
      vertex -12.9904 -7.5000 4.0000
    endloop
  endfacet
  facet normal -0.923880 -0.382683 0.000000
    outer loop
      vertex -14.4889 -3.8823 0.0000
      vertex -12.9904 -7.5000 4.0000
      vertex -14.4889 -3.8823 4.0000
    endloop
  endfacet
  facet normal 0.000000 0.000000 1.000000
    outer loop
      vertex 0.0000 0.0000 4.0000
      vertex -14.4889 -3.8823 4.0000
      vertex -12.9904 -7.5000 4.0000
    endloop
  endfacet
  facet normal 0.000000 0.000000 -1.000000
    outer loop
      vertex 0.0000 0.0000 0.0000
      vertex -12.9904 -7.5000 0.0000
      vertex -14.4889 -3.8823 0.0000
    endloop
  endfacet
  facet normal -0.793353 -0.608761 0.000000
    outer loop
      vertex -12.9904 -7.5000 0.0000
      vertex -10.6066 -10.6066 0.0000
      vertex -10.6066 -10.6066 4.0000
    endloop
  endfacet
  facet normal -0.793353 -0.608761 0.000000
    outer loop
      vertex -12.9904 -7.5000 0.0000
      vertex -10.6066 -10.6066 4.0000
      vertex -12.9904 -7.5000 4.0000
    endloop
  endfacet
  facet normal 0.000000 0.000000 1.000000
    outer loop
      vertex 0.0000 0.0000 4.0000
      vertex -12.9904 -7.5000 4.0000
      vertex -10.6066 -10.6066 4.0000
    endloop
  endfacet
  facet normal 0.000000 0.000000 -1.000000
    outer loop
      vertex 0.0000 0.0000 0.0000
      vertex -10.6066 -10.6066 0.0000
      vertex -12.9904 -7.5000 0.0000
    endloop
  endfacet
  facet normal -0.608761 -0.793353 0.000000
    outer loop
      vertex -10.6066 -10.6066 0.0000
      vertex -7.5000 -12.9904 0.0000
      vertex -7.5000 -12.9904 4.0000
    endloop
  endfacet
  facet normal -0.608761 -0.793353 0.000000
    outer loop
      vertex -10.6066 -10.6066 0.0000
      vertex -7.5000 -12.9904 4.0000
      vertex -10.6066 -10.6066 4.0000
    endloop
  endfacet
  facet normal 0.000000 0.000000 1.000000
    outer loop
      vertex 0.0000 0.0000 4.0000
      vertex -10.6066 -10.6066 4.0000
      vertex -7.5000 -12.9904 4.0000
    endloop
  endfacet
  facet normal 0.000000 0.000000 -1.000000
    outer loop
      vertex 0.0000 0.0000 0.0000
      vertex -7.5000 -12.9904 0.0000
      vertex -10.6066 -10.6066 0.0000
    endloop
  endfacet
  facet normal -0.382683 -0.923880 0.000000
    outer loop
      vertex -7.5000 -12.9904 0.0000
      vertex -3.8823 -14.4889 0.0000
      vertex -3.8823 -14.4889 4.0000
    endloop
  endfacet
  facet normal -0.382683 -0.923880 0.000000
    outer loop
      vertex -7.5000 -12.9904 0.0000
      vertex -3.8823 -14.4889 4.0000
      vertex -7.5000 -12.9904 4.0000
    endloop
  endfacet
  facet normal 0.000000 0.000000 1.000000
    outer loop
      vertex 0.0000 0.0000 4.0000
      vertex -7.5000 -12.9904 4.0000
      vertex -3.8823 -14.4889 4.0000
    endloop
  endfacet
  facet normal 0.000000 0.000000 -1.000000
    outer loop
      vertex 0.0000 0.0000 0.0000
      vertex -3.8823 -14.4889 0.0000
      vertex -7.5000 -12.9904 0.0000
    endloop
  endfacet
  facet normal -0.130526 -0.991445 0.000000
    outer loop
      vertex -3.8823 -14.4889 0.0000
      vertex -0.0000 -15.0000 0.0000
      vertex -0.0000 -15.0000 4.0000
    endloop
  endfacet
  facet normal -0.130526 -0.991445 0.000000
    outer loop
      vertex -3.8823 -14.4889 0.0000
      vertex -0.0000 -15.0000 4.0000
      vertex -3.8823 -14.4889 4.0000
    endloop
  endfacet
  facet normal 0.000000 0.000000 1.000000
    outer loop
      vertex 0.0000 0.0000 4.0000
      vertex -3.8823 -14.4889 4.0000
      vertex -0.0000 -15.0000 4.0000
    endloop
  endfacet
  facet normal 0.000000 0.000000 -1.000000
    outer loop
      vertex 0.0000 0.0000 0.0000
      vertex -0.0000 -15.0000 0.0000
      vertex -3.8823 -14.4889 0.0000
    endloop
  endfacet
  facet normal 0.130526 -0.991445 0.000000
    outer loop
      vertex -0.0000 -15.0000 0.0000
      vertex 3.8823 -14.4889 0.0000
      vertex 3.8823 -14.4889 4.0000
    endloop
  endfacet
  facet normal 0.130526 -0.991445 0.000000
    outer loop
      vertex -0.0000 -15.0000 0.0000
      vertex 3.8823 -14.4889 4.0000
      vertex -0.0000 -15.0000 4.0000
    endloop
  endfacet
  facet normal 0.000000 0.000000 1.000000
    outer loop
      vertex 0.0000 0.0000 4.0000
      vertex -0.0000 -15.0000 4.0000
      vertex 3.8823 -14.4889 4.0000
    endloop
  endfacet
  facet normal 0.000000 0.000000 -1.000000
    outer loop
      vertex 0.0000 0.0000 0.0000
      vertex 3.8823 -14.4889 0.0000
      vertex -0.0000 -15.0000 0.0000
    endloop
  endfacet
  facet normal 0.382683 -0.923880 0.000000
    outer loop
      vertex 3.8823 -14.4889 0.0000
      vertex 7.5000 -12.9904 0.0000
      vertex 7.5000 -12.9904 4.0000
    endloop
  endfacet
  facet normal 0.382683 -0.923880 0.000000
    outer loop
      vertex 3.8823 -14.4889 0.0000
      vertex 7.5000 -12.9904 4.0000
      vertex 3.8823 -14.4889 4.0000
    endloop
  endfacet
  facet normal 0.000000 0.000000 1.000000
    outer loop
      vertex 0.0000 0.0000 4.0000
      vertex 3.8823 -14.4889 4.0000
      vertex 7.5000 -12.9904 4.0000
    endloop
  endfacet
  facet normal 0.000000 0.000000 -1.000000
    outer loop
      vertex 0.0000 0.0000 0.0000
      vertex 7.5000 -12.9904 0.0000
      vertex 3.8823 -14.4889 0.0000
    endloop
  endfacet
  facet normal 0.608761 -0.793353 0.000000
    outer loop
      vertex 7.5000 -12.9904 0.0000
      vertex 10.6066 -10.6066 0.0000
      vertex 10.6066 -10.6066 4.0000
    endloop
  endfacet
  facet normal 0.608761 -0.793353 0.000000
    outer loop
      vertex 7.5000 -12.9904 0.0000
      vertex 10.6066 -10.6066 4.0000
      vertex 7.5000 -12.9904 4.0000
    endloop
  endfacet
  facet normal 0.000000 0.000000 1.000000
    outer loop
      vertex 0.0000 0.0000 4.0000
      vertex 7.5000 -12.9904 4.0000
      vertex 10.6066 -10.6066 4.0000
    endloop
  endfacet
  facet normal 0.000000 0.000000 -1.000000
    outer loop
      vertex 0.0000 0.0000 0.0000
      vertex 10.6066 -10.6066 0.0000
      vertex 7.5000 -12.9904 0.0000
    endloop
  endfacet
  facet normal 0.793353 -0.608761 0.000000
    outer loop
      vertex 10.6066 -10.6066 0.0000
      vertex 12.9904 -7.5000 0.0000
      vertex 12.9904 -7.5000 4.0000
    endloop
  endfacet
  facet normal 0.793353 -0.608761 0.000000
    outer loop
      vertex 10.6066 -10.6066 0.0000
      vertex 12.9904 -7.5000 4.0000
      vertex 10.6066 -10.6066 4.0000
    endloop
  endfacet
  facet normal 0.000000 0.000000 1.000000
    outer loop
      vertex 0.0000 0.0000 4.0000
      vertex 10.6066 -10.6066 4.0000
      vertex 12.9904 -7.5000 4.0000
    endloop
  endfacet
  facet normal 0.000000 0.000000 -1.000000
    outer loop
      vertex 0.0000 0.0000 0.0000
      vertex 12.9904 -7.5000 0.0000
      vertex 10.6066 -10.6066 0.0000
    endloop
  endfacet
  facet normal 0.923880 -0.382683 0.000000
    outer loop
      vertex 12.9904 -7.5000 0.0000
      vertex 14.4889 -3.8823 0.0000
      vertex 14.4889 -3.8823 4.0000
    endloop
  endfacet
  facet normal 0.923880 -0.382683 0.000000
    outer loop
      vertex 12.9904 -7.5000 0.0000
      vertex 14.4889 -3.8823 4.0000
      vertex 12.9904 -7.5000 4.0000
    endloop
  endfacet
  facet normal 0.000000 0.000000 1.000000
    outer loop
      vertex 0.0000 0.0000 4.0000
      vertex 12.9904 -7.5000 4.0000
      vertex 14.4889 -3.8823 4.0000
    endloop
  endfacet
  facet normal 0.000000 0.000000 -1.000000
    outer loop
      vertex 0.0000 0.0000 0.0000
      vertex 14.4889 -3.8823 0.0000
      vertex 12.9904 -7.5000 0.0000
    endloop
  endfacet
  facet normal 0.991445 -0.130526 0.000000
    outer loop
      vertex 14.4889 -3.8823 0.0000
      vertex 15.0000 -0.0000 0.0000
      vertex 15.0000 -0.0000 4.0000
    endloop
  endfacet
  facet normal 0.991445 -0.130526 0.000000
    outer loop
      vertex 14.4889 -3.8823 0.0000
      vertex 15.0000 -0.0000 4.0000
      vertex 14.4889 -3.8823 4.0000
    endloop
  endfacet
  facet normal 0.000000 0.000000 1.000000
    outer loop
      vertex 0.0000 0.0000 4.0000
      vertex 14.4889 -3.8823 4.0000
      vertex 15.0000 -0.0000 4.0000
    endloop
  endfacet
  facet normal 0.000000 0.000000 -1.000000
    outer loop
      vertex 0.0000 0.0000 0.0000
      vertex 15.0000 -0.0000 0.0000
      vertex 14.4889 -3.8823 0.0000
    endloop
  endfacet
  facet normal 0.991445 0.130526 0.000000
    outer loop
      vertex 18.0000 0.0000 4.0000
      vertex 17.3867 4.6587 4.0000
      vertex 17.3867 4.6587 6.0000
    endloop
  endfacet
  facet normal 0.991445 0.130526 0.000000
    outer loop
      vertex 18.0000 0.0000 4.0000
      vertex 17.3867 4.6587 6.0000
      vertex 18.0000 0.0000 6.0000
    endloop
  endfacet
  facet normal 0.000000 0.000000 1.000000
    outer loop
      vertex 0.0000 0.0000 6.0000
      vertex 18.0000 0.0000 6.0000
      vertex 17.3867 4.6587 6.0000
    endloop
  endfacet
  facet normal 0.000000 0.000000 -1.000000
    outer loop
      vertex 0.0000 0.0000 4.0000
      vertex 17.3867 4.6587 4.0000
      vertex 18.0000 0.0000 4.0000
    endloop
  endfacet
  facet normal 0.923880 0.382683 0.000000
    outer loop
      vertex 17.3867 4.6587 4.0000
      vertex 15.5885 9.0000 4.0000
      vertex 15.5885 9.0000 6.0000
    endloop
  endfacet
  facet normal 0.923880 0.382683 0.000000
    outer loop
      vertex 17.3867 4.6587 4.0000
      vertex 15.5885 9.0000 6.0000
      vertex 17.3867 4.6587 6.0000
    endloop
  endfacet
  facet normal 0.000000 0.000000 1.000000
    outer loop
      vertex 0.0000 0.0000 6.0000
      vertex 17.3867 4.6587 6.0000
      vertex 15.5885 9.0000 6.0000
    endloop
  endfacet
  facet normal 0.000000 0.000000 -1.000000
    outer loop
      vertex 0.0000 0.0000 4.0000
      vertex 15.5885 9.0000 4.0000
      vertex 17.3867 4.6587 4.0000
    endloop
  endfacet
  facet normal 0.793353 0.608761 0.000000
    outer loop
      vertex 15.5885 9.0000 4.0000
      vertex 12.7279 12.7279 4.0000
      vertex 12.7279 12.7279 6.0000
    endloop
  endfacet
  facet normal 0.793353 0.608761 0.000000
    outer loop
      vertex 15.5885 9.0000 4.0000
      vertex 12.7279 12.7279 6.0000
      vertex 15.5885 9.0000 6.0000
    endloop
  endfacet
  facet normal 0.000000 0.000000 1.000000
    outer loop
      vertex 0.0000 0.0000 6.0000
      vertex 15.5885 9.0000 6.0000
      vertex 12.7279 12.7279 6.0000
    endloop
  endfacet
  facet normal 0.000000 0.000000 -1.000000
    outer loop
      vertex 0.0000 0.0000 4.0000
      vertex 12.7279 12.7279 4.0000
      vertex 15.5885 9.0000 4.0000
    endloop
  endfacet
  facet normal 0.608761 0.793353 0.000000
    outer loop
      vertex 12.7279 12.7279 4.0000
      vertex 9.0000 15.5885 4.0000
      vertex 9.0000 15.5885 6.0000
    endloop
  endfacet
  facet normal 0.608761 0.793353 0.000000
    outer loop
      vertex 12.7279 12.7279 4.0000
      vertex 9.0000 15.5885 6.0000
      vertex 12.7279 12.7279 6.0000
    endloop
  endfacet
  facet normal 0.000000 0.000000 1.000000
    outer loop
      vertex 0.0000 0.0000 6.0000
      vertex 12.7279 12.7279 6.0000
      vertex 9.0000 15.5885 6.0000
    endloop
  endfacet
  facet normal 0.000000 0.000000 -1.000000
    outer loop
      vertex 0.0000 0.0000 4.0000
      vertex 9.0000 15.5885 4.0000
      vertex 12.7279 12.7279 4.0000
    endloop
  endfacet
  facet normal 0.382683 0.923880 0.000000
    outer loop
      vertex 9.0000 15.5885 4.0000
      vertex 4.6587 17.3867 4.0000
      vertex 4.6587 17.3867 6.0000
    endloop
  endfacet
  facet normal 0.382683 0.923880 0.000000
    outer loop
      vertex 9.0000 15.5885 4.0000
      vertex 4.6587 17.3867 6.0000
      vertex 9.0000 15.5885 6.0000
    endloop
  endfacet
  facet normal 0.000000 0.000000 1.000000
    outer loop
      vertex 0.0000 0.0000 6.0000
      vertex 9.0000 15.5885 6.0000
      vertex 4.6587 17.3867 6.0000
    endloop
  endfacet
  facet normal 0.000000 0.000000 -1.000000
    outer loop
      vertex 0.0000 0.0000 4.0000
      vertex 4.6587 17.3867 4.0000
      vertex 9.0000 15.5885 4.0000
    endloop
  endfacet
  facet normal 0.130526 0.991445 0.000000
    outer loop
      vertex 4.6587 17.3867 4.0000
      vertex 0.0000 18.0000 4.0000
      vertex 0.0000 18.0000 6.0000
    endloop
  endfacet
  facet normal 0.130526 0.991445 0.000000
    outer loop
      vertex 4.6587 17.3867 4.0000
      vertex 0.0000 18.0000 6.0000
      vertex 4.6587 17.3867 6.0000
    endloop
  endfacet
  facet normal 0.000000 0.000000 1.000000
    outer loop
      vertex 0.0000 0.0000 6.0000
      vertex 4.6587 17.3867 6.0000
      vertex 0.0000 18.0000 6.0000
    endloop
  endfacet
  facet normal 0.000000 0.000000 -1.000000
    outer loop
      vertex 0.0000 0.0000 4.0000
      vertex 0.0000 18.0000 4.0000
      vertex 4.6587 17.3867 4.0000
    endloop
  endfacet
  facet normal -0.130526 0.991445 0.000000
    outer loop
      vertex 0.0000 18.0000 4.0000
      vertex -4.6587 17.3867 4.0000
      vertex -4.6587 17.3867 6.0000
    endloop
  endfacet
  facet normal -0.130526 0.991445 0.000000
    outer loop
      vertex 0.0000 18.0000 4.0000
      vertex -4.6587 17.3867 6.0000
      vertex 0.0000 18.0000 6.0000
    endloop
  endfacet
  facet normal 0.000000 0.000000 1.000000
    outer loop
      vertex 0.0000 0.0000 6.0000
      vertex 0.0000 18.0000 6.0000
      vertex -4.6587 17.3867 6.0000
    endloop
  endfacet
  facet normal 0.000000 0.000000 -1.000000
    outer loop
      vertex 0.0000 0.0000 4.0000
      vertex -4.6587 17.3867 4.0000
      vertex 0.0000 18.0000 4.0000
    endloop
  endfacet
  facet normal -0.382683 0.923880 0.000000
    outer loop
      vertex -4.6587 17.3867 4.0000
      vertex -9.0000 15.5885 4.0000
      vertex -9.0000 15.5885 6.0000
    endloop
  endfacet
  facet normal -0.382683 0.923880 0.000000
    outer loop
      vertex -4.6587 17.3867 4.0000
      vertex -9.0000 15.5885 6.0000
      vertex -4.6587 17.3867 6.0000
    endloop
  endfacet
  facet normal 0.000000 0.000000 1.000000
    outer loop
      vertex 0.0000 0.0000 6.0000
      vertex -4.6587 17.3867 6.0000
      vertex -9.0000 15.5885 6.0000
    endloop
  endfacet
  facet normal 0.000000 0.000000 -1.000000
    outer loop
      vertex 0.0000 0.0000 4.0000
      vertex -9.0000 15.5885 4.0000
      vertex -4.6587 17.3867 4.0000
    endloop
  endfacet
  facet normal -0.608761 0.793353 0.000000
    outer loop
      vertex -9.0000 15.5885 4.0000
      vertex -12.7279 12.7279 4.0000
      vertex -12.7279 12.7279 6.0000
    endloop
  endfacet
  facet normal -0.608761 0.793353 0.000000
    outer loop
      vertex -9.0000 15.5885 4.0000
      vertex -12.7279 12.7279 6.0000
      vertex -9.0000 15.5885 6.0000
    endloop
  endfacet
  facet normal 0.000000 0.000000 1.000000
    outer loop
      vertex 0.0000 0.0000 6.0000
      vertex -9.0000 15.5885 6.0000
      vertex -12.7279 12.7279 6.0000
    endloop
  endfacet
  facet normal 0.000000 0.000000 -1.000000
    outer loop
      vertex 0.0000 0.0000 4.0000
      vertex -12.7279 12.7279 4.0000
      vertex -9.0000 15.5885 4.0000
    endloop
  endfacet
  facet normal -0.793353 0.608761 0.000000
    outer loop
      vertex -12.7279 12.7279 4.0000
      vertex -15.5885 9.0000 4.0000
      vertex -15.5885 9.0000 6.0000
    endloop
  endfacet
  facet normal -0.793353 0.608761 0.000000
    outer loop
      vertex -12.7279 12.7279 4.0000
      vertex -15.5885 9.0000 6.0000
      vertex -12.7279 12.7279 6.0000
    endloop
  endfacet
  facet normal 0.000000 0.000000 1.000000
    outer loop
      vertex 0.0000 0.0000 6.0000
      vertex -12.7279 12.7279 6.0000
      vertex -15.5885 9.0000 6.0000
    endloop
  endfacet
  facet normal 0.000000 0.000000 -1.000000
    outer loop
      vertex 0.0000 0.0000 4.0000
      vertex -15.5885 9.0000 4.0000
      vertex -12.7279 12.7279 4.0000
    endloop
  endfacet
  facet normal -0.923880 0.382683 0.000000
    outer loop
      vertex -15.5885 9.0000 4.0000
      vertex -17.3867 4.6587 4.0000
      vertex -17.3867 4.6587 6.0000
    endloop
  endfacet
  facet normal -0.923880 0.382683 0.000000
    outer loop
      vertex -15.5885 9.0000 4.0000
      vertex -17.3867 4.6587 6.0000
      vertex -15.5885 9.0000 6.0000
    endloop
  endfacet
  facet normal 0.000000 0.000000 1.000000
    outer loop
      vertex 0.0000 0.0000 6.0000
      vertex -15.5885 9.0000 6.0000
      vertex -17.3867 4.6587 6.0000
    endloop
  endfacet
  facet normal 0.000000 0.000000 -1.000000
    outer loop
      vertex 0.0000 0.0000 4.0000
      vertex -17.3867 4.6587 4.0000
      vertex -15.5885 9.0000 4.0000
    endloop
  endfacet
  facet normal -0.991445 0.130526 0.000000
    outer loop
      vertex -17.3867 4.6587 4.0000
      vertex -18.0000 0.0000 4.0000
      vertex -18.0000 0.0000 6.0000
    endloop
  endfacet
  facet normal -0.991445 0.130526 0.000000
    outer loop
      vertex -17.3867 4.6587 4.0000
      vertex -18.0000 0.0000 6.0000
      vertex -17.3867 4.6587 6.0000
    endloop
  endfacet
  facet normal 0.000000 0.000000 1.000000
    outer loop
      vertex 0.0000 0.0000 6.0000
      vertex -17.3867 4.6587 6.0000
      vertex -18.0000 0.0000 6.0000
    endloop
  endfacet
  facet normal 0.000000 0.000000 -1.000000
    outer loop
      vertex 0.0000 0.0000 4.0000
      vertex -18.0000 0.0000 4.0000
      vertex -17.3867 4.6587 4.0000
    endloop
  endfacet
  facet normal -0.991445 -0.130526 0.000000
    outer loop
      vertex -18.0000 0.0000 4.0000
      vertex -17.3867 -4.6587 4.0000
      vertex -17.3867 -4.6587 6.0000
    endloop
  endfacet
  facet normal -0.991445 -0.130526 0.000000
    outer loop
      vertex -18.0000 0.0000 4.0000
      vertex -17.3867 -4.6587 6.0000
      vertex -18.0000 0.0000 6.0000
    endloop
  endfacet
  facet normal 0.000000 0.000000 1.000000
    outer loop
      vertex 0.0000 0.0000 6.0000
      vertex -18.0000 0.0000 6.0000
      vertex -17.3867 -4.6587 6.0000
    endloop
  endfacet
  facet normal 0.000000 0.000000 -1.000000
    outer loop
      vertex 0.0000 0.0000 4.0000
      vertex -17.3867 -4.6587 4.0000
      vertex -18.0000 0.0000 4.0000
    endloop
  endfacet
  facet normal -0.923880 -0.382683 0.000000
    outer loop
      vertex -17.3867 -4.6587 4.0000
      vertex -15.5885 -9.0000 4.0000
      vertex -15.5885 -9.0000 6.0000
    endloop
  endfacet
  facet normal -0.923880 -0.382683 0.000000
    outer loop
      vertex -17.3867 -4.6587 4.0000
      vertex -15.5885 -9.0000 6.0000
      vertex -17.3867 -4.6587 6.0000
    endloop
  endfacet
  facet normal 0.000000 0.000000 1.000000
    outer loop
      vertex 0.0000 0.0000 6.0000
      vertex -17.3867 -4.6587 6.0000
      vertex -15.5885 -9.0000 6.0000
    endloop
  endfacet
  facet normal 0.000000 0.000000 -1.000000
    outer loop
      vertex 0.0000 0.0000 4.0000
      vertex -15.5885 -9.0000 4.0000
      vertex -17.3867 -4.6587 4.0000
    endloop
  endfacet
  facet normal -0.793353 -0.608761 0.000000
    outer loop
      vertex -15.5885 -9.0000 4.0000
      vertex -12.7279 -12.7279 4.0000
      vertex -12.7279 -12.7279 6.0000
    endloop
  endfacet
  facet normal -0.793353 -0.608761 0.000000
    outer loop
      vertex -15.5885 -9.0000 4.0000
      vertex -12.7279 -12.7279 6.0000
      vertex -15.5885 -9.0000 6.0000
    endloop
  endfacet
  facet normal 0.000000 0.000000 1.000000
    outer loop
      vertex 0.0000 0.0000 6.0000
      vertex -15.5885 -9.0000 6.0000
      vertex -12.7279 -12.7279 6.0000
    endloop
  endfacet
  facet normal 0.000000 0.000000 -1.000000
    outer loop
      vertex 0.0000 0.0000 4.0000
      vertex -12.7279 -12.7279 4.0000
      vertex -15.5885 -9.0000 4.0000
    endloop
  endfacet
  facet normal -0.608761 -0.793353 0.000000
    outer loop
      vertex -12.7279 -12.7279 4.0000
      vertex -9.0000 -15.5885 4.0000
      vertex -9.0000 -15.5885 6.0000
    endloop
  endfacet
  facet normal -0.608761 -0.793353 0.000000
    outer loop
      vertex -12.7279 -12.7279 4.0000
      vertex -9.0000 -15.5885 6.0000
      vertex -12.7279 -12.7279 6.0000
    endloop
  endfacet
  facet normal 0.000000 0.000000 1.000000
    outer loop
      vertex 0.0000 0.0000 6.0000
      vertex -12.7279 -12.7279 6.0000
      vertex -9.0000 -15.5885 6.0000
    endloop
  endfacet
  facet normal 0.000000 0.000000 -1.000000
    outer loop
      vertex 0.0000 0.0000 4.0000
      vertex -9.0000 -15.5885 4.0000
      vertex -12.7279 -12.7279 4.0000
    endloop
  endfacet
  facet normal -0.382683 -0.923880 0.000000
    outer loop
      vertex -9.0000 -15.5885 4.0000
      vertex -4.6587 -17.3867 4.0000
      vertex -4.6587 -17.3867 6.0000
    endloop
  endfacet
  facet normal -0.382683 -0.923880 0.000000
    outer loop
      vertex -9.0000 -15.5885 4.0000
      vertex -4.6587 -17.3867 6.0000
      vertex -9.0000 -15.5885 6.0000
    endloop
  endfacet
  facet normal 0.000000 0.000000 1.000000
    outer loop
      vertex 0.0000 0.0000 6.0000
      vertex -9.0000 -15.5885 6.0000
      vertex -4.6587 -17.3867 6.0000
    endloop
  endfacet
  facet normal 0.000000 0.000000 -1.000000
    outer loop
      vertex 0.0000 0.0000 4.0000
      vertex -4.6587 -17.3867 4.0000
      vertex -9.0000 -15.5885 4.0000
    endloop
  endfacet
  facet normal -0.130526 -0.991445 0.000000
    outer loop
      vertex -4.6587 -17.3867 4.0000
      vertex -0.0000 -18.0000 4.0000
      vertex -0.0000 -18.0000 6.0000
    endloop
  endfacet
  facet normal -0.130526 -0.991445 0.000000
    outer loop
      vertex -4.6587 -17.3867 4.0000
      vertex -0.0000 -18.0000 6.0000
      vertex -4.6587 -17.3867 6.0000
    endloop
  endfacet
  facet normal 0.000000 0.000000 1.000000
    outer loop
      vertex 0.0000 0.0000 6.0000
      vertex -4.6587 -17.3867 6.0000
      vertex -0.0000 -18.0000 6.0000
    endloop
  endfacet
  facet normal 0.000000 0.000000 -1.000000
    outer loop
      vertex 0.0000 0.0000 4.0000
      vertex -0.0000 -18.0000 4.0000
      vertex -4.6587 -17.3867 4.0000
    endloop
  endfacet
  facet normal 0.130526 -0.991445 0.000000
    outer loop
      vertex -0.0000 -18.0000 4.0000
      vertex 4.6587 -17.3867 4.0000
      vertex 4.6587 -17.3867 6.0000
    endloop
  endfacet
  facet normal 0.130526 -0.991445 0.000000
    outer loop
      vertex -0.0000 -18.0000 4.0000
      vertex 4.6587 -17.3867 6.0000
      vertex -0.0000 -18.0000 6.0000
    endloop
  endfacet
  facet normal 0.000000 0.000000 1.000000
    outer loop
      vertex 0.0000 0.0000 6.0000
      vertex -0.0000 -18.0000 6.0000
      vertex 4.6587 -17.3867 6.0000
    endloop
  endfacet
  facet normal 0.000000 0.000000 -1.000000
    outer loop
      vertex 0.0000 0.0000 4.0000
      vertex 4.6587 -17.3867 4.0000
      vertex -0.0000 -18.0000 4.0000
    endloop
  endfacet
  facet normal 0.382683 -0.923880 0.000000
    outer loop
      vertex 4.6587 -17.3867 4.0000
      vertex 9.0000 -15.5885 4.0000
      vertex 9.0000 -15.5885 6.0000
    endloop
  endfacet
  facet normal 0.382683 -0.923880 0.000000
    outer loop
      vertex 4.6587 -17.3867 4.0000
      vertex 9.0000 -15.5885 6.0000
      vertex 4.6587 -17.3867 6.0000
    endloop
  endfacet
  facet normal 0.000000 0.000000 1.000000
    outer loop
      vertex 0.0000 0.0000 6.0000
      vertex 4.6587 -17.3867 6.0000
      vertex 9.0000 -15.5885 6.0000
    endloop
  endfacet
  facet normal 0.000000 0.000000 -1.000000
    outer loop
      vertex 0.0000 0.0000 4.0000
      vertex 9.0000 -15.5885 4.0000
      vertex 4.6587 -17.3867 4.0000
    endloop
  endfacet
  facet normal 0.608761 -0.793353 0.000000
    outer loop
      vertex 9.0000 -15.5885 4.0000
      vertex 12.7279 -12.7279 4.0000
      vertex 12.7279 -12.7279 6.0000
    endloop
  endfacet
  facet normal 0.608761 -0.793353 0.000000
    outer loop
      vertex 9.0000 -15.5885 4.0000
      vertex 12.7279 -12.7279 6.0000
      vertex 9.0000 -15.5885 6.0000
    endloop
  endfacet
  facet normal 0.000000 0.000000 1.000000
    outer loop
      vertex 0.0000 0.0000 6.0000
      vertex 9.0000 -15.5885 6.0000
      vertex 12.7279 -12.7279 6.0000
    endloop
  endfacet
  facet normal 0.000000 0.000000 -1.000000
    outer loop
      vertex 0.0000 0.0000 4.0000
      vertex 12.7279 -12.7279 4.0000
      vertex 9.0000 -15.5885 4.0000
    endloop
  endfacet
  facet normal 0.793353 -0.608761 0.000000
    outer loop
      vertex 12.7279 -12.7279 4.0000
      vertex 15.5885 -9.0000 4.0000
      vertex 15.5885 -9.0000 6.0000
    endloop
  endfacet
  facet normal 0.793353 -0.608761 0.000000
    outer loop
      vertex 12.7279 -12.7279 4.0000
      vertex 15.5885 -9.0000 6.0000
      vertex 12.7279 -12.7279 6.0000
    endloop
  endfacet
  facet normal 0.000000 0.000000 1.000000
    outer loop
      vertex 0.0000 0.0000 6.0000
      vertex 12.7279 -12.7279 6.0000
      vertex 15.5885 -9.0000 6.0000
    endloop
  endfacet
  facet normal 0.000000 0.000000 -1.000000
    outer loop
      vertex 0.0000 0.0000 4.0000
      vertex 15.5885 -9.0000 4.0000
      vertex 12.7279 -12.7279 4.0000
    endloop
  endfacet
  facet normal 0.923880 -0.382683 0.000000
    outer loop
      vertex 15.5885 -9.0000 4.0000
      vertex 17.3867 -4.6587 4.0000
      vertex 17.3867 -4.6587 6.0000
    endloop
  endfacet
  facet normal 0.923880 -0.382683 0.000000
    outer loop
      vertex 15.5885 -9.0000 4.0000
      vertex 17.3867 -4.6587 6.0000
      vertex 15.5885 -9.0000 6.0000
    endloop
  endfacet
  facet normal 0.000000 0.000000 1.000000
    outer loop
      vertex 0.0000 0.0000 6.0000
      vertex 15.5885 -9.0000 6.0000
      vertex 17.3867 -4.6587 6.0000
    endloop
  endfacet
  facet normal 0.000000 0.000000 -1.000000
    outer loop
      vertex 0.0000 0.0000 4.0000
      vertex 17.3867 -4.6587 4.0000
      vertex 15.5885 -9.0000 4.0000
    endloop
  endfacet
  facet normal 0.991445 -0.130526 0.000000
    outer loop
      vertex 17.3867 -4.6587 4.0000
      vertex 18.0000 -0.0000 4.0000
      vertex 18.0000 -0.0000 6.0000
    endloop
  endfacet
  facet normal 0.991445 -0.130526 0.000000
    outer loop
      vertex 17.3867 -4.6587 4.0000
      vertex 18.0000 -0.0000 6.0000
      vertex 17.3867 -4.6587 6.0000
    endloop
  endfacet
  facet normal 0.000000 0.000000 1.000000
    outer loop
      vertex 0.0000 0.0000 6.0000
      vertex 17.3867 -4.6587 6.0000
      vertex 18.0000 -0.0000 6.0000
    endloop
  endfacet
  facet normal 0.000000 0.000000 -1.000000
    outer loop
      vertex 0.0000 0.0000 4.0000
      vertex 18.0000 -0.0000 4.0000
      vertex 17.3867 -4.6587 4.0000
    endloop
  endfacet
  facet normal 0.000000 0.000000 1.000000
    outer loop
      vertex 15.0000 0.0000 4.0000
      vertex 18.0000 0.0000 4.0000
      vertex 17.3867 4.6587 4.0000
    endloop
  endfacet
  facet normal 0.000000 0.000000 1.000000
    outer loop
      vertex 15.0000 0.0000 4.0000
      vertex 17.3867 4.6587 4.0000
      vertex 14.4889 3.8823 4.0000
    endloop
  endfacet
  facet normal 0.000000 0.000000 1.000000
    outer loop
      vertex 14.4889 3.8823 4.0000
      vertex 17.3867 4.6587 4.0000
      vertex 15.5885 9.0000 4.0000
    endloop
  endfacet
  facet normal 0.000000 0.000000 1.000000
    outer loop
      vertex 14.4889 3.8823 4.0000
      vertex 15.5885 9.0000 4.0000
      vertex 12.9904 7.5000 4.0000
    endloop
  endfacet
  facet normal 0.000000 0.000000 1.000000
    outer loop
      vertex 12.9904 7.5000 4.0000
      vertex 15.5885 9.0000 4.0000
      vertex 12.7279 12.7279 4.0000
    endloop
  endfacet
  facet normal 0.000000 0.000000 1.000000
    outer loop
      vertex 12.9904 7.5000 4.0000
      vertex 12.7279 12.7279 4.0000
      vertex 10.6066 10.6066 4.0000
    endloop
  endfacet
  facet normal 0.000000 0.000000 1.000000
    outer loop
      vertex 10.6066 10.6066 4.0000
      vertex 12.7279 12.7279 4.0000
      vertex 9.0000 15.5885 4.0000
    endloop
  endfacet
  facet normal 0.000000 0.000000 1.000000
    outer loop
      vertex 10.6066 10.6066 4.0000
      vertex 9.0000 15.5885 4.0000
      vertex 7.5000 12.9904 4.0000
    endloop
  endfacet
  facet normal 0.000000 0.000000 1.000000
    outer loop
      vertex 7.5000 12.9904 4.0000
      vertex 9.0000 15.5885 4.0000
      vertex 4.6587 17.3867 4.0000
    endloop
  endfacet
  facet normal 0.000000 0.000000 1.000000
    outer loop
      vertex 7.5000 12.9904 4.0000
      vertex 4.6587 17.3867 4.0000
      vertex 3.8823 14.4889 4.0000
    endloop
  endfacet
  facet normal 0.000000 0.000000 1.000000
    outer loop
      vertex 3.8823 14.4889 4.0000
      vertex 4.6587 17.3867 4.0000
      vertex 0.0000 18.0000 4.0000
    endloop
  endfacet
  facet normal 0.000000 0.000000 1.000000
    outer loop
      vertex 3.8823 14.4889 4.0000
      vertex 0.0000 18.0000 4.0000
      vertex 0.0000 15.0000 4.0000
    endloop
  endfacet
  facet normal 0.000000 0.000000 1.000000
    outer loop
      vertex 0.0000 15.0000 4.0000
      vertex 0.0000 18.0000 4.0000
      vertex -4.6587 17.3867 4.0000
    endloop
  endfacet
  facet normal 0.000000 0.000000 1.000000
    outer loop
      vertex 0.0000 15.0000 4.0000
      vertex -4.6587 17.3867 4.0000
      vertex -3.8823 14.4889 4.0000
    endloop
  endfacet
  facet normal 0.000000 0.000000 1.000000
    outer loop
      vertex -3.8823 14.4889 4.0000
      vertex -4.6587 17.3867 4.0000
      vertex -9.0000 15.5885 4.0000
    endloop
  endfacet
  facet normal 0.000000 0.000000 1.000000
    outer loop
      vertex -3.8823 14.4889 4.0000
      vertex -9.0000 15.5885 4.0000
      vertex -7.5000 12.9904 4.0000
    endloop
  endfacet
  facet normal 0.000000 0.000000 1.000000
    outer loop
      vertex -7.5000 12.9904 4.0000
      vertex -9.0000 15.5885 4.0000
      vertex -12.7279 12.7279 4.0000
    endloop
  endfacet
  facet normal 0.000000 0.000000 1.000000
    outer loop
      vertex -7.5000 12.9904 4.0000
      vertex -12.7279 12.7279 4.0000
      vertex -10.6066 10.6066 4.0000
    endloop
  endfacet
  facet normal 0.000000 0.000000 1.000000
    outer loop
      vertex -10.6066 10.6066 4.0000
      vertex -12.7279 12.7279 4.0000
      vertex -15.5885 9.0000 4.0000
    endloop
  endfacet
  facet normal 0.000000 0.000000 1.000000
    outer loop
      vertex -10.6066 10.6066 4.0000
      vertex -15.5885 9.0000 4.0000
      vertex -12.9904 7.5000 4.0000
    endloop
  endfacet
  facet normal 0.000000 0.000000 1.000000
    outer loop
      vertex -12.9904 7.5000 4.0000
      vertex -15.5885 9.0000 4.0000
      vertex -17.3867 4.6587 4.0000
    endloop
  endfacet
  facet normal 0.000000 0.000000 1.000000
    outer loop
      vertex -12.9904 7.5000 4.0000
      vertex -17.3867 4.6587 4.0000
      vertex -14.4889 3.8823 4.0000
    endloop
  endfacet
  facet normal 0.000000 0.000000 1.000000
    outer loop
      vertex -14.4889 3.8823 4.0000
      vertex -17.3867 4.6587 4.0000
      vertex -18.0000 0.0000 4.0000
    endloop
  endfacet
  facet normal 0.000000 0.000000 1.000000
    outer loop
      vertex -14.4889 3.8823 4.0000
      vertex -18.0000 0.0000 4.0000
      vertex -15.0000 0.0000 4.0000
    endloop
  endfacet
  facet normal 0.000000 0.000000 1.000000
    outer loop
      vertex -15.0000 0.0000 4.0000
      vertex -18.0000 0.0000 4.0000
      vertex -17.3867 -4.6587 4.0000
    endloop
  endfacet
  facet normal 0.000000 0.000000 1.000000
    outer loop
      vertex -15.0000 0.0000 4.0000
      vertex -17.3867 -4.6587 4.0000
      vertex -14.4889 -3.8823 4.0000
    endloop
  endfacet
  facet normal 0.000000 0.000000 1.000000
    outer loop
      vertex -14.4889 -3.8823 4.0000
      vertex -17.3867 -4.6587 4.0000
      vertex -15.5885 -9.0000 4.0000
    endloop
  endfacet
  facet normal 0.000000 0.000000 1.000000
    outer loop
      vertex -14.4889 -3.8823 4.0000
      vertex -15.5885 -9.0000 4.0000
      vertex -12.9904 -7.5000 4.0000
    endloop
  endfacet
  facet normal 0.000000 0.000000 1.000000
    outer loop
      vertex -12.9904 -7.5000 4.0000
      vertex -15.5885 -9.0000 4.0000
      vertex -12.7279 -12.7279 4.0000
    endloop
  endfacet
  facet normal 0.000000 0.000000 1.000000
    outer loop
      vertex -12.9904 -7.5000 4.0000
      vertex -12.7279 -12.7279 4.0000
      vertex -10.6066 -10.6066 4.0000
    endloop
  endfacet
  facet normal 0.000000 0.000000 1.000000
    outer loop
      vertex -10.6066 -10.6066 4.0000
      vertex -12.7279 -12.7279 4.0000
      vertex -9.0000 -15.5885 4.0000
    endloop
  endfacet
  facet normal 0.000000 0.000000 1.000000
    outer loop
      vertex -10.6066 -10.6066 4.0000
      vertex -9.0000 -15.5885 4.0000
      vertex -7.5000 -12.9904 4.0000
    endloop
  endfacet
  facet normal 0.000000 0.000000 1.000000
    outer loop
      vertex -7.5000 -12.9904 4.0000
      vertex -9.0000 -15.5885 4.0000
      vertex -4.6587 -17.3867 4.0000
    endloop
  endfacet
  facet normal 0.000000 0.000000 1.000000
    outer loop
      vertex -7.5000 -12.9904 4.0000
      vertex -4.6587 -17.3867 4.0000
      vertex -3.8823 -14.4889 4.0000
    endloop
  endfacet
  facet normal 0.000000 0.000000 1.000000
    outer loop
      vertex -3.8823 -14.4889 4.0000
      vertex -4.6587 -17.3867 4.0000
      vertex -0.0000 -18.0000 4.0000
    endloop
  endfacet
  facet normal 0.000000 0.000000 1.000000
    outer loop
      vertex -3.8823 -14.4889 4.0000
      vertex -0.0000 -18.0000 4.0000
      vertex -0.0000 -15.0000 4.0000
    endloop
  endfacet
  facet normal 0.000000 0.000000 1.000000
    outer loop
      vertex -0.0000 -15.0000 4.0000
      vertex -0.0000 -18.0000 4.0000
      vertex 4.6587 -17.3867 4.0000
    endloop
  endfacet
  facet normal 0.000000 0.000000 1.000000
    outer loop
      vertex -0.0000 -15.0000 4.0000
      vertex 4.6587 -17.3867 4.0000
      vertex 3.8823 -14.4889 4.0000
    endloop
  endfacet
  facet normal 0.000000 0.000000 1.000000
    outer loop
      vertex 3.8823 -14.4889 4.0000
      vertex 4.6587 -17.3867 4.0000
      vertex 9.0000 -15.5885 4.0000
    endloop
  endfacet
  facet normal 0.000000 0.000000 1.000000
    outer loop
      vertex 3.8823 -14.4889 4.0000
      vertex 9.0000 -15.5885 4.0000
      vertex 7.5000 -12.9904 4.0000
    endloop
  endfacet
  facet normal 0.000000 0.000000 1.000000
    outer loop
      vertex 7.5000 -12.9904 4.0000
      vertex 9.0000 -15.5885 4.0000
      vertex 12.7279 -12.7279 4.0000
    endloop
  endfacet
  facet normal 0.000000 0.000000 1.000000
    outer loop
      vertex 7.5000 -12.9904 4.0000
      vertex 12.7279 -12.7279 4.0000
      vertex 10.6066 -10.6066 4.0000
    endloop
  endfacet
  facet normal 0.000000 0.000000 1.000000
    outer loop
      vertex 10.6066 -10.6066 4.0000
      vertex 12.7279 -12.7279 4.0000
      vertex 15.5885 -9.0000 4.0000
    endloop
  endfacet
  facet normal 0.000000 0.000000 1.000000
    outer loop
      vertex 10.6066 -10.6066 4.0000
      vertex 15.5885 -9.0000 4.0000
      vertex 12.9904 -7.5000 4.0000
    endloop
  endfacet
  facet normal 0.000000 0.000000 1.000000
    outer loop
      vertex 12.9904 -7.5000 4.0000
      vertex 15.5885 -9.0000 4.0000
      vertex 17.3867 -4.6587 4.0000
    endloop
  endfacet
  facet normal 0.000000 0.000000 1.000000
    outer loop
      vertex 12.9904 -7.5000 4.0000
      vertex 17.3867 -4.6587 4.0000
      vertex 14.4889 -3.8823 4.0000
    endloop
  endfacet
  facet normal 0.000000 0.000000 1.000000
    outer loop
      vertex 14.4889 -3.8823 4.0000
      vertex 17.3867 -4.6587 4.0000
      vertex 18.0000 -0.0000 4.0000
    endloop
  endfacet
  facet normal 0.000000 0.000000 1.000000
    outer loop
      vertex 14.4889 -3.8823 4.0000
      vertex 18.0000 -0.0000 4.0000
      vertex 15.0000 -0.0000 4.0000
    endloop
  endfacet
  facet normal 0.000000 0.000000 1.000000
    outer loop
      vertex 15.0000 0.0000 6.0000
      vertex 18.0000 0.0000 6.0000
      vertex 17.3867 4.6587 6.0000
    endloop
  endfacet
  facet normal 0.000000 0.000000 1.000000
    outer loop
      vertex 15.0000 0.0000 6.0000
      vertex 17.3867 4.6587 6.0000
      vertex 14.4889 3.8823 6.0000
    endloop
  endfacet
  facet normal 0.000000 0.000000 1.000000
    outer loop
      vertex 14.4889 3.8823 6.0000
      vertex 17.3867 4.6587 6.0000
      vertex 15.5885 9.0000 6.0000
    endloop
  endfacet
  facet normal 0.000000 0.000000 1.000000
    outer loop
      vertex 14.4889 3.8823 6.0000
      vertex 15.5885 9.0000 6.0000
      vertex 12.9904 7.5000 6.0000
    endloop
  endfacet
  facet normal 0.000000 0.000000 1.000000
    outer loop
      vertex 12.9904 7.5000 6.0000
      vertex 15.5885 9.0000 6.0000
      vertex 12.7279 12.7279 6.0000
    endloop
  endfacet
  facet normal 0.000000 0.000000 1.000000
    outer loop
      vertex 12.9904 7.5000 6.0000
      vertex 12.7279 12.7279 6.0000
      vertex 10.6066 10.6066 6.0000
    endloop
  endfacet
  facet normal 0.000000 0.000000 1.000000
    outer loop
      vertex 10.6066 10.6066 6.0000
      vertex 12.7279 12.7279 6.0000
      vertex 9.0000 15.5885 6.0000
    endloop
  endfacet
  facet normal 0.000000 0.000000 1.000000
    outer loop
      vertex 10.6066 10.6066 6.0000
      vertex 9.0000 15.5885 6.0000
      vertex 7.5000 12.9904 6.0000
    endloop
  endfacet
  facet normal 0.000000 0.000000 1.000000
    outer loop
      vertex 7.5000 12.9904 6.0000
      vertex 9.0000 15.5885 6.0000
      vertex 4.6587 17.3867 6.0000
    endloop
  endfacet
  facet normal 0.000000 0.000000 1.000000
    outer loop
      vertex 7.5000 12.9904 6.0000
      vertex 4.6587 17.3867 6.0000
      vertex 3.8823 14.4889 6.0000
    endloop
  endfacet
  facet normal 0.000000 0.000000 1.000000
    outer loop
      vertex 3.8823 14.4889 6.0000
      vertex 4.6587 17.3867 6.0000
      vertex 0.0000 18.0000 6.0000
    endloop
  endfacet
  facet normal 0.000000 0.000000 1.000000
    outer loop
      vertex 3.8823 14.4889 6.0000
      vertex 0.0000 18.0000 6.0000
      vertex 0.0000 15.0000 6.0000
    endloop
  endfacet
  facet normal 0.000000 0.000000 1.000000
    outer loop
      vertex 0.0000 15.0000 6.0000
      vertex 0.0000 18.0000 6.0000
      vertex -4.6587 17.3867 6.0000
    endloop
  endfacet
  facet normal 0.000000 0.000000 1.000000
    outer loop
      vertex 0.0000 15.0000 6.0000
      vertex -4.6587 17.3867 6.0000
      vertex -3.8823 14.4889 6.0000
    endloop
  endfacet
  facet normal 0.000000 0.000000 1.000000
    outer loop
      vertex -3.8823 14.4889 6.0000
      vertex -4.6587 17.3867 6.0000
      vertex -9.0000 15.5885 6.0000
    endloop
  endfacet
  facet normal 0.000000 0.000000 1.000000
    outer loop
      vertex -3.8823 14.4889 6.0000
      vertex -9.0000 15.5885 6.0000
      vertex -7.5000 12.9904 6.0000
    endloop
  endfacet
  facet normal 0.000000 0.000000 1.000000
    outer loop
      vertex -7.5000 12.9904 6.0000
      vertex -9.0000 15.5885 6.0000
      vertex -12.7279 12.7279 6.0000
    endloop
  endfacet
  facet normal 0.000000 0.000000 1.000000
    outer loop
      vertex -7.5000 12.9904 6.0000
      vertex -12.7279 12.7279 6.0000
      vertex -10.6066 10.6066 6.0000
    endloop
  endfacet
  facet normal 0.000000 0.000000 1.000000
    outer loop
      vertex -10.6066 10.6066 6.0000
      vertex -12.7279 12.7279 6.0000
      vertex -15.5885 9.0000 6.0000
    endloop
  endfacet
  facet normal 0.000000 0.000000 1.000000
    outer loop
      vertex -10.6066 10.6066 6.0000
      vertex -15.5885 9.0000 6.0000
      vertex -12.9904 7.5000 6.0000
    endloop
  endfacet
  facet normal 0.000000 0.000000 1.000000
    outer loop
      vertex -12.9904 7.5000 6.0000
      vertex -15.5885 9.0000 6.0000
      vertex -17.3867 4.6587 6.0000
    endloop
  endfacet
  facet normal 0.000000 0.000000 1.000000
    outer loop
      vertex -12.9904 7.5000 6.0000
      vertex -17.3867 4.6587 6.0000
      vertex -14.4889 3.8823 6.0000
    endloop
  endfacet
  facet normal 0.000000 0.000000 1.000000
    outer loop
      vertex -14.4889 3.8823 6.0000
      vertex -17.3867 4.6587 6.0000
      vertex -18.0000 0.0000 6.0000
    endloop
  endfacet
  facet normal 0.000000 0.000000 1.000000
    outer loop
      vertex -14.4889 3.8823 6.0000
      vertex -18.0000 0.0000 6.0000
      vertex -15.0000 0.0000 6.0000
    endloop
  endfacet
  facet normal 0.000000 0.000000 1.000000
    outer loop
      vertex -15.0000 0.0000 6.0000
      vertex -18.0000 0.0000 6.0000
      vertex -17.3867 -4.6587 6.0000
    endloop
  endfacet
  facet normal 0.000000 0.000000 1.000000
    outer loop
      vertex -15.0000 0.0000 6.0000
      vertex -17.3867 -4.6587 6.0000
      vertex -14.4889 -3.8823 6.0000
    endloop
  endfacet
  facet normal 0.000000 0.000000 1.000000
    outer loop
      vertex -14.4889 -3.8823 6.0000
      vertex -17.3867 -4.6587 6.0000
      vertex -15.5885 -9.0000 6.0000
    endloop
  endfacet
  facet normal 0.000000 0.000000 1.000000
    outer loop
      vertex -14.4889 -3.8823 6.0000
      vertex -15.5885 -9.0000 6.0000
      vertex -12.9904 -7.5000 6.0000
    endloop
  endfacet
  facet normal 0.000000 0.000000 1.000000
    outer loop
      vertex -12.9904 -7.5000 6.0000
      vertex -15.5885 -9.0000 6.0000
      vertex -12.7279 -12.7279 6.0000
    endloop
  endfacet
  facet normal 0.000000 0.000000 1.000000
    outer loop
      vertex -12.9904 -7.5000 6.0000
      vertex -12.7279 -12.7279 6.0000
      vertex -10.6066 -10.6066 6.0000
    endloop
  endfacet
  facet normal 0.000000 0.000000 1.000000
    outer loop
      vertex -10.6066 -10.6066 6.0000
      vertex -12.7279 -12.7279 6.0000
      vertex -9.0000 -15.5885 6.0000
    endloop
  endfacet
  facet normal 0.000000 0.000000 1.000000
    outer loop
      vertex -10.6066 -10.6066 6.0000
      vertex -9.0000 -15.5885 6.0000
      vertex -7.5000 -12.9904 6.0000
    endloop
  endfacet
  facet normal 0.000000 0.000000 1.000000
    outer loop
      vertex -7.5000 -12.9904 6.0000
      vertex -9.0000 -15.5885 6.0000
      vertex -4.6587 -17.3867 6.0000
    endloop
  endfacet
  facet normal 0.000000 0.000000 1.000000
    outer loop
      vertex -7.5000 -12.9904 6.0000
      vertex -4.6587 -17.3867 6.0000
      vertex -3.8823 -14.4889 6.0000
    endloop
  endfacet
  facet normal 0.000000 0.000000 1.000000
    outer loop
      vertex -3.8823 -14.4889 6.0000
      vertex -4.6587 -17.3867 6.0000
      vertex -0.0000 -18.0000 6.0000
    endloop
  endfacet
  facet normal 0.000000 0.000000 1.000000
    outer loop
      vertex -3.8823 -14.4889 6.0000
      vertex -0.0000 -18.0000 6.0000
      vertex -0.0000 -15.0000 6.0000
    endloop
  endfacet
  facet normal 0.000000 0.000000 1.000000
    outer loop
      vertex -0.0000 -15.0000 6.0000
      vertex -0.0000 -18.0000 6.0000
      vertex 4.6587 -17.3867 6.0000
    endloop
  endfacet
  facet normal 0.000000 0.000000 1.000000
    outer loop
      vertex -0.0000 -15.0000 6.0000
      vertex 4.6587 -17.3867 6.0000
      vertex 3.8823 -14.4889 6.0000
    endloop
  endfacet
  facet normal 0.000000 0.000000 1.000000
    outer loop
      vertex 3.8823 -14.4889 6.0000
      vertex 4.6587 -17.3867 6.0000
      vertex 9.0000 -15.5885 6.0000
    endloop
  endfacet
  facet normal 0.000000 0.000000 1.000000
    outer loop
      vertex 3.8823 -14.4889 6.0000
      vertex 9.0000 -15.5885 6.0000
      vertex 7.5000 -12.9904 6.0000
    endloop
  endfacet
  facet normal 0.000000 0.000000 1.000000
    outer loop
      vertex 7.5000 -12.9904 6.0000
      vertex 9.0000 -15.5885 6.0000
      vertex 12.7279 -12.7279 6.0000
    endloop
  endfacet
  facet normal 0.000000 0.000000 1.000000
    outer loop
      vertex 7.5000 -12.9904 6.0000
      vertex 12.7279 -12.7279 6.0000
      vertex 10.6066 -10.6066 6.0000
    endloop
  endfacet
  facet normal 0.000000 0.000000 1.000000
    outer loop
      vertex 10.6066 -10.6066 6.0000
      vertex 12.7279 -12.7279 6.0000
      vertex 15.5885 -9.0000 6.0000
    endloop
  endfacet
  facet normal 0.000000 0.000000 1.000000
    outer loop
      vertex 10.6066 -10.6066 6.0000
      vertex 15.5885 -9.0000 6.0000
      vertex 12.9904 -7.5000 6.0000
    endloop
  endfacet
  facet normal 0.000000 0.000000 1.000000
    outer loop
      vertex 12.9904 -7.5000 6.0000
      vertex 15.5885 -9.0000 6.0000
      vertex 17.3867 -4.6587 6.0000
    endloop
  endfacet
  facet normal 0.000000 0.000000 1.000000
    outer loop
      vertex 12.9904 -7.5000 6.0000
      vertex 17.3867 -4.6587 6.0000
      vertex 14.4889 -3.8823 6.0000
    endloop
  endfacet
  facet normal 0.000000 0.000000 1.000000
    outer loop
      vertex 14.4889 -3.8823 6.0000
      vertex 17.3867 -4.6587 6.0000
      vertex 18.0000 -0.0000 6.0000
    endloop
  endfacet
  facet normal 0.000000 0.000000 1.000000
    outer loop
      vertex 14.4889 -3.8823 6.0000
      vertex 18.0000 -0.0000 6.0000
      vertex 15.0000 -0.0000 6.0000
    endloop
  endfacet
  facet normal 0.987688 0.156434 0.000000
    outer loop
      vertex 6.0000 0.0000 6.0000
      vertex 5.7063 1.8541 6.0000
      vertex 5.7063 1.8541 16.0000
    endloop
  endfacet
  facet normal 0.987688 0.156434 0.000000
    outer loop
      vertex 6.0000 0.0000 6.0000
      vertex 5.7063 1.8541 16.0000
      vertex 6.0000 0.0000 16.0000
    endloop
  endfacet
  facet normal 0.000000 0.000000 1.000000
    outer loop
      vertex 0.0000 0.0000 16.0000
      vertex 6.0000 0.0000 16.0000
      vertex 5.7063 1.8541 16.0000
    endloop
  endfacet
  facet normal 0.000000 0.000000 -1.000000
    outer loop
      vertex 0.0000 0.0000 6.0000
      vertex 5.7063 1.8541 6.0000
      vertex 6.0000 0.0000 6.0000
    endloop
  endfacet
  facet normal 0.891007 0.453990 0.000000
    outer loop
      vertex 5.7063 1.8541 6.0000
      vertex 4.8541 3.5267 6.0000
      vertex 4.8541 3.5267 16.0000
    endloop
  endfacet
  facet normal 0.891007 0.453990 0.000000
    outer loop
      vertex 5.7063 1.8541 6.0000
      vertex 4.8541 3.5267 16.0000
      vertex 5.7063 1.8541 16.0000
    endloop
  endfacet
  facet normal 0.000000 0.000000 1.000000
    outer loop
      vertex 0.0000 0.0000 16.0000
      vertex 5.7063 1.8541 16.0000
      vertex 4.8541 3.5267 16.0000
    endloop
  endfacet
  facet normal 0.000000 0.000000 -1.000000
    outer loop
      vertex 0.0000 0.0000 6.0000
      vertex 4.8541 3.5267 6.0000
      vertex 5.7063 1.8541 6.0000
    endloop
  endfacet
  facet normal 0.707107 0.707107 0.000000
    outer loop
      vertex 4.8541 3.5267 6.0000
      vertex 3.5267 4.8541 6.0000
      vertex 3.5267 4.8541 16.0000
    endloop
  endfacet
  facet normal 0.707107 0.707107 0.000000
    outer loop
      vertex 4.8541 3.5267 6.0000
      vertex 3.5267 4.8541 16.0000
      vertex 4.8541 3.5267 16.0000
    endloop
  endfacet
  facet normal 0.000000 0.000000 1.000000
    outer loop
      vertex 0.0000 0.0000 16.0000
      vertex 4.8541 3.5267 16.0000
      vertex 3.5267 4.8541 16.0000
    endloop
  endfacet
  facet normal 0.000000 0.000000 -1.000000
    outer loop
      vertex 0.0000 0.0000 6.0000
      vertex 3.5267 4.8541 6.0000
      vertex 4.8541 3.5267 6.0000
    endloop
  endfacet
  facet normal 0.453990 0.891007 0.000000
    outer loop
      vertex 3.5267 4.8541 6.0000
      vertex 1.8541 5.7063 6.0000
      vertex 1.8541 5.7063 16.0000
    endloop
  endfacet
  facet normal 0.453990 0.891007 0.000000
    outer loop
      vertex 3.5267 4.8541 6.0000
      vertex 1.8541 5.7063 16.0000
      vertex 3.5267 4.8541 16.0000
    endloop
  endfacet
  facet normal 0.000000 0.000000 1.000000
    outer loop
      vertex 0.0000 0.0000 16.0000
      vertex 3.5267 4.8541 16.0000
      vertex 1.8541 5.7063 16.0000
    endloop
  endfacet
  facet normal 0.000000 0.000000 -1.000000
    outer loop
      vertex 0.0000 0.0000 6.0000
      vertex 1.8541 5.7063 6.0000
      vertex 3.5267 4.8541 6.0000
    endloop
  endfacet
  facet normal 0.156434 0.987688 0.000000
    outer loop
      vertex 1.8541 5.7063 6.0000
      vertex 0.0000 6.0000 6.0000
      vertex 0.0000 6.0000 16.0000
    endloop
  endfacet
  facet normal 0.156434 0.987688 0.000000
    outer loop
      vertex 1.8541 5.7063 6.0000
      vertex 0.0000 6.0000 16.0000
      vertex 1.8541 5.7063 16.0000
    endloop
  endfacet
  facet normal 0.000000 0.000000 1.000000
    outer loop
      vertex 0.0000 0.0000 16.0000
      vertex 1.8541 5.7063 16.0000
      vertex 0.0000 6.0000 16.0000
    endloop
  endfacet
  facet normal 0.000000 0.000000 -1.000000
    outer loop
      vertex 0.0000 0.0000 6.0000
      vertex 0.0000 6.0000 6.0000
      vertex 1.8541 5.7063 6.0000
    endloop
  endfacet
  facet normal -0.156434 0.987688 0.000000
    outer loop
      vertex 0.0000 6.0000 6.0000
      vertex -1.8541 5.7063 6.0000
      vertex -1.8541 5.7063 16.0000
    endloop
  endfacet
  facet normal -0.156434 0.987688 0.000000
    outer loop
      vertex 0.0000 6.0000 6.0000
      vertex -1.8541 5.7063 16.0000
      vertex 0.0000 6.0000 16.0000
    endloop
  endfacet
  facet normal 0.000000 0.000000 1.000000
    outer loop
      vertex 0.0000 0.0000 16.0000
      vertex 0.0000 6.0000 16.0000
      vertex -1.8541 5.7063 16.0000
    endloop
  endfacet
  facet normal 0.000000 0.000000 -1.000000
    outer loop
      vertex 0.0000 0.0000 6.0000
      vertex -1.8541 5.7063 6.0000
      vertex 0.0000 6.0000 6.0000
    endloop
  endfacet
  facet normal -0.453990 0.891007 0.000000
    outer loop
      vertex -1.8541 5.7063 6.0000
      vertex -3.5267 4.8541 6.0000
      vertex -3.5267 4.8541 16.0000
    endloop
  endfacet
  facet normal -0.453990 0.891007 0.000000
    outer loop
      vertex -1.8541 5.7063 6.0000
      vertex -3.5267 4.8541 16.0000
      vertex -1.8541 5.7063 16.0000
    endloop
  endfacet
  facet normal 0.000000 0.000000 1.000000
    outer loop
      vertex 0.0000 0.0000 16.0000
      vertex -1.8541 5.7063 16.0000
      vertex -3.5267 4.8541 16.0000
    endloop
  endfacet
  facet normal 0.000000 0.000000 -1.000000
    outer loop
      vertex 0.0000 0.0000 6.0000
      vertex -3.5267 4.8541 6.0000
      vertex -1.8541 5.7063 6.0000
    endloop
  endfacet
  facet normal -0.707107 0.707107 0.000000
    outer loop
      vertex -3.5267 4.8541 6.0000
      vertex -4.8541 3.5267 6.0000
      vertex -4.8541 3.5267 16.0000
    endloop
  endfacet
  facet normal -0.707107 0.707107 0.000000
    outer loop
      vertex -3.5267 4.8541 6.0000
      vertex -4.8541 3.5267 16.0000
      vertex -3.5267 4.8541 16.0000
    endloop
  endfacet
  facet normal 0.000000 0.000000 1.000000
    outer loop
      vertex 0.0000 0.0000 16.0000
      vertex -3.5267 4.8541 16.0000
      vertex -4.8541 3.5267 16.0000
    endloop
  endfacet
  facet normal 0.000000 0.000000 -1.000000
    outer loop
      vertex 0.0000 0.0000 6.0000
      vertex -4.8541 3.5267 6.0000
      vertex -3.5267 4.8541 6.0000
    endloop
  endfacet
  facet normal -0.891007 0.453990 0.000000
    outer loop
      vertex -4.8541 3.5267 6.0000
      vertex -5.7063 1.8541 6.0000
      vertex -5.7063 1.8541 16.0000
    endloop
  endfacet
  facet normal -0.891007 0.453990 0.000000
    outer loop
      vertex -4.8541 3.5267 6.0000
      vertex -5.7063 1.8541 16.0000
      vertex -4.8541 3.5267 16.0000
    endloop
  endfacet
  facet normal 0.000000 0.000000 1.000000
    outer loop
      vertex 0.0000 0.0000 16.0000
      vertex -4.8541 3.5267 16.0000
      vertex -5.7063 1.8541 16.0000
    endloop
  endfacet
  facet normal 0.000000 0.000000 -1.000000
    outer loop
      vertex 0.0000 0.0000 6.0000
      vertex -5.7063 1.8541 6.0000
      vertex -4.8541 3.5267 6.0000
    endloop
  endfacet
  facet normal -0.987688 0.156434 0.000000
    outer loop
      vertex -5.7063 1.8541 6.0000
      vertex -6.0000 0.0000 6.0000
      vertex -6.0000 0.0000 16.0000
    endloop
  endfacet
  facet normal -0.987688 0.156434 0.000000
    outer loop
      vertex -5.7063 1.8541 6.0000
      vertex -6.0000 0.0000 16.0000
      vertex -5.7063 1.8541 16.0000
    endloop
  endfacet
  facet normal 0.000000 0.000000 1.000000
    outer loop
      vertex 0.0000 0.0000 16.0000
      vertex -5.7063 1.8541 16.0000
      vertex -6.0000 0.0000 16.0000
    endloop
  endfacet
  facet normal 0.000000 0.000000 -1.000000
    outer loop
      vertex 0.0000 0.0000 6.0000
      vertex -6.0000 0.0000 6.0000
      vertex -5.7063 1.8541 6.0000
    endloop
  endfacet
  facet normal -0.987688 -0.156434 0.000000
    outer loop
      vertex -6.0000 0.0000 6.0000
      vertex -5.7063 -1.8541 6.0000
      vertex -5.7063 -1.8541 16.0000
    endloop
  endfacet
  facet normal -0.987688 -0.156434 0.000000
    outer loop
      vertex -6.0000 0.0000 6.0000
      vertex -5.7063 -1.8541 16.0000
      vertex -6.0000 0.0000 16.0000
    endloop
  endfacet
  facet normal 0.000000 0.000000 1.000000
    outer loop
      vertex 0.0000 0.0000 16.0000
      vertex -6.0000 0.0000 16.0000
      vertex -5.7063 -1.8541 16.0000
    endloop
  endfacet
  facet normal 0.000000 0.000000 -1.000000
    outer loop
      vertex 0.0000 0.0000 6.0000
      vertex -5.7063 -1.8541 6.0000
      vertex -6.0000 0.0000 6.0000
    endloop
  endfacet
  facet normal -0.891007 -0.453990 0.000000
    outer loop
      vertex -5.7063 -1.8541 6.0000
      vertex -4.8541 -3.5267 6.0000
      vertex -4.8541 -3.5267 16.0000
    endloop
  endfacet
  facet normal -0.891007 -0.453990 0.000000
    outer loop
      vertex -5.7063 -1.8541 6.0000
      vertex -4.8541 -3.5267 16.0000
      vertex -5.7063 -1.8541 16.0000
    endloop
  endfacet
  facet normal 0.000000 0.000000 1.000000
    outer loop
      vertex 0.0000 0.0000 16.0000
      vertex -5.7063 -1.8541 16.0000
      vertex -4.8541 -3.5267 16.0000
    endloop
  endfacet
  facet normal 0.000000 0.000000 -1.000000
    outer loop
      vertex 0.0000 0.0000 6.0000
      vertex -4.8541 -3.5267 6.0000
      vertex -5.7063 -1.8541 6.0000
    endloop
  endfacet
  facet normal -0.707107 -0.707107 0.000000
    outer loop
      vertex -4.8541 -3.5267 6.0000
      vertex -3.5267 -4.8541 6.0000
      vertex -3.5267 -4.8541 16.0000
    endloop
  endfacet
  facet normal -0.707107 -0.707107 0.000000
    outer loop
      vertex -4.8541 -3.5267 6.0000
      vertex -3.5267 -4.8541 16.0000
      vertex -4.8541 -3.5267 16.0000
    endloop
  endfacet
  facet normal 0.000000 0.000000 1.000000
    outer loop
      vertex 0.0000 0.0000 16.0000
      vertex -4.8541 -3.5267 16.0000
      vertex -3.5267 -4.8541 16.0000
    endloop
  endfacet
  facet normal 0.000000 0.000000 -1.000000
    outer loop
      vertex 0.0000 0.0000 6.0000
      vertex -3.5267 -4.8541 6.0000
      vertex -4.8541 -3.5267 6.0000
    endloop
  endfacet
  facet normal -0.453990 -0.891007 0.000000
    outer loop
      vertex -3.5267 -4.8541 6.0000
      vertex -1.8541 -5.7063 6.0000
      vertex -1.8541 -5.7063 16.0000
    endloop
  endfacet
  facet normal -0.453990 -0.891007 0.000000
    outer loop
      vertex -3.5267 -4.8541 6.0000
      vertex -1.8541 -5.7063 16.0000
      vertex -3.5267 -4.8541 16.0000
    endloop
  endfacet
  facet normal 0.000000 0.000000 1.000000
    outer loop
      vertex 0.0000 0.0000 16.0000
      vertex -3.5267 -4.8541 16.0000
      vertex -1.8541 -5.7063 16.0000
    endloop
  endfacet
  facet normal 0.000000 0.000000 -1.000000
    outer loop
      vertex 0.0000 0.0000 6.0000
      vertex -1.8541 -5.7063 6.0000
      vertex -3.5267 -4.8541 6.0000
    endloop
  endfacet
  facet normal -0.156434 -0.987688 0.000000
    outer loop
      vertex -1.8541 -5.7063 6.0000
      vertex -0.0000 -6.0000 6.0000
      vertex -0.0000 -6.0000 16.0000
    endloop
  endfacet
  facet normal -0.156434 -0.987688 0.000000
    outer loop
      vertex -1.8541 -5.7063 6.0000
      vertex -0.0000 -6.0000 16.0000
      vertex -1.8541 -5.7063 16.0000
    endloop
  endfacet
  facet normal 0.000000 0.000000 1.000000
    outer loop
      vertex 0.0000 0.0000 16.0000
      vertex -1.8541 -5.7063 16.0000
      vertex -0.0000 -6.0000 16.0000
    endloop
  endfacet
  facet normal 0.000000 0.000000 -1.000000
    outer loop
      vertex 0.0000 0.0000 6.0000
      vertex -0.0000 -6.0000 6.0000
      vertex -1.8541 -5.7063 6.0000
    endloop
  endfacet
  facet normal 0.156434 -0.987688 0.000000
    outer loop
      vertex -0.0000 -6.0000 6.0000
      vertex 1.8541 -5.7063 6.0000
      vertex 1.8541 -5.7063 16.0000
    endloop
  endfacet
  facet normal 0.156434 -0.987688 0.000000
    outer loop
      vertex -0.0000 -6.0000 6.0000
      vertex 1.8541 -5.7063 16.0000
      vertex -0.0000 -6.0000 16.0000
    endloop
  endfacet
  facet normal 0.000000 0.000000 1.000000
    outer loop
      vertex 0.0000 0.0000 16.0000
      vertex -0.0000 -6.0000 16.0000
      vertex 1.8541 -5.7063 16.0000
    endloop
  endfacet
  facet normal 0.000000 0.000000 -1.000000
    outer loop
      vertex 0.0000 0.0000 6.0000
      vertex 1.8541 -5.7063 6.0000
      vertex -0.0000 -6.0000 6.0000
    endloop
  endfacet
  facet normal 0.453990 -0.891007 0.000000
    outer loop
      vertex 1.8541 -5.7063 6.0000
      vertex 3.5267 -4.8541 6.0000
      vertex 3.5267 -4.8541 16.0000
    endloop
  endfacet
  facet normal 0.453990 -0.891007 0.000000
    outer loop
      vertex 1.8541 -5.7063 6.0000
      vertex 3.5267 -4.8541 16.0000
      vertex 1.8541 -5.7063 16.0000
    endloop
  endfacet
  facet normal 0.000000 0.000000 1.000000
    outer loop
      vertex 0.0000 0.0000 16.0000
      vertex 1.8541 -5.7063 16.0000
      vertex 3.5267 -4.8541 16.0000
    endloop
  endfacet
  facet normal 0.000000 0.000000 -1.000000
    outer loop
      vertex 0.0000 0.0000 6.0000
      vertex 3.5267 -4.8541 6.0000
      vertex 1.8541 -5.7063 6.0000
    endloop
  endfacet
  facet normal 0.707107 -0.707107 0.000000
    outer loop
      vertex 3.5267 -4.8541 6.0000
      vertex 4.8541 -3.5267 6.0000
      vertex 4.8541 -3.5267 16.0000
    endloop
  endfacet
  facet normal 0.707107 -0.707107 0.000000
    outer loop
      vertex 3.5267 -4.8541 6.0000
      vertex 4.8541 -3.5267 16.0000
      vertex 3.5267 -4.8541 16.0000
    endloop
  endfacet
  facet normal 0.000000 0.000000 1.000000
    outer loop
      vertex 0.0000 0.0000 16.0000
      vertex 3.5267 -4.8541 16.0000
      vertex 4.8541 -3.5267 16.0000
    endloop
  endfacet
  facet normal 0.000000 0.000000 -1.000000
    outer loop
      vertex 0.0000 0.0000 6.0000
      vertex 4.8541 -3.5267 6.0000
      vertex 3.5267 -4.8541 6.0000
    endloop
  endfacet
  facet normal 0.891007 -0.453990 0.000000
    outer loop
      vertex 4.8541 -3.5267 6.0000
      vertex 5.7063 -1.8541 6.0000
      vertex 5.7063 -1.8541 16.0000
    endloop
  endfacet
  facet normal 0.891007 -0.453990 0.000000
    outer loop
      vertex 4.8541 -3.5267 6.0000
      vertex 5.7063 -1.8541 16.0000
      vertex 4.8541 -3.5267 16.0000
    endloop
  endfacet
  facet normal 0.000000 0.000000 1.000000
    outer loop
      vertex 0.0000 0.0000 16.0000
      vertex 4.8541 -3.5267 16.0000
      vertex 5.7063 -1.8541 16.0000
    endloop
  endfacet
  facet normal 0.000000 0.000000 -1.000000
    outer loop
      vertex 0.0000 0.0000 6.0000
      vertex 5.7063 -1.8541 6.0000
      vertex 4.8541 -3.5267 6.0000
    endloop
  endfacet
  facet normal 0.987688 -0.156434 0.000000
    outer loop
      vertex 5.7063 -1.8541 6.0000
      vertex 6.0000 -0.0000 6.0000
      vertex 6.0000 -0.0000 16.0000
    endloop
  endfacet
  facet normal 0.987688 -0.156434 0.000000
    outer loop
      vertex 5.7063 -1.8541 6.0000
      vertex 6.0000 -0.0000 16.0000
      vertex 5.7063 -1.8541 16.0000
    endloop
  endfacet
  facet normal 0.000000 0.000000 1.000000
    outer loop
      vertex 0.0000 0.0000 16.0000
      vertex 5.7063 -1.8541 16.0000
      vertex 6.0000 -0.0000 16.0000
    endloop
  endfacet
  facet normal 0.000000 0.000000 -1.000000
    outer loop
      vertex 0.0000 0.0000 6.0000
      vertex 6.0000 -0.0000 6.0000
      vertex 5.7063 -1.8541 6.0000
    endloop
  endfacet
  facet normal 0.987688 0.156434 0.000000
    outer loop
      vertex 5.0000 0.0000 16.0000
      vertex 4.7553 1.5451 16.0000
      vertex 4.7553 1.5451 24.0000
    endloop
  endfacet
  facet normal 0.987688 0.156434 0.000000
    outer loop
      vertex 5.0000 0.0000 16.0000
      vertex 4.7553 1.5451 24.0000
      vertex 5.0000 0.0000 24.0000
    endloop
  endfacet
  facet normal 0.000000 0.000000 1.000000
    outer loop
      vertex 0.0000 0.0000 24.0000
      vertex 5.0000 0.0000 24.0000
      vertex 4.7553 1.5451 24.0000
    endloop
  endfacet
  facet normal 0.000000 0.000000 -1.000000
    outer loop
      vertex 0.0000 0.0000 16.0000
      vertex 4.7553 1.5451 16.0000
      vertex 5.0000 0.0000 16.0000
    endloop
  endfacet
  facet normal 0.891007 0.453990 0.000000
    outer loop
      vertex 4.7553 1.5451 16.0000
      vertex 4.0451 2.9389 16.0000
      vertex 4.0451 2.9389 24.0000
    endloop
  endfacet
  facet normal 0.891007 0.453990 0.000000
    outer loop
      vertex 4.7553 1.5451 16.0000
      vertex 4.0451 2.9389 24.0000
      vertex 4.7553 1.5451 24.0000
    endloop
  endfacet
  facet normal 0.000000 0.000000 1.000000
    outer loop
      vertex 0.0000 0.0000 24.0000
      vertex 4.7553 1.5451 24.0000
      vertex 4.0451 2.9389 24.0000
    endloop
  endfacet
  facet normal 0.000000 0.000000 -1.000000
    outer loop
      vertex 0.0000 0.0000 16.0000
      vertex 4.0451 2.9389 16.0000
      vertex 4.7553 1.5451 16.0000
    endloop
  endfacet
  facet normal 0.707107 0.707107 0.000000
    outer loop
      vertex 4.0451 2.9389 16.0000
      vertex 2.9389 4.0451 16.0000
      vertex 2.9389 4.0451 24.0000
    endloop
  endfacet
  facet normal 0.707107 0.707107 0.000000
    outer loop
      vertex 4.0451 2.9389 16.0000
      vertex 2.9389 4.0451 24.0000
      vertex 4.0451 2.9389 24.0000
    endloop
  endfacet
  facet normal 0.000000 0.000000 1.000000
    outer loop
      vertex 0.0000 0.0000 24.0000
      vertex 4.0451 2.9389 24.0000
      vertex 2.9389 4.0451 24.0000
    endloop
  endfacet
  facet normal 0.000000 0.000000 -1.000000
    outer loop
      vertex 0.0000 0.0000 16.0000
      vertex 2.9389 4.0451 16.0000
      vertex 4.0451 2.9389 16.0000
    endloop
  endfacet
  facet normal 0.453990 0.891007 0.000000
    outer loop
      vertex 2.9389 4.0451 16.0000
      vertex 1.5451 4.7553 16.0000
      vertex 1.5451 4.7553 24.0000
    endloop
  endfacet
  facet normal 0.453990 0.891007 0.000000
    outer loop
      vertex 2.9389 4.0451 16.0000
      vertex 1.5451 4.7553 24.0000
      vertex 2.9389 4.0451 24.0000
    endloop
  endfacet
  facet normal 0.000000 0.000000 1.000000
    outer loop
      vertex 0.0000 0.0000 24.0000
      vertex 2.9389 4.0451 24.0000
      vertex 1.5451 4.7553 24.0000
    endloop
  endfacet
  facet normal 0.000000 0.000000 -1.000000
    outer loop
      vertex 0.0000 0.0000 16.0000
      vertex 1.5451 4.7553 16.0000
      vertex 2.9389 4.0451 16.0000
    endloop
  endfacet
  facet normal 0.156434 0.987688 0.000000
    outer loop
      vertex 1.5451 4.7553 16.0000
      vertex 0.0000 5.0000 16.0000
      vertex 0.0000 5.0000 24.0000
    endloop
  endfacet
  facet normal 0.156434 0.987688 0.000000
    outer loop
      vertex 1.5451 4.7553 16.0000
      vertex 0.0000 5.0000 24.0000
      vertex 1.5451 4.7553 24.0000
    endloop
  endfacet
  facet normal 0.000000 0.000000 1.000000
    outer loop
      vertex 0.0000 0.0000 24.0000
      vertex 1.5451 4.7553 24.0000
      vertex 0.0000 5.0000 24.0000
    endloop
  endfacet
  facet normal 0.000000 0.000000 -1.000000
    outer loop
      vertex 0.0000 0.0000 16.0000
      vertex 0.0000 5.0000 16.0000
      vertex 1.5451 4.7553 16.0000
    endloop
  endfacet
  facet normal -0.156434 0.987688 0.000000
    outer loop
      vertex 0.0000 5.0000 16.0000
      vertex -1.5451 4.7553 16.0000
      vertex -1.5451 4.7553 24.0000
    endloop
  endfacet
  facet normal -0.156434 0.987688 0.000000
    outer loop
      vertex 0.0000 5.0000 16.0000
      vertex -1.5451 4.7553 24.0000
      vertex 0.0000 5.0000 24.0000
    endloop
  endfacet
  facet normal 0.000000 0.000000 1.000000
    outer loop
      vertex 0.0000 0.0000 24.0000
      vertex 0.0000 5.0000 24.0000
      vertex -1.5451 4.7553 24.0000
    endloop
  endfacet
  facet normal 0.000000 0.000000 -1.000000
    outer loop
      vertex 0.0000 0.0000 16.0000
      vertex -1.5451 4.7553 16.0000
      vertex 0.0000 5.0000 16.0000
    endloop
  endfacet
  facet normal -0.453990 0.891007 0.000000
    outer loop
      vertex -1.5451 4.7553 16.0000
      vertex -2.9389 4.0451 16.0000
      vertex -2.9389 4.0451 24.0000
    endloop
  endfacet
  facet normal -0.453990 0.891007 0.000000
    outer loop
      vertex -1.5451 4.7553 16.0000
      vertex -2.9389 4.0451 24.0000
      vertex -1.5451 4.7553 24.0000
    endloop
  endfacet
  facet normal 0.000000 0.000000 1.000000
    outer loop
      vertex 0.0000 0.0000 24.0000
      vertex -1.5451 4.7553 24.0000
      vertex -2.9389 4.0451 24.0000
    endloop
  endfacet
  facet normal 0.000000 0.000000 -1.000000
    outer loop
      vertex 0.0000 0.0000 16.0000
      vertex -2.9389 4.0451 16.0000
      vertex -1.5451 4.7553 16.0000
    endloop
  endfacet
  facet normal -0.707107 0.707107 0.000000
    outer loop
      vertex -2.9389 4.0451 16.0000
      vertex -4.0451 2.9389 16.0000
      vertex -4.0451 2.9389 24.0000
    endloop
  endfacet
  facet normal -0.707107 0.707107 0.000000
    outer loop
      vertex -2.9389 4.0451 16.0000
      vertex -4.0451 2.9389 24.0000
      vertex -2.9389 4.0451 24.0000
    endloop
  endfacet
  facet normal 0.000000 0.000000 1.000000
    outer loop
      vertex 0.0000 0.0000 24.0000
      vertex -2.9389 4.0451 24.0000
      vertex -4.0451 2.9389 24.0000
    endloop
  endfacet
  facet normal 0.000000 0.000000 -1.000000
    outer loop
      vertex 0.0000 0.0000 16.0000
      vertex -4.0451 2.9389 16.0000
      vertex -2.9389 4.0451 16.0000
    endloop
  endfacet
  facet normal -0.891007 0.453990 0.000000
    outer loop
      vertex -4.0451 2.9389 16.0000
      vertex -4.7553 1.5451 16.0000
      vertex -4.7553 1.5451 24.0000
    endloop
  endfacet
  facet normal -0.891007 0.453990 0.000000
    outer loop
      vertex -4.0451 2.9389 16.0000
      vertex -4.7553 1.5451 24.0000
      vertex -4.0451 2.9389 24.0000
    endloop
  endfacet
  facet normal 0.000000 0.000000 1.000000
    outer loop
      vertex 0.0000 0.0000 24.0000
      vertex -4.0451 2.9389 24.0000
      vertex -4.7553 1.5451 24.0000
    endloop
  endfacet
  facet normal 0.000000 0.000000 -1.000000
    outer loop
      vertex 0.0000 0.0000 16.0000
      vertex -4.7553 1.5451 16.0000
      vertex -4.0451 2.9389 16.0000
    endloop
  endfacet
  facet normal -0.987688 0.156434 0.000000
    outer loop
      vertex -4.7553 1.5451 16.0000
      vertex -5.0000 0.0000 16.0000
      vertex -5.0000 0.0000 24.0000
    endloop
  endfacet
  facet normal -0.987688 0.156434 0.000000
    outer loop
      vertex -4.7553 1.5451 16.0000
      vertex -5.0000 0.0000 24.0000
      vertex -4.7553 1.5451 24.0000
    endloop
  endfacet
  facet normal 0.000000 0.000000 1.000000
    outer loop
      vertex 0.0000 0.0000 24.0000
      vertex -4.7553 1.5451 24.0000
      vertex -5.0000 0.0000 24.0000
    endloop
  endfacet
  facet normal 0.000000 0.000000 -1.000000
    outer loop
      vertex 0.0000 0.0000 16.0000
      vertex -5.0000 0.0000 16.0000
      vertex -4.7553 1.5451 16.0000
    endloop
  endfacet
  facet normal -0.987688 -0.156434 0.000000
    outer loop
      vertex -5.0000 0.0000 16.0000
      vertex -4.7553 -1.5451 16.0000
      vertex -4.7553 -1.5451 24.0000
    endloop
  endfacet
  facet normal -0.987688 -0.156434 0.000000
    outer loop
      vertex -5.0000 0.0000 16.0000
      vertex -4.7553 -1.5451 24.0000
      vertex -5.0000 0.0000 24.0000
    endloop
  endfacet
  facet normal 0.000000 0.000000 1.000000
    outer loop
      vertex 0.0000 0.0000 24.0000
      vertex -5.0000 0.0000 24.0000
      vertex -4.7553 -1.5451 24.0000
    endloop
  endfacet
  facet normal 0.000000 0.000000 -1.000000
    outer loop
      vertex 0.0000 0.0000 16.0000
      vertex -4.7553 -1.5451 16.0000
      vertex -5.0000 0.0000 16.0000
    endloop
  endfacet
  facet normal -0.891007 -0.453990 0.000000
    outer loop
      vertex -4.7553 -1.5451 16.0000
      vertex -4.0451 -2.9389 16.0000
      vertex -4.0451 -2.9389 24.0000
    endloop
  endfacet
  facet normal -0.891007 -0.453990 0.000000
    outer loop
      vertex -4.7553 -1.5451 16.0000
      vertex -4.0451 -2.9389 24.0000
      vertex -4.7553 -1.5451 24.0000
    endloop
  endfacet
  facet normal 0.000000 0.000000 1.000000
    outer loop
      vertex 0.0000 0.0000 24.0000
      vertex -4.7553 -1.5451 24.0000
      vertex -4.0451 -2.9389 24.0000
    endloop
  endfacet
  facet normal 0.000000 0.000000 -1.000000
    outer loop
      vertex 0.0000 0.0000 16.0000
      vertex -4.0451 -2.9389 16.0000
      vertex -4.7553 -1.5451 16.0000
    endloop
  endfacet
  facet normal -0.707107 -0.707107 0.000000
    outer loop
      vertex -4.0451 -2.9389 16.0000
      vertex -2.9389 -4.0451 16.0000
      vertex -2.9389 -4.0451 24.0000
    endloop
  endfacet
  facet normal -0.707107 -0.707107 0.000000
    outer loop
      vertex -4.0451 -2.9389 16.0000
      vertex -2.9389 -4.0451 24.0000
      vertex -4.0451 -2.9389 24.0000
    endloop
  endfacet
  facet normal 0.000000 0.000000 1.000000
    outer loop
      vertex 0.0000 0.0000 24.0000
      vertex -4.0451 -2.9389 24.0000
      vertex -2.9389 -4.0451 24.0000
    endloop
  endfacet
  facet normal 0.000000 0.000000 -1.000000
    outer loop
      vertex 0.0000 0.0000 16.0000
      vertex -2.9389 -4.0451 16.0000
      vertex -4.0451 -2.9389 16.0000
    endloop
  endfacet
  facet normal -0.453990 -0.891007 0.000000
    outer loop
      vertex -2.9389 -4.0451 16.0000
      vertex -1.5451 -4.7553 16.0000
      vertex -1.5451 -4.7553 24.0000
    endloop
  endfacet
  facet normal -0.453990 -0.891007 0.000000
    outer loop
      vertex -2.9389 -4.0451 16.0000
      vertex -1.5451 -4.7553 24.0000
      vertex -2.9389 -4.0451 24.0000
    endloop
  endfacet
  facet normal 0.000000 0.000000 1.000000
    outer loop
      vertex 0.0000 0.0000 24.0000
      vertex -2.9389 -4.0451 24.0000
      vertex -1.5451 -4.7553 24.0000
    endloop
  endfacet
  facet normal 0.000000 0.000000 -1.000000
    outer loop
      vertex 0.0000 0.0000 16.0000
      vertex -1.5451 -4.7553 16.0000
      vertex -2.9389 -4.0451 16.0000
    endloop
  endfacet
  facet normal -0.156434 -0.987688 0.000000
    outer loop
      vertex -1.5451 -4.7553 16.0000
      vertex -0.0000 -5.0000 16.0000
      vertex -0.0000 -5.0000 24.0000
    endloop
  endfacet
  facet normal -0.156434 -0.987688 0.000000
    outer loop
      vertex -1.5451 -4.7553 16.0000
      vertex -0.0000 -5.0000 24.0000
      vertex -1.5451 -4.7553 24.0000
    endloop
  endfacet
  facet normal 0.000000 0.000000 1.000000
    outer loop
      vertex 0.0000 0.0000 24.0000
      vertex -1.5451 -4.7553 24.0000
      vertex -0.0000 -5.0000 24.0000
    endloop
  endfacet
  facet normal 0.000000 0.000000 -1.000000
    outer loop
      vertex 0.0000 0.0000 16.0000
      vertex -0.0000 -5.0000 16.0000
      vertex -1.5451 -4.7553 16.0000
    endloop
  endfacet
  facet normal 0.156434 -0.987688 0.000000
    outer loop
      vertex -0.0000 -5.0000 16.0000
      vertex 1.5451 -4.7553 16.0000
      vertex 1.5451 -4.7553 24.0000
    endloop
  endfacet
  facet normal 0.156434 -0.987688 0.000000
    outer loop
      vertex -0.0000 -5.0000 16.0000
      vertex 1.5451 -4.7553 24.0000
      vertex -0.0000 -5.0000 24.0000
    endloop
  endfacet
  facet normal 0.000000 0.000000 1.000000
    outer loop
      vertex 0.0000 0.0000 24.0000
      vertex -0.0000 -5.0000 24.0000
      vertex 1.5451 -4.7553 24.0000
    endloop
  endfacet
  facet normal 0.000000 0.000000 -1.000000
    outer loop
      vertex 0.0000 0.0000 16.0000
      vertex 1.5451 -4.7553 16.0000
      vertex -0.0000 -5.0000 16.0000
    endloop
  endfacet
  facet normal 0.453990 -0.891007 0.000000
    outer loop
      vertex 1.5451 -4.7553 16.0000
      vertex 2.9389 -4.0451 16.0000
      vertex 2.9389 -4.0451 24.0000
    endloop
  endfacet
  facet normal 0.453990 -0.891007 0.000000
    outer loop
      vertex 1.5451 -4.7553 16.0000
      vertex 2.9389 -4.0451 24.0000
      vertex 1.5451 -4.7553 24.0000
    endloop
  endfacet
  facet normal 0.000000 0.000000 1.000000
    outer loop
      vertex 0.0000 0.0000 24.0000
      vertex 1.5451 -4.7553 24.0000
      vertex 2.9389 -4.0451 24.0000
    endloop
  endfacet
  facet normal 0.000000 0.000000 -1.000000
    outer loop
      vertex 0.0000 0.0000 16.0000
      vertex 2.9389 -4.0451 16.0000
      vertex 1.5451 -4.7553 16.0000
    endloop
  endfacet
  facet normal 0.707107 -0.707107 0.000000
    outer loop
      vertex 2.9389 -4.0451 16.0000
      vertex 4.0451 -2.9389 16.0000
      vertex 4.0451 -2.9389 24.0000
    endloop
  endfacet
  facet normal 0.707107 -0.707107 0.000000
    outer loop
      vertex 2.9389 -4.0451 16.0000
      vertex 4.0451 -2.9389 24.0000
      vertex 2.9389 -4.0451 24.0000
    endloop
  endfacet
  facet normal 0.000000 0.000000 1.000000
    outer loop
      vertex 0.0000 0.0000 24.0000
      vertex 2.9389 -4.0451 24.0000
      vertex 4.0451 -2.9389 24.0000
    endloop
  endfacet
  facet normal 0.000000 0.000000 -1.000000
    outer loop
      vertex 0.0000 0.0000 16.0000
      vertex 4.0451 -2.9389 16.0000
      vertex 2.9389 -4.0451 16.0000
    endloop
  endfacet
  facet normal 0.891007 -0.453990 0.000000
    outer loop
      vertex 4.0451 -2.9389 16.0000
      vertex 4.7553 -1.5451 16.0000
      vertex 4.7553 -1.5451 24.0000
    endloop
  endfacet
  facet normal 0.891007 -0.453990 0.000000
    outer loop
      vertex 4.0451 -2.9389 16.0000
      vertex 4.7553 -1.5451 24.0000
      vertex 4.0451 -2.9389 24.0000
    endloop
  endfacet
  facet normal 0.000000 0.000000 1.000000
    outer loop
      vertex 0.0000 0.0000 24.0000
      vertex 4.0451 -2.9389 24.0000
      vertex 4.7553 -1.5451 24.0000
    endloop
  endfacet
  facet normal 0.000000 0.000000 -1.000000
    outer loop
      vertex 0.0000 0.0000 16.0000
      vertex 4.7553 -1.5451 16.0000
      vertex 4.0451 -2.9389 16.0000
    endloop
  endfacet
  facet normal 0.987688 -0.156434 0.000000
    outer loop
      vertex 4.7553 -1.5451 16.0000
      vertex 5.0000 -0.0000 16.0000
      vertex 5.0000 -0.0000 24.0000
    endloop
  endfacet
  facet normal 0.987688 -0.156434 0.000000
    outer loop
      vertex 4.7553 -1.5451 16.0000
      vertex 5.0000 -0.0000 24.0000
      vertex 4.7553 -1.5451 24.0000
    endloop
  endfacet
  facet normal 0.000000 0.000000 1.000000
    outer loop
      vertex 0.0000 0.0000 24.0000
      vertex 4.7553 -1.5451 24.0000
      vertex 5.0000 -0.0000 24.0000
    endloop
  endfacet
  facet normal 0.000000 0.000000 -1.000000
    outer loop
      vertex 0.0000 0.0000 16.0000
      vertex 5.0000 -0.0000 16.0000
      vertex 4.7553 -1.5451 16.0000
    endloop
  endfacet
  facet normal 0.987688 0.156434 0.000000
    outer loop
      vertex 7.0000 0.0000 22.0000
      vertex 6.6574 2.1631 22.0000
      vertex 6.6574 2.1631 26.0000
    endloop
  endfacet
  facet normal 0.987688 0.156434 0.000000
    outer loop
      vertex 7.0000 0.0000 22.0000
      vertex 6.6574 2.1631 26.0000
      vertex 7.0000 0.0000 26.0000
    endloop
  endfacet
  facet normal 0.000000 0.000000 1.000000
    outer loop
      vertex 0.0000 0.0000 26.0000
      vertex 7.0000 0.0000 26.0000
      vertex 6.6574 2.1631 26.0000
    endloop
  endfacet
  facet normal 0.000000 0.000000 -1.000000
    outer loop
      vertex 0.0000 0.0000 22.0000
      vertex 6.6574 2.1631 22.0000
      vertex 7.0000 0.0000 22.0000
    endloop
  endfacet
  facet normal 0.891007 0.453990 0.000000
    outer loop
      vertex 6.6574 2.1631 22.0000
      vertex 5.6631 4.1145 22.0000
      vertex 5.6631 4.1145 26.0000
    endloop
  endfacet
  facet normal 0.891007 0.453990 0.000000
    outer loop
      vertex 6.6574 2.1631 22.0000
      vertex 5.6631 4.1145 26.0000
      vertex 6.6574 2.1631 26.0000
    endloop
  endfacet
  facet normal 0.000000 0.000000 1.000000
    outer loop
      vertex 0.0000 0.0000 26.0000
      vertex 6.6574 2.1631 26.0000
      vertex 5.6631 4.1145 26.0000
    endloop
  endfacet
  facet normal 0.000000 0.000000 -1.000000
    outer loop
      vertex 0.0000 0.0000 22.0000
      vertex 5.6631 4.1145 22.0000
      vertex 6.6574 2.1631 22.0000
    endloop
  endfacet
  facet normal 0.707107 0.707107 0.000000
    outer loop
      vertex 5.6631 4.1145 22.0000
      vertex 4.1145 5.6631 22.0000
      vertex 4.1145 5.6631 26.0000
    endloop
  endfacet
  facet normal 0.707107 0.707107 0.000000
    outer loop
      vertex 5.6631 4.1145 22.0000
      vertex 4.1145 5.6631 26.0000
      vertex 5.6631 4.1145 26.0000
    endloop
  endfacet
  facet normal 0.000000 0.000000 1.000000
    outer loop
      vertex 0.0000 0.0000 26.0000
      vertex 5.6631 4.1145 26.0000
      vertex 4.1145 5.6631 26.0000
    endloop
  endfacet
  facet normal 0.000000 0.000000 -1.000000
    outer loop
      vertex 0.0000 0.0000 22.0000
      vertex 4.1145 5.6631 22.0000
      vertex 5.6631 4.1145 22.0000
    endloop
  endfacet
  facet normal 0.453990 0.891007 0.000000
    outer loop
      vertex 4.1145 5.6631 22.0000
      vertex 2.1631 6.6574 22.0000
      vertex 2.1631 6.6574 26.0000
    endloop
  endfacet
  facet normal 0.453990 0.891007 0.000000
    outer loop
      vertex 4.1145 5.6631 22.0000
      vertex 2.1631 6.6574 26.0000
      vertex 4.1145 5.6631 26.0000
    endloop
  endfacet
  facet normal 0.000000 0.000000 1.000000
    outer loop
      vertex 0.0000 0.0000 26.0000
      vertex 4.1145 5.6631 26.0000
      vertex 2.1631 6.6574 26.0000
    endloop
  endfacet
  facet normal 0.000000 0.000000 -1.000000
    outer loop
      vertex 0.0000 0.0000 22.0000
      vertex 2.1631 6.6574 22.0000
      vertex 4.1145 5.6631 22.0000
    endloop
  endfacet
  facet normal 0.156434 0.987688 0.000000
    outer loop
      vertex 2.1631 6.6574 22.0000
      vertex 0.0000 7.0000 22.0000
      vertex 0.0000 7.0000 26.0000
    endloop
  endfacet
  facet normal 0.156434 0.987688 0.000000
    outer loop
      vertex 2.1631 6.6574 22.0000
      vertex 0.0000 7.0000 26.0000
      vertex 2.1631 6.6574 26.0000
    endloop
  endfacet
  facet normal 0.000000 0.000000 1.000000
    outer loop
      vertex 0.0000 0.0000 26.0000
      vertex 2.1631 6.6574 26.0000
      vertex 0.0000 7.0000 26.0000
    endloop
  endfacet
  facet normal 0.000000 0.000000 -1.000000
    outer loop
      vertex 0.0000 0.0000 22.0000
      vertex 0.0000 7.0000 22.0000
      vertex 2.1631 6.6574 22.0000
    endloop
  endfacet
  facet normal -0.156434 0.987688 0.000000
    outer loop
      vertex 0.0000 7.0000 22.0000
      vertex -2.1631 6.6574 22.0000
      vertex -2.1631 6.6574 26.0000
    endloop
  endfacet
  facet normal -0.156434 0.987688 0.000000
    outer loop
      vertex 0.0000 7.0000 22.0000
      vertex -2.1631 6.6574 26.0000
      vertex 0.0000 7.0000 26.0000
    endloop
  endfacet
  facet normal 0.000000 0.000000 1.000000
    outer loop
      vertex 0.0000 0.0000 26.0000
      vertex 0.0000 7.0000 26.0000
      vertex -2.1631 6.6574 26.0000
    endloop
  endfacet
  facet normal 0.000000 0.000000 -1.000000
    outer loop
      vertex 0.0000 0.0000 22.0000
      vertex -2.1631 6.6574 22.0000
      vertex 0.0000 7.0000 22.0000
    endloop
  endfacet
  facet normal -0.453990 0.891007 0.000000
    outer loop
      vertex -2.1631 6.6574 22.0000
      vertex -4.1145 5.6631 22.0000
      vertex -4.1145 5.6631 26.0000
    endloop
  endfacet
  facet normal -0.453990 0.891007 0.000000
    outer loop
      vertex -2.1631 6.6574 22.0000
      vertex -4.1145 5.6631 26.0000
      vertex -2.1631 6.6574 26.0000
    endloop
  endfacet
  facet normal 0.000000 0.000000 1.000000
    outer loop
      vertex 0.0000 0.0000 26.0000
      vertex -2.1631 6.6574 26.0000
      vertex -4.1145 5.6631 26.0000
    endloop
  endfacet
  facet normal 0.000000 0.000000 -1.000000
    outer loop
      vertex 0.0000 0.0000 22.0000
      vertex -4.1145 5.6631 22.0000
      vertex -2.1631 6.6574 22.0000
    endloop
  endfacet
  facet normal -0.707107 0.707107 0.000000
    outer loop
      vertex -4.1145 5.6631 22.0000
      vertex -5.6631 4.1145 22.0000
      vertex -5.6631 4.1145 26.0000
    endloop
  endfacet
  facet normal -0.707107 0.707107 0.000000
    outer loop
      vertex -4.1145 5.6631 22.0000
      vertex -5.6631 4.1145 26.0000
      vertex -4.1145 5.6631 26.0000
    endloop
  endfacet
  facet normal 0.000000 0.000000 1.000000
    outer loop
      vertex 0.0000 0.0000 26.0000
      vertex -4.1145 5.6631 26.0000
      vertex -5.6631 4.1145 26.0000
    endloop
  endfacet
  facet normal 0.000000 0.000000 -1.000000
    outer loop
      vertex 0.0000 0.0000 22.0000
      vertex -5.6631 4.1145 22.0000
      vertex -4.1145 5.6631 22.0000
    endloop
  endfacet
  facet normal -0.891007 0.453990 0.000000
    outer loop
      vertex -5.6631 4.1145 22.0000
      vertex -6.6574 2.1631 22.0000
      vertex -6.6574 2.1631 26.0000
    endloop
  endfacet
  facet normal -0.891007 0.453990 0.000000
    outer loop
      vertex -5.6631 4.1145 22.0000
      vertex -6.6574 2.1631 26.0000
      vertex -5.6631 4.1145 26.0000
    endloop
  endfacet
  facet normal 0.000000 0.000000 1.000000
    outer loop
      vertex 0.0000 0.0000 26.0000
      vertex -5.6631 4.1145 26.0000
      vertex -6.6574 2.1631 26.0000
    endloop
  endfacet
  facet normal 0.000000 0.000000 -1.000000
    outer loop
      vertex 0.0000 0.0000 22.0000
      vertex -6.6574 2.1631 22.0000
      vertex -5.6631 4.1145 22.0000
    endloop
  endfacet
  facet normal -0.987688 0.156434 0.000000
    outer loop
      vertex -6.6574 2.1631 22.0000
      vertex -7.0000 0.0000 22.0000
      vertex -7.0000 0.0000 26.0000
    endloop
  endfacet
  facet normal -0.987688 0.156434 0.000000
    outer loop
      vertex -6.6574 2.1631 22.0000
      vertex -7.0000 0.0000 26.0000
      vertex -6.6574 2.1631 26.0000
    endloop
  endfacet
  facet normal 0.000000 0.000000 1.000000
    outer loop
      vertex 0.0000 0.0000 26.0000
      vertex -6.6574 2.1631 26.0000
      vertex -7.0000 0.0000 26.0000
    endloop
  endfacet
  facet normal 0.000000 0.000000 -1.000000
    outer loop
      vertex 0.0000 0.0000 22.0000
      vertex -7.0000 0.0000 22.0000
      vertex -6.6574 2.1631 22.0000
    endloop
  endfacet
  facet normal -0.987688 -0.156434 0.000000
    outer loop
      vertex -7.0000 0.0000 22.0000
      vertex -6.6574 -2.1631 22.0000
      vertex -6.6574 -2.1631 26.0000
    endloop
  endfacet
  facet normal -0.987688 -0.156434 0.000000
    outer loop
      vertex -7.0000 0.0000 22.0000
      vertex -6.6574 -2.1631 26.0000
      vertex -7.0000 0.0000 26.0000
    endloop
  endfacet
  facet normal 0.000000 0.000000 1.000000
    outer loop
      vertex 0.0000 0.0000 26.0000
      vertex -7.0000 0.0000 26.0000
      vertex -6.6574 -2.1631 26.0000
    endloop
  endfacet
  facet normal 0.000000 0.000000 -1.000000
    outer loop
      vertex 0.0000 0.0000 22.0000
      vertex -6.6574 -2.1631 22.0000
      vertex -7.0000 0.0000 22.0000
    endloop
  endfacet
  facet normal -0.891007 -0.453990 0.000000
    outer loop
      vertex -6.6574 -2.1631 22.0000
      vertex -5.6631 -4.1145 22.0000
      vertex -5.6631 -4.1145 26.0000
    endloop
  endfacet
  facet normal -0.891007 -0.453990 0.000000
    outer loop
      vertex -6.6574 -2.1631 22.0000
      vertex -5.6631 -4.1145 26.0000
      vertex -6.6574 -2.1631 26.0000
    endloop
  endfacet
  facet normal 0.000000 0.000000 1.000000
    outer loop
      vertex 0.0000 0.0000 26.0000
      vertex -6.6574 -2.1631 26.0000
      vertex -5.6631 -4.1145 26.0000
    endloop
  endfacet
  facet normal 0.000000 0.000000 -1.000000
    outer loop
      vertex 0.0000 0.0000 22.0000
      vertex -5.6631 -4.1145 22.0000
      vertex -6.6574 -2.1631 22.0000
    endloop
  endfacet
  facet normal -0.707107 -0.707107 0.000000
    outer loop
      vertex -5.6631 -4.1145 22.0000
      vertex -4.1145 -5.6631 22.0000
      vertex -4.1145 -5.6631 26.0000
    endloop
  endfacet
  facet normal -0.707107 -0.707107 0.000000
    outer loop
      vertex -5.6631 -4.1145 22.0000
      vertex -4.1145 -5.6631 26.0000
      vertex -5.6631 -4.1145 26.0000
    endloop
  endfacet
  facet normal 0.000000 0.000000 1.000000
    outer loop
      vertex 0.0000 0.0000 26.0000
      vertex -5.6631 -4.1145 26.0000
      vertex -4.1145 -5.6631 26.0000
    endloop
  endfacet
  facet normal 0.000000 0.000000 -1.000000
    outer loop
      vertex 0.0000 0.0000 22.0000
      vertex -4.1145 -5.6631 22.0000
      vertex -5.6631 -4.1145 22.0000
    endloop
  endfacet
  facet normal -0.453990 -0.891007 0.000000
    outer loop
      vertex -4.1145 -5.6631 22.0000
      vertex -2.1631 -6.6574 22.0000
      vertex -2.1631 -6.6574 26.0000
    endloop
  endfacet
  facet normal -0.453990 -0.891007 0.000000
    outer loop
      vertex -4.1145 -5.6631 22.0000
      vertex -2.1631 -6.6574 26.0000
      vertex -4.1145 -5.6631 26.0000
    endloop
  endfacet
  facet normal 0.000000 0.000000 1.000000
    outer loop
      vertex 0.0000 0.0000 26.0000
      vertex -4.1145 -5.6631 26.0000
      vertex -2.1631 -6.6574 26.0000
    endloop
  endfacet
  facet normal 0.000000 0.000000 -1.000000
    outer loop
      vertex 0.0000 0.0000 22.0000
      vertex -2.1631 -6.6574 22.0000
      vertex -4.1145 -5.6631 22.0000
    endloop
  endfacet
  facet normal -0.156434 -0.987688 0.000000
    outer loop
      vertex -2.1631 -6.6574 22.0000
      vertex -0.0000 -7.0000 22.0000
      vertex -0.0000 -7.0000 26.0000
    endloop
  endfacet
  facet normal -0.156434 -0.987688 0.000000
    outer loop
      vertex -2.1631 -6.6574 22.0000
      vertex -0.0000 -7.0000 26.0000
      vertex -2.1631 -6.6574 26.0000
    endloop
  endfacet
  facet normal 0.000000 0.000000 1.000000
    outer loop
      vertex 0.0000 0.0000 26.0000
      vertex -2.1631 -6.6574 26.0000
      vertex -0.0000 -7.0000 26.0000
    endloop
  endfacet
  facet normal 0.000000 0.000000 -1.000000
    outer loop
      vertex 0.0000 0.0000 22.0000
      vertex -0.0000 -7.0000 22.0000
      vertex -2.1631 -6.6574 22.0000
    endloop
  endfacet
  facet normal 0.156434 -0.987688 0.000000
    outer loop
      vertex -0.0000 -7.0000 22.0000
      vertex 2.1631 -6.6574 22.0000
      vertex 2.1631 -6.6574 26.0000
    endloop
  endfacet
  facet normal 0.156434 -0.987688 0.000000
    outer loop
      vertex -0.0000 -7.0000 22.0000
      vertex 2.1631 -6.6574 26.0000
      vertex -0.0000 -7.0000 26.0000
    endloop
  endfacet
  facet normal 0.000000 0.000000 1.000000
    outer loop
      vertex 0.0000 0.0000 26.0000
      vertex -0.0000 -7.0000 26.0000
      vertex 2.1631 -6.6574 26.0000
    endloop
  endfacet
  facet normal 0.000000 0.000000 -1.000000
    outer loop
      vertex 0.0000 0.0000 22.0000
      vertex 2.1631 -6.6574 22.0000
      vertex -0.0000 -7.0000 22.0000
    endloop
  endfacet
  facet normal 0.453990 -0.891007 0.000000
    outer loop
      vertex 2.1631 -6.6574 22.0000
      vertex 4.1145 -5.6631 22.0000
      vertex 4.1145 -5.6631 26.0000
    endloop
  endfacet
  facet normal 0.453990 -0.891007 0.000000
    outer loop
      vertex 2.1631 -6.6574 22.0000
      vertex 4.1145 -5.6631 26.0000
      vertex 2.1631 -6.6574 26.0000
    endloop
  endfacet
  facet normal 0.000000 0.000000 1.000000
    outer loop
      vertex 0.0000 0.0000 26.0000
      vertex 2.1631 -6.6574 26.0000
      vertex 4.1145 -5.6631 26.0000
    endloop
  endfacet
  facet normal 0.000000 0.000000 -1.000000
    outer loop
      vertex 0.0000 0.0000 22.0000
      vertex 4.1145 -5.6631 22.0000
      vertex 2.1631 -6.6574 22.0000
    endloop
  endfacet
  facet normal 0.707107 -0.707107 0.000000
    outer loop
      vertex 4.1145 -5.6631 22.0000
      vertex 5.6631 -4.1145 22.0000
      vertex 5.6631 -4.1145 26.0000
    endloop
  endfacet
  facet normal 0.707107 -0.707107 0.000000
    outer loop
      vertex 4.1145 -5.6631 22.0000
      vertex 5.6631 -4.1145 26.0000
      vertex 4.1145 -5.6631 26.0000
    endloop
  endfacet
  facet normal 0.000000 0.000000 1.000000
    outer loop
      vertex 0.0000 0.0000 26.0000
      vertex 4.1145 -5.6631 26.0000
      vertex 5.6631 -4.1145 26.0000
    endloop
  endfacet
  facet normal 0.000000 0.000000 -1.000000
    outer loop
      vertex 0.0000 0.0000 22.0000
      vertex 5.6631 -4.1145 22.0000
      vertex 4.1145 -5.6631 22.0000
    endloop
  endfacet
  facet normal 0.891007 -0.453990 0.000000
    outer loop
      vertex 5.6631 -4.1145 22.0000
      vertex 6.6574 -2.1631 22.0000
      vertex 6.6574 -2.1631 26.0000
    endloop
  endfacet
  facet normal 0.891007 -0.453990 0.000000
    outer loop
      vertex 5.6631 -4.1145 22.0000
      vertex 6.6574 -2.1631 26.0000
      vertex 5.6631 -4.1145 26.0000
    endloop
  endfacet
  facet normal 0.000000 0.000000 1.000000
    outer loop
      vertex 0.0000 0.0000 26.0000
      vertex 5.6631 -4.1145 26.0000
      vertex 6.6574 -2.1631 26.0000
    endloop
  endfacet
  facet normal 0.000000 0.000000 -1.000000
    outer loop
      vertex 0.0000 0.0000 22.0000
      vertex 6.6574 -2.1631 22.0000
      vertex 5.6631 -4.1145 22.0000
    endloop
  endfacet
  facet normal 0.987688 -0.156434 0.000000
    outer loop
      vertex 6.6574 -2.1631 22.0000
      vertex 7.0000 -0.0000 22.0000
      vertex 7.0000 -0.0000 26.0000
    endloop
  endfacet
  facet normal 0.987688 -0.156434 0.000000
    outer loop
      vertex 6.6574 -2.1631 22.0000
      vertex 7.0000 -0.0000 26.0000
      vertex 6.6574 -2.1631 26.0000
    endloop
  endfacet
  facet normal 0.000000 0.000000 1.000000
    outer loop
      vertex 0.0000 0.0000 26.0000
      vertex 6.6574 -2.1631 26.0000
      vertex 7.0000 -0.0000 26.0000
    endloop
  endfacet
  facet normal 0.000000 0.000000 -1.000000
    outer loop
      vertex 0.0000 0.0000 22.0000
      vertex 7.0000 -0.0000 22.0000
      vertex 6.6574 -2.1631 22.0000
    endloop
  endfacet
  facet normal 0.965926 0.258819 0.000000
    outer loop
      vertex 3.0000 0.0000 0.0000
      vertex 2.5981 1.5000 0.0000
      vertex 2.5981 1.5000 -2.0000
    endloop
  endfacet
  facet normal 0.965926 0.258819 0.000000
    outer loop
      vertex 3.0000 0.0000 0.0000
      vertex 2.5981 1.5000 -2.0000
      vertex 3.0000 0.0000 -2.0000
    endloop
  endfacet
  facet normal 0.000000 0.000000 1.000000
    outer loop
      vertex 0.0000 0.0000 -2.0000
      vertex 3.0000 0.0000 -2.0000
      vertex 2.5981 1.5000 -2.0000
    endloop
  endfacet
  facet normal 0.000000 0.000000 -1.000000
    outer loop
      vertex 0.0000 0.0000 0.0000
      vertex 2.5981 1.5000 0.0000
      vertex 3.0000 0.0000 0.0000
    endloop
  endfacet
  facet normal 0.707107 0.707107 0.000000
    outer loop
      vertex 2.5981 1.5000 0.0000
      vertex 1.5000 2.5981 0.0000
      vertex 1.5000 2.5981 -2.0000
    endloop
  endfacet
  facet normal 0.707107 0.707107 0.000000
    outer loop
      vertex 2.5981 1.5000 0.0000
      vertex 1.5000 2.5981 -2.0000
      vertex 2.5981 1.5000 -2.0000
    endloop
  endfacet
  facet normal 0.000000 0.000000 1.000000
    outer loop
      vertex 0.0000 0.0000 -2.0000
      vertex 2.5981 1.5000 -2.0000
      vertex 1.5000 2.5981 -2.0000
    endloop
  endfacet
  facet normal 0.000000 0.000000 -1.000000
    outer loop
      vertex 0.0000 0.0000 0.0000
      vertex 1.5000 2.5981 0.0000
      vertex 2.5981 1.5000 0.0000
    endloop
  endfacet
  facet normal 0.258819 0.965926 0.000000
    outer loop
      vertex 1.5000 2.5981 0.0000
      vertex 0.0000 3.0000 0.0000
      vertex 0.0000 3.0000 -2.0000
    endloop
  endfacet
  facet normal 0.258819 0.965926 0.000000
    outer loop
      vertex 1.5000 2.5981 0.0000
      vertex 0.0000 3.0000 -2.0000
      vertex 1.5000 2.5981 -2.0000
    endloop
  endfacet
  facet normal 0.000000 0.000000 1.000000
    outer loop
      vertex 0.0000 0.0000 -2.0000
      vertex 1.5000 2.5981 -2.0000
      vertex 0.0000 3.0000 -2.0000
    endloop
  endfacet
  facet normal 0.000000 0.000000 -1.000000
    outer loop
      vertex 0.0000 0.0000 0.0000
      vertex 0.0000 3.0000 0.0000
      vertex 1.5000 2.5981 0.0000
    endloop
  endfacet
  facet normal -0.258819 0.965926 0.000000
    outer loop
      vertex 0.0000 3.0000 0.0000
      vertex -1.5000 2.5981 0.0000
      vertex -1.5000 2.5981 -2.0000
    endloop
  endfacet
  facet normal -0.258819 0.965926 0.000000
    outer loop
      vertex 0.0000 3.0000 0.0000
      vertex -1.5000 2.5981 -2.0000
      vertex 0.0000 3.0000 -2.0000
    endloop
  endfacet
  facet normal 0.000000 0.000000 1.000000
    outer loop
      vertex 0.0000 0.0000 -2.0000
      vertex 0.0000 3.0000 -2.0000
      vertex -1.5000 2.5981 -2.0000
    endloop
  endfacet
  facet normal 0.000000 0.000000 -1.000000
    outer loop
      vertex 0.0000 0.0000 0.0000
      vertex -1.5000 2.5981 0.0000
      vertex 0.0000 3.0000 0.0000
    endloop
  endfacet
  facet normal -0.707107 0.707107 0.000000
    outer loop
      vertex -1.5000 2.5981 0.0000
      vertex -2.5981 1.5000 0.0000
      vertex -2.5981 1.5000 -2.0000
    endloop
  endfacet
  facet normal -0.707107 0.707107 0.000000
    outer loop
      vertex -1.5000 2.5981 0.0000
      vertex -2.5981 1.5000 -2.0000
      vertex -1.5000 2.5981 -2.0000
    endloop
  endfacet
  facet normal 0.000000 0.000000 1.000000
    outer loop
      vertex 0.0000 0.0000 -2.0000
      vertex -1.5000 2.5981 -2.0000
      vertex -2.5981 1.5000 -2.0000
    endloop
  endfacet
  facet normal 0.000000 0.000000 -1.000000
    outer loop
      vertex 0.0000 0.0000 0.0000
      vertex -2.5981 1.5000 0.0000
      vertex -1.5000 2.5981 0.0000
    endloop
  endfacet
  facet normal -0.965926 0.258819 0.000000
    outer loop
      vertex -2.5981 1.5000 0.0000
      vertex -3.0000 0.0000 0.0000
      vertex -3.0000 0.0000 -2.0000
    endloop
  endfacet
  facet normal -0.965926 0.258819 0.000000
    outer loop
      vertex -2.5981 1.5000 0.0000
      vertex -3.0000 0.0000 -2.0000
      vertex -2.5981 1.5000 -2.0000
    endloop
  endfacet
  facet normal 0.000000 0.000000 1.000000
    outer loop
      vertex 0.0000 0.0000 -2.0000
      vertex -2.5981 1.5000 -2.0000
      vertex -3.0000 0.0000 -2.0000
    endloop
  endfacet
  facet normal 0.000000 0.000000 -1.000000
    outer loop
      vertex 0.0000 0.0000 0.0000
      vertex -3.0000 0.0000 0.0000
      vertex -2.5981 1.5000 0.0000
    endloop
  endfacet
  facet normal -0.965926 -0.258819 0.000000
    outer loop
      vertex -3.0000 0.0000 0.0000
      vertex -2.5981 -1.5000 0.0000
      vertex -2.5981 -1.5000 -2.0000
    endloop
  endfacet
  facet normal -0.965926 -0.258819 0.000000
    outer loop
      vertex -3.0000 0.0000 0.0000
      vertex -2.5981 -1.5000 -2.0000
      vertex -3.0000 0.0000 -2.0000
    endloop
  endfacet
  facet normal 0.000000 0.000000 1.000000
    outer loop
      vertex 0.0000 0.0000 -2.0000
      vertex -3.0000 0.0000 -2.0000
      vertex -2.5981 -1.5000 -2.0000
    endloop
  endfacet
  facet normal 0.000000 0.000000 -1.000000
    outer loop
      vertex 0.0000 0.0000 0.0000
      vertex -2.5981 -1.5000 0.0000
      vertex -3.0000 0.0000 0.0000
    endloop
  endfacet
  facet normal -0.707107 -0.707107 0.000000
    outer loop
      vertex -2.5981 -1.5000 0.0000
      vertex -1.5000 -2.5981 0.0000
      vertex -1.5000 -2.5981 -2.0000
    endloop
  endfacet
  facet normal -0.707107 -0.707107 0.000000
    outer loop
      vertex -2.5981 -1.5000 0.0000
      vertex -1.5000 -2.5981 -2.0000
      vertex -2.5981 -1.5000 -2.0000
    endloop
  endfacet
  facet normal 0.000000 0.000000 1.000000
    outer loop
      vertex 0.0000 0.0000 -2.0000
      vertex -2.5981 -1.5000 -2.0000
      vertex -1.5000 -2.5981 -2.0000
    endloop
  endfacet
  facet normal 0.000000 0.000000 -1.000000
    outer loop
      vertex 0.0000 0.0000 0.0000
      vertex -1.5000 -2.5981 0.0000
      vertex -2.5981 -1.5000 0.0000
    endloop
  endfacet
  facet normal -0.258819 -0.965926 0.000000
    outer loop
      vertex -1.5000 -2.5981 0.0000
      vertex -0.0000 -3.0000 0.0000
      vertex -0.0000 -3.0000 -2.0000
    endloop
  endfacet
  facet normal -0.258819 -0.965926 0.000000
    outer loop
      vertex -1.5000 -2.5981 0.0000
      vertex -0.0000 -3.0000 -2.0000
      vertex -1.5000 -2.5981 -2.0000
    endloop
  endfacet
  facet normal 0.000000 0.000000 1.000000
    outer loop
      vertex 0.0000 0.0000 -2.0000
      vertex -1.5000 -2.5981 -2.0000
      vertex -0.0000 -3.0000 -2.0000
    endloop
  endfacet
  facet normal 0.000000 0.000000 -1.000000
    outer loop
      vertex 0.0000 0.0000 0.0000
      vertex -0.0000 -3.0000 0.0000
      vertex -1.5000 -2.5981 0.0000
    endloop
  endfacet
  facet normal 0.258819 -0.965926 0.000000
    outer loop
      vertex -0.0000 -3.0000 0.0000
      vertex 1.5000 -2.5981 0.0000
      vertex 1.5000 -2.5981 -2.0000
    endloop
  endfacet
  facet normal 0.258819 -0.965926 0.000000
    outer loop
      vertex -0.0000 -3.0000 0.0000
      vertex 1.5000 -2.5981 -2.0000
      vertex -0.0000 -3.0000 -2.0000
    endloop
  endfacet
  facet normal 0.000000 0.000000 1.000000
    outer loop
      vertex 0.0000 0.0000 -2.0000
      vertex -0.0000 -3.0000 -2.0000
      vertex 1.5000 -2.5981 -2.0000
    endloop
  endfacet
  facet normal 0.000000 0.000000 -1.000000
    outer loop
      vertex 0.0000 0.0000 0.0000
      vertex 1.5000 -2.5981 0.0000
      vertex -0.0000 -3.0000 0.0000
    endloop
  endfacet
  facet normal 0.707107 -0.707107 0.000000
    outer loop
      vertex 1.5000 -2.5981 0.0000
      vertex 2.5981 -1.5000 0.0000
      vertex 2.5981 -1.5000 -2.0000
    endloop
  endfacet
  facet normal 0.707107 -0.707107 0.000000
    outer loop
      vertex 1.5000 -2.5981 0.0000
      vertex 2.5981 -1.5000 -2.0000
      vertex 1.5000 -2.5981 -2.0000
    endloop
  endfacet
  facet normal 0.000000 0.000000 1.000000
    outer loop
      vertex 0.0000 0.0000 -2.0000
      vertex 1.5000 -2.5981 -2.0000
      vertex 2.5981 -1.5000 -2.0000
    endloop
  endfacet
  facet normal 0.000000 0.000000 -1.000000
    outer loop
      vertex 0.0000 0.0000 0.0000
      vertex 2.5981 -1.5000 0.0000
      vertex 1.5000 -2.5981 0.0000
    endloop
  endfacet
  facet normal 0.965926 -0.258819 0.000000
    outer loop
      vertex 2.5981 -1.5000 0.0000
      vertex 3.0000 -0.0000 0.0000
      vertex 3.0000 -0.0000 -2.0000
    endloop
  endfacet
  facet normal 0.965926 -0.258819 0.000000
    outer loop
      vertex 2.5981 -1.5000 0.0000
      vertex 3.0000 -0.0000 -2.0000
      vertex 2.5981 -1.5000 -2.0000
    endloop
  endfacet
  facet normal 0.000000 0.000000 1.000000
    outer loop
      vertex 0.0000 0.0000 -2.0000
      vertex 2.5981 -1.5000 -2.0000
      vertex 3.0000 -0.0000 -2.0000
    endloop
  endfacet
  facet normal 0.000000 0.000000 -1.000000
    outer loop
      vertex 0.0000 0.0000 0.0000
      vertex 3.0000 -0.0000 0.0000
      vertex 2.5981 -1.5000 0.0000
    endloop
  endfacet
endsolid adapter
