solid adapter
  facet normal 0.991445 0.130526 0.000000
    outer loop
      vertex 18.0000 0.0000 0.0000
      vertex 17.3867 4.6587 0.0000
      vertex 17.3867 4.6587 4.0000
    endloop
  endfacet
  facet normal 0.991445 0.130526 0.000000
    outer loop
      vertex 18.0000 0.0000 0.0000
      vertex 17.3867 4.6587 4.0000
      vertex 18.0000 0.0000 4.0000
    endloop
  endfacet
  facet normal 0.000000 0.000000 1.000000
    outer loop
      vertex 0.0000 0.0000 4.0000
      vertex 18.0000 0.0000 4.0000
      vertex 17.3867 4.6587 4.0000
    endloop
  endfacet
  facet normal 0.000000 0.000000 -1.000000
    outer loop
      vertex 0.0000 0.0000 0.0000
      vertex 17.3867 4.6587 0.0000
      vertex 18.0000 0.0000 0.0000
    endloop
  endfacet
  facet normal 0.923880 0.382683 0.000000
    outer loop
      vertex 17.3867 4.6587 0.0000
      vertex 15.5885 9.0000 0.0000
      vertex 15.5885 9.0000 4.0000
    endloop
  endfacet
  facet normal 0.923880 0.382683 0.000000
    outer loop
      vertex 17.3867 4.6587 0.0000
      vertex 15.5885 9.0000 4.0000
      vertex 17.3867 4.6587 4.0000
    endloop
  endfacet
  facet normal 0.000000 0.000000 1.000000
    outer loop
      vertex 0.0000 0.0000 4.0000
      vertex 17.3867 4.6587 4.0000
      vertex 15.5885 9.0000 4.0000
    endloop
  endfacet
  facet normal 0.000000 0.000000 -1.000000
    outer loop
      vertex 0.0000 0.0000 0.0000
      vertex 15.5885 9.0000 0.0000
      vertex 17.3867 4.6587 0.0000
    endloop
  endfacet
  facet normal 0.793353 0.608761 0.000000
    outer loop
      vertex 15.5885 9.0000 0.0000
      vertex 12.7279 12.7279 0.0000
      vertex 12.7279 12.7279 4.0000
    endloop
  endfacet
  facet normal 0.793353 0.608761 0.000000
    outer loop
      vertex 15.5885 9.0000 0.0000
      vertex 12.7279 12.7279 4.0000
      vertex 15.5885 9.0000 4.0000
    endloop
  endfacet
  facet normal 0.000000 0.000000 1.000000
    outer loop
      vertex 0.0000 0.0000 4.0000
      vertex 15.5885 9.0000 4.0000
      vertex 12.7279 12.7279 4.0000
    endloop
  endfacet
  facet normal 0.000000 0.000000 -1.000000
    outer loop
      vertex 0.0000 0.0000 0.0000
      vertex 12.7279 12.7279 0.0000
      vertex 15.5885 9.0000 0.0000
    endloop
  endfacet
  facet normal 0.608761 0.793353 0.000000
    outer loop
      vertex 12.7279 12.7279 0.0000
      vertex 9.0000 15.5885 0.0000
      vertex 9.0000 15.5885 4.0000
    endloop
  endfacet
  facet normal 0.608761 0.793353 0.000000
    outer loop
      vertex 12.7279 12.7279 0.0000
      vertex 9.0000 15.5885 4.0000
      vertex 12.7279 12.7279 4.0000
    endloop
  endfacet
  facet normal 0.000000 0.000000 1.000000
    outer loop
      vertex 0.0000 0.0000 4.0000
      vertex 12.7279 12.7279 4.0000
      vertex 9.0000 15.5885 4.0000
    endloop
  endfacet
  facet normal 0.000000 0.000000 -1.000000
    outer loop
      vertex 0.0000 0.0000 0.0000
      vertex 9.0000 15.5885 0.0000
      vertex 12.7279 12.7279 0.0000
    endloop
  endfacet
  facet normal 0.382683 0.923880 0.000000
    outer loop
      vertex 9.0000 15.5885 0.0000
      vertex 4.6587 17.3867 0.0000
      vertex 4.6587 17.3867 4.0000
    endloop
  endfacet
  facet normal 0.382683 0.923880 0.000000
    outer loop
      vertex 9.0000 15.5885 0.0000
      vertex 4.6587 17.3867 4.0000
      vertex 9.0000 15.5885 4.0000
    endloop
  endfacet
  facet normal 0.000000 0.000000 1.000000
    outer loop
      vertex 0.0000 0.0000 4.0000
      vertex 9.0000 15.5885 4.0000
      vertex 4.6587 17.3867 4.0000
    endloop
  endfacet
  facet normal 0.000000 0.000000 -1.000000
    outer loop
      vertex 0.0000 0.0000 0.0000
      vertex 4.6587 17.3867 0.0000
      vertex 9.0000 15.5885 0.0000
    endloop
  endfacet
  facet normal 0.130526 0.991445 0.000000
    outer loop
      vertex 4.6587 17.3867 0.0000
      vertex 0.0000 18.0000 0.0000
      vertex 0.0000 18.0000 4.0000
    endloop
  endfacet
  facet normal 0.130526 0.991445 0.000000
    outer loop
      vertex 4.6587 17.3867 0.0000
      vertex 0.0000 18.0000 4.0000
      vertex 4.6587 17.3867 4.0000
    endloop
  endfacet
  facet normal 0.000000 0.000000 1.000000
    outer loop
      vertex 0.0000 0.0000 4.0000
      vertex 4.6587 17.3867 4.0000
      vertex 0.0000 18.0000 4.0000
    endloop
  endfacet
  facet normal 0.000000 0.000000 -1.000000
    outer loop
      vertex 0.0000 0.0000 0.0000
      vertex 0.0000 18.0000 0.0000
      vertex 4.6587 17.3867 0.0000
    endloop
  endfacet
  facet normal -0.130526 0.991445 0.000000
    outer loop
      vertex 0.0000 18.0000 0.0000
      vertex -4.6587 17.3867 0.0000
      vertex -4.6587 17.3867 4.0000
    endloop
  endfacet
  facet normal -0.130526 0.991445 0.000000
    outer loop
      vertex 0.0000 18.0000 0.0000
      vertex -4.6587 17.3867 4.0000
      vertex 0.0000 18.0000 4.0000
    endloop
  endfacet
  facet normal 0.000000 0.000000 1.000000
    outer loop
      vertex 0.0000 0.0000 4.0000
      vertex 0.0000 18.0000 4.0000
      vertex -4.6587 17.3867 4.0000
    endloop
  endfacet
  facet normal 0.000000 0.000000 -1.000000
    outer loop
      vertex 0.0000 0.0000 0.0000
      vertex -4.6587 17.3867 0.0000
      vertex 0.0000 18.0000 0.0000
    endloop
  endfacet
  facet normal -0.382683 0.923880 0.000000
    outer loop
      vertex -4.6587 17.3867 0.0000
      vertex -9.0000 15.5885 0.0000
      vertex -9.0000 15.5885 4.0000
    endloop
  endfacet
  facet normal -0.382683 0.923880 0.000000
    outer loop
      vertex -4.6587 17.3867 0.0000
      vertex -9.0000 15.5885 4.0000
      vertex -4.6587 17.3867 4.0000
    endloop
  endfacet
  facet normal 0.000000 0.000000 1.000000
    outer loop
      vertex 0.0000 0.0000 4.0000
      vertex -4.6587 17.3867 4.0000
      vertex -9.0000 15.5885 4.0000
    endloop
  endfacet
  facet normal 0.000000 0.000000 -1.000000
    outer loop
      vertex 0.0000 0.0000 0.0000
      vertex -9.0000 15.5885 0.0000
      vertex -4.6587 17.3867 0.0000
    endloop
  endfacet
  facet normal -0.608761 0.793353 0.000000
    outer loop
      vertex -9.0000 15.5885 0.0000
      vertex -12.7279 12.7279 0.0000
      vertex -12.7279 12.7279 4.0000
    endloop
  endfacet
  facet normal -0.608761 0.793353 0.000000
    outer loop
      vertex -9.0000 15.5885 0.0000
      vertex -12.7279 12.7279 4.0000
      vertex -9.0000 15.5885 4.0000
    endloop
  endfacet
  facet normal 0.000000 0.000000 1.000000
    outer loop
      vertex 0.0000 0.0000 4.0000
      vertex -9.0000 15.5885 4.0000
      vertex -12.7279 12.7279 4.0000
    endloop
  endfacet
  facet normal 0.000000 0.000000 -1.000000
    outer loop
      vertex 0.0000 0.0000 0.0000
      vertex -12.7279 12.7279 0.0000
      vertex -9.0000 15.5885 0.0000
    endloop
  endfacet
  facet normal -0.793353 0.608761 0.000000
    outer loop
      vertex -12.7279 12.7279 0.0000
      vertex -15.5885 9.0000 0.0000
      vertex -15.5885 9.0000 4.0000
    endloop
  endfacet
  facet normal -0.793353 0.608761 0.000000
    outer loop
      vertex -12.7279 12.7279 0.0000
      vertex -15.5885 9.0000 4.0000
      vertex -12.7279 12.7279 4.0000
    endloop
  endfacet
  facet normal 0.000000 0.000000 1.000000
    outer loop
      vertex 0.0000 0.0000 4.0000
      vertex -12.7279 12.7279 4.0000
      vertex -15.5885 9.0000 4.0000
    endloop
  endfacet
  facet normal 0.000000 0.000000 -1.000000
    outer loop
      vertex 0.0000 0.0000 0.0000
      vertex -15.5885 9.0000 0.0000
      vertex -12.7279 12.7279 0.0000
    endloop
  endfacet
  facet normal -0.923880 0.382683 0.000000
    outer loop
      vertex -15.5885 9.0000 0.0000
      vertex -17.3867 4.6587 0.0000
      vertex -17.3867 4.6587 4.0000
    endloop
  endfacet
  facet normal -0.923880 0.382683 0.000000
    outer loop
      vertex -15.5885 9.0000 0.0000
      vertex -17.3867 4.6587 4.0000
      vertex -15.5885 9.0000 4.0000
    endloop
  endfacet
  facet normal 0.000000 0.000000 1.000000
    outer loop
      vertex 0.0000 0.0000 4.0000
      vertex -15.5885 9.0000 4.0000
      vertex -17.3867 4.6587 4.0000
    endloop
  endfacet
  facet normal 0.000000 0.000000 -1.000000
    outer loop
      vertex 0.0000 0.0000 0.0000
      vertex -17.3867 4.6587 0.0000
      vertex -15.5885 9.0000 0.0000
    endloop
  endfacet
  facet normal -0.991445 0.130526 0.000000
    outer loop
      vertex -17.3867 4.6587 0.0000
      vertex -18.0000 0.0000 0.0000
      vertex -18.0000 0.0000 4.0000
    endloop
  endfacet
  facet normal -0.991445 0.130526 0.000000
    outer loop
      vertex -17.3867 4.6587 0.0000
      vertex -18.0000 0.0000 4.0000
      vertex -17.3867 4.6587 4.0000
    endloop
  endfacet
  facet normal 0.000000 0.000000 1.000000
    outer loop
      vertex 0.0000 0.0000 4.0000
      vertex -17.3867 4.6587 4.0000
      vertex -18.0000 0.0000 4.0000
    endloop
  endfacet
  facet normal 0.000000 0.000000 -1.000000
    outer loop
      vertex 0.0000 0.0000 0.0000
      vertex -18.0000 0.0000 0.0000
      vertex -17.3867 4.6587 0.0000
    endloop
  endfacet
  facet normal -0.991445 -0.130526 0.000000
    outer loop
      vertex -18.0000 0.0000 0.0000
      vertex -17.3867 -4.6587 0.0000
      vertex -17.3867 -4.6587 4.0000
    endloop
  endfacet
  facet normal -0.991445 -0.130526 0.000000
    outer loop
      vertex -18.0000 0.0000 0.0000
      vertex -17.3867 -4.6587 4.0000
      vertex -18.0000 0.0000 4.0000
    endloop
  endfacet
  facet normal 0.000000 0.000000 1.000000
    outer loop
      vertex 0.0000 0.0000 4.0000
      vertex -18.0000 0.0000 4.0000
      vertex -17.3867 -4.6587 4.0000
    endloop
  endfacet
  facet normal 0.000000 0.000000 -1.000000
    outer loop
      vertex 0.0000 0.0000 0.0000
      vertex -17.3867 -4.6587 0.0000
      vertex -18.0000 0.0000 0.0000
    endloop
  endfacet
  facet normal -0.923880 -0.382683 0.000000
    outer loop
      vertex -17.3867 -4.6587 0.0000
      vertex -15.5885 -9.0000 0.0000
      vertex -15.5885 -9.0000 4.0000
    endloop
  endfacet
  facet normal -0.923880 -0.382683 0.000000
    outer loop
      vertex -17.3867 -4.6587 0.0000
      vertex -15.5885 -9.0000 4.0000
      vertex -17.3867 -4.6587 4.0000
    endloop
  endfacet
  facet normal 0.000000 0.000000 1.000000
    outer loop
      vertex 0.0000 0.0000 4.0000
      vertex -17.3867 -4.6587 4.0000
      vertex -15.5885 -9.0000 4.0000
    endloop
  endfacet
  facet normal 0.000000 0.000000 -1.000000
    outer loop
      vertex 0.0000 0.0000 0.0000
      vertex -15.5885 -9.0000 0.0000
      vertex -17.3867 -4.6587 0.0000
    endloop
  endfacet
  facet normal -0.793353 -0.608761 0.000000
    outer loop
      vertex -15.5885 -9.0000 0.0000
      vertex -12.7279 -12.7279 0.0000
      vertex -12.7279 -12.7279 4.0000
    endloop
  endfacet
  facet normal -0.793353 -0.608761 0.000000
    outer loop
      vertex -15.5885 -9.0000 0.0000
      vertex -12.7279 -12.7279 4.0000
      vertex -15.5885 -9.0000 4.0000
    endloop
  endfacet
  facet normal 0.000000 0.000000 1.000000
    outer loop
      vertex 0.0000 0.0000 4.0000
      vertex -15.5885 -9.0000 4.0000
      vertex -12.7279 -12.7279 4.0000
    endloop
  endfacet
  facet normal 0.000000 0.000000 -1.000000
    outer loop
      vertex 0.0000 0.0000 0.0000
      vertex -12.7279 -12.7279 0.0000
      vertex -15.5885 -9.0000 0.0000
    endloop
  endfacet
  facet normal -0.608761 -0.793353 0.000000
    outer loop
      vertex -12.7279 -12.7279 0.0000
      vertex -9.0000 -15.5885 0.0000
      vertex -9.0000 -15.5885 4.0000
    endloop
  endfacet
  facet normal -0.608761 -0.793353 0.000000
    outer loop
      vertex -12.7279 -12.7279 0.0000
      vertex -9.0000 -15.5885 4.0000
      vertex -12.7279 -12.7279 4.0000
    endloop
  endfacet
  facet normal 0.000000 0.000000 1.000000
    outer loop
      vertex 0.0000 0.0000 4.0000
      vertex -12.7279 -12.7279 4.0000
      vertex -9.0000 -15.5885 4.0000
    endloop
  endfacet
  facet normal 0.000000 0.000000 -1.000000
    outer loop
      vertex 0.0000 0.0000 0.0000
      vertex -9.0000 -15.5885 0.0000
      vertex -12.7279 -12.7279 0.0000
    endloop
  endfacet
  facet normal -0.382683 -0.923880 0.000000
    outer loop
      vertex -9.0000 -15.5885 0.0000
      vertex -4.6587 -17.3867 0.0000
      vertex -4.6587 -17.3867 4.0000
    endloop
  endfacet
  facet normal -0.382683 -0.923880 0.000000
    outer loop
      vertex -9.0000 -15.5885 0.0000
      vertex -4.6587 -17.3867 4.0000
      vertex -9.0000 -15.5885 4.0000
    endloop
  endfacet
  facet normal 0.000000 0.000000 1.000000
    outer loop
      vertex 0.0000 0.0000 4.0000
      vertex -9.0000 -15.5885 4.0000
      vertex -4.6587 -17.3867 4.0000
    endloop
  endfacet
  facet normal 0.000000 0.000000 -1.000000
    outer loop
      vertex 0.0000 0.0000 0.0000
      vertex -4.6587 -17.3867 0.0000
      vertex -9.0000 -15.5885 0.0000
    endloop
  endfacet
  facet normal -0.130526 -0.991445 0.000000
    outer loop
      vertex -4.6587 -17.3867 0.0000
      vertex -0.0000 -18.0000 0.0000
      vertex -0.0000 -18.0000 4.0000
    endloop
  endfacet
  facet normal -0.130526 -0.991445 0.000000
    outer loop
      vertex -4.6587 -17.3867 0.0000
      vertex -0.0000 -18.0000 4.0000
      vertex -4.6587 -17.3867 4.0000
    endloop
  endfacet
  facet normal 0.000000 0.000000 1.000000
    outer loop
      vertex 0.0000 0.0000 4.0000
      vertex -4.6587 -17.3867 4.0000
      vertex -0.0000 -18.0000 4.0000
    endloop
  endfacet
  facet normal 0.000000 0.000000 -1.000000
    outer loop
      vertex 0.0000 0.0000 0.0000
      vertex -0.0000 -18.0000 0.0000
      vertex -4.6587 -17.3867 0.0000
    endloop
  endfacet
  facet normal 0.130526 -0.991445 0.000000
    outer loop
      vertex -0.0000 -18.0000 0.0000
      vertex 4.6587 -17.3867 0.0000
      vertex 4.6587 -17.3867 4.0000
    endloop
  endfacet
  facet normal 0.130526 -0.991445 0.000000
    outer loop
      vertex -0.0000 -18.0000 0.0000
      vertex 4.6587 -17.3867 4.0000
      vertex -0.0000 -18.0000 4.0000
    endloop
  endfacet
  facet normal 0.000000 0.000000 1.000000
    outer loop
      vertex 0.0000 0.0000 4.0000
      vertex -0.0000 -18.0000 4.0000
      vertex 4.6587 -17.3867 4.0000
    endloop
  endfacet
  facet normal 0.000000 0.000000 -1.000000
    outer loop
      vertex 0.0000 0.0000 0.0000
      vertex 4.6587 -17.3867 0.0000
      vertex -0.0000 -18.0000 0.0000
    endloop
  endfacet
  facet normal 0.382683 -0.923880 0.000000
    outer loop
      vertex 4.6587 -17.3867 0.0000
      vertex 9.0000 -15.5885 0.0000
      vertex 9.0000 -15.5885 4.0000
    endloop
  endfacet
  facet normal 0.382683 -0.923880 0.000000
    outer loop
      vertex 4.6587 -17.3867 0.0000
      vertex 9.0000 -15.5885 4.0000
      vertex 4.6587 -17.3867 4.0000
    endloop
  endfacet
  facet normal 0.000000 0.000000 1.000000
    outer loop
      vertex 0.0000 0.0000 4.0000
      vertex 4.6587 -17.3867 4.0000
      vertex 9.0000 -15.5885 4.0000
    endloop
  endfacet
  facet normal 0.000000 0.000000 -1.000000
    outer loop
      vertex 0.0000 0.0000 0.0000
      vertex 9.0000 -15.5885 0.0000
      vertex 4.6587 -17.3867 0.0000
    endloop
  endfacet
  facet normal 0.608761 -0.793353 0.000000
    outer loop
      vertex 9.0000 -15.5885 0.0000
      vertex 12.7279 -12.7279 0.0000
      vertex 12.7279 -12.7279 4.0000
    endloop
  endfacet
  facet normal 0.608761 -0.793353 0.000000
    outer loop
      vertex 9.0000 -15.5885 0.0000
      vertex 12.7279 -12.7279 4.0000
      vertex 9.0000 -15.5885 4.0000
    endloop
  endfacet
  facet normal 0.000000 0.000000 1.000000
    outer loop
      vertex 0.0000 0.0000 4.0000
      vertex 9.0000 -15.5885 4.0000
      vertex 12.7279 -12.7279 4.0000
    endloop
  endfacet
  facet normal 0.000000 0.000000 -1.000000
    outer loop
      vertex 0.0000 0.0000 0.0000
      vertex 12.7279 -12.7279 0.0000
      vertex 9.0000 -15.5885 0.0000
    endloop
  endfacet
  facet normal 0.793353 -0.608761 0.000000
    outer loop
      vertex 12.7279 -12.7279 0.0000
      vertex 15.5885 -9.0000 0.0000
      vertex 15.5885 -9.0000 4.0000
    endloop
  endfacet
  facet normal 0.793353 -0.608761 0.000000
    outer loop
      vertex 12.7279 -12.7279 0.0000
      vertex 15.5885 -9.0000 4.0000
      vertex 12.7279 -12.7279 4.0000
    endloop
  endfacet
  facet normal 0.000000 0.000000 1.000000
    outer loop
      vertex 0.0000 0.0000 4.0000
      vertex 12.7279 -12.7279 4.0000
      vertex 15.5885 -9.0000 4.0000
    endloop
  endfacet
  facet normal 0.000000 0.000000 -1.000000
    outer loop
      vertex 0.0000 0.0000 0.0000
      vertex 15.5885 -9.0000 0.0000
      vertex 12.7279 -12.7279 0.0000
    endloop
  endfacet
  facet normal 0.923880 -0.382683 0.000000
    outer loop
      vertex 15.5885 -9.0000 0.0000
      vertex 17.3867 -4.6587 0.0000
      vertex 17.3867 -4.6587 4.0000
    endloop
  endfacet
  facet normal 0.923880 -0.382683 0.000000
    outer loop
      vertex 15.5885 -9.0000 0.0000
      vertex 17.3867 -4.6587 4.0000
      vertex 15.5885 -9.0000 4.0000
    endloop
  endfacet
  facet normal 0.000000 0.000000 1.000000
    outer loop
      vertex 0.0000 0.0000 4.0000
      vertex 15.5885 -9.0000 4.0000
      vertex 17.3867 -4.6587 4.0000
    endloop
  endfacet
  facet normal 0.000000 0.000000 -1.000000
    outer loop
      vertex 0.0000 0.0000 0.0000
      vertex 17.3867 -4.6587 0.0000
      vertex 15.5885 -9.0000 0.0000
    endloop
  endfacet
  facet normal 0.991445 -0.130526 0.000000
    outer loop
      vertex 17.3867 -4.6587 0.0000
      vertex 18.0000 -0.0000 0.0000
      vertex 18.0000 -0.0000 4.0000
    endloop
  endfacet
  facet normal 0.991445 -0.130526 0.000000
    outer loop
      vertex 17.3867 -4.6587 0.0000
      vertex 18.0000 -0.0000 4.0000
      vertex 17.3867 -4.6587 4.0000
    endloop
  endfacet
  facet normal 0.000000 0.000000 1.000000
    outer loop
      vertex 0.0000 0.0000 4.0000
      vertex 17.3867 -4.6587 4.0000
      vertex 18.0000 -0.0000 4.0000
    endloop
  endfacet
  facet normal 0.000000 0.000000 -1.000000
    outer loop
      vertex 0.0000 0.0000 0.0000
      vertex 18.0000 -0.0000 0.0000
      vertex 17.3867 -4.6587 0.0000
    endloop
  endfacet
  facet normal 0.980785 0.195090 0.000000
    outer loop
      vertex 4.0000 0.0000 4.0000
      vertex 3.6955 1.5307 4.0000
      vertex 3.6955 1.5307 24.0000
    endloop
  endfacet
  facet normal 0.980785 0.195090 0.000000
    outer loop
      vertex 4.0000 0.0000 4.0000
      vertex 3.6955 1.5307 24.0000
      vertex 4.0000 0.0000 24.0000
    endloop
  endfacet
  facet normal 0.000000 0.000000 1.000000
    outer loop
      vertex 0.0000 0.0000 24.0000
      vertex 4.0000 0.0000 24.0000
      vertex 3.6955 1.5307 24.0000
    endloop
  endfacet
  facet normal 0.000000 0.000000 -1.000000
    outer loop
      vertex 0.0000 0.0000 4.0000
      vertex 3.6955 1.5307 4.0000
      vertex 4.0000 0.0000 4.0000
    endloop
  endfacet
  facet normal 0.831470 0.555570 0.000000
    outer loop
      vertex 3.6955 1.5307 4.0000
      vertex 2.8284 2.8284 4.0000
      vertex 2.8284 2.8284 24.0000
    endloop
  endfacet
  facet normal 0.831470 0.555570 0.000000
    outer loop
      vertex 3.6955 1.5307 4.0000
      vertex 2.8284 2.8284 24.0000
      vertex 3.6955 1.5307 24.0000
    endloop
  endfacet
  facet normal 0.000000 0.000000 1.000000
    outer loop
      vertex 0.0000 0.0000 24.0000
      vertex 3.6955 1.5307 24.0000
      vertex 2.8284 2.8284 24.0000
    endloop
  endfacet
  facet normal 0.000000 0.000000 -1.000000
    outer loop
      vertex 0.0000 0.0000 4.0000
      vertex 2.8284 2.8284 4.0000
      vertex 3.6955 1.5307 4.0000
    endloop
  endfacet
  facet normal 0.555570 0.831470 0.000000
    outer loop
      vertex 2.8284 2.8284 4.0000
      vertex 1.5307 3.6955 4.0000
      vertex 1.5307 3.6955 24.0000
    endloop
  endfacet
  facet normal 0.555570 0.831470 0.000000
    outer loop
      vertex 2.8284 2.8284 4.0000
      vertex 1.5307 3.6955 24.0000
      vertex 2.8284 2.8284 24.0000
    endloop
  endfacet
  facet normal 0.000000 0.000000 1.000000
    outer loop
      vertex 0.0000 0.0000 24.0000
      vertex 2.8284 2.8284 24.0000
      vertex 1.5307 3.6955 24.0000
    endloop
  endfacet
  facet normal 0.000000 0.000000 -1.000000
    outer loop
      vertex 0.0000 0.0000 4.0000
      vertex 1.5307 3.6955 4.0000
      vertex 2.8284 2.8284 4.0000
    endloop
  endfacet
  facet normal 0.195090 0.980785 0.000000
    outer loop
      vertex 1.5307 3.6955 4.0000
      vertex 0.0000 4.0000 4.0000
      vertex 0.0000 4.0000 24.0000
    endloop
  endfacet
  facet normal 0.195090 0.980785 0.000000
    outer loop
      vertex 1.5307 3.6955 4.0000
      vertex 0.0000 4.0000 24.0000
      vertex 1.5307 3.6955 24.0000
    endloop
  endfacet
  facet normal 0.000000 0.000000 1.000000
    outer loop
      vertex 0.0000 0.0000 24.0000
      vertex 1.5307 3.6955 24.0000
      vertex 0.0000 4.0000 24.0000
    endloop
  endfacet
  facet normal 0.000000 0.000000 -1.000000
    outer loop
      vertex 0.0000 0.0000 4.0000
      vertex 0.0000 4.0000 4.0000
      vertex 1.5307 3.6955 4.0000
    endloop
  endfacet
  facet normal -0.195090 0.980785 0.000000
    outer loop
      vertex 0.0000 4.0000 4.0000
      vertex -1.5307 3.6955 4.0000
      vertex -1.5307 3.6955 24.0000
    endloop
  endfacet
  facet normal -0.195090 0.980785 0.000000
    outer loop
      vertex 0.0000 4.0000 4.0000
      vertex -1.5307 3.6955 24.0000
      vertex 0.0000 4.0000 24.0000
    endloop
  endfacet
  facet normal 0.000000 0.000000 1.000000
    outer loop
      vertex 0.0000 0.0000 24.0000
      vertex 0.0000 4.0000 24.0000
      vertex -1.5307 3.6955 24.0000
    endloop
  endfacet
  facet normal 0.000000 0.000000 -1.000000
    outer loop
      vertex 0.0000 0.0000 4.0000
      vertex -1.5307 3.6955 4.0000
      vertex 0.0000 4.0000 4.0000
    endloop
  endfacet
  facet normal -0.555570 0.831470 0.000000
    outer loop
      vertex -1.5307 3.6955 4.0000
      vertex -2.8284 2.8284 4.0000
      vertex -2.8284 2.8284 24.0000
    endloop
  endfacet
  facet normal -0.555570 0.831470 0.000000
    outer loop
      vertex -1.5307 3.6955 4.0000
      vertex -2.8284 2.8284 24.0000
      vertex -1.5307 3.6955 24.0000
    endloop
  endfacet
  facet normal 0.000000 0.000000 1.000000
    outer loop
      vertex 0.0000 0.0000 24.0000
      vertex -1.5307 3.6955 24.0000
      vertex -2.8284 2.8284 24.0000
    endloop
  endfacet
  facet normal 0.000000 0.000000 -1.000000
    outer loop
      vertex 0.0000 0.0000 4.0000
      vertex -2.8284 2.8284 4.0000
      vertex -1.5307 3.6955 4.0000
    endloop
  endfacet
  facet normal -0.831470 0.555570 0.000000
    outer loop
      vertex -2.8284 2.8284 4.0000
      vertex -3.6955 1.5307 4.0000
      vertex -3.6955 1.5307 24.0000
    endloop
  endfacet
  facet normal -0.831470 0.555570 0.000000
    outer loop
      vertex -2.8284 2.8284 4.0000
      vertex -3.6955 1.5307 24.0000
      vertex -2.8284 2.8284 24.0000
    endloop
  endfacet
  facet normal 0.000000 0.000000 1.000000
    outer loop
      vertex 0.0000 0.0000 24.0000
      vertex -2.8284 2.8284 24.0000
      vertex -3.6955 1.5307 24.0000
    endloop
  endfacet
  facet normal 0.000000 0.000000 -1.000000
    outer loop
      vertex 0.0000 0.0000 4.0000
      vertex -3.6955 1.5307 4.0000
      vertex -2.8284 2.8284 4.0000
    endloop
  endfacet
  facet normal -0.980785 0.195090 0.000000
    outer loop
      vertex -3.6955 1.5307 4.0000
      vertex -4.0000 0.0000 4.0000
      vertex -4.0000 0.0000 24.0000
    endloop
  endfacet
  facet normal -0.980785 0.195090 0.000000
    outer loop
      vertex -3.6955 1.5307 4.0000
      vertex -4.0000 0.0000 24.0000
      vertex -3.6955 1.5307 24.0000
    endloop
  endfacet
  facet normal 0.000000 0.000000 1.000000
    outer loop
      vertex 0.0000 0.0000 24.0000
      vertex -3.6955 1.5307 24.0000
      vertex -4.0000 0.0000 24.0000
    endloop
  endfacet
  facet normal 0.000000 0.000000 -1.000000
    outer loop
      vertex 0.0000 0.0000 4.0000
      vertex -4.0000 0.0000 4.0000
      vertex -3.6955 1.5307 4.0000
    endloop
  endfacet
  facet normal -0.980785 -0.195090 0.000000
    outer loop
      vertex -4.0000 0.0000 4.0000
      vertex -3.6955 -1.5307 4.0000
      vertex -3.6955 -1.5307 24.0000
    endloop
  endfacet
  facet normal -0.980785 -0.195090 0.000000
    outer loop
      vertex -4.0000 0.0000 4.0000
      vertex -3.6955 -1.5307 24.0000
      vertex -4.0000 0.0000 24.0000
    endloop
  endfacet
  facet normal 0.000000 0.000000 1.000000
    outer loop
      vertex 0.0000 0.0000 24.0000
      vertex -4.0000 0.0000 24.0000
      vertex -3.6955 -1.5307 24.0000
    endloop
  endfacet
  facet normal 0.000000 0.000000 -1.000000
    outer loop
      vertex 0.0000 0.0000 4.0000
      vertex -3.6955 -1.5307 4.0000
      vertex -4.0000 0.0000 4.0000
    endloop
  endfacet
  facet normal -0.831470 -0.555570 0.000000
    outer loop
      vertex -3.6955 -1.5307 4.0000
      vertex -2.8284 -2.8284 4.0000
      vertex -2.8284 -2.8284 24.0000
    endloop
  endfacet
  facet normal -0.831470 -0.555570 0.000000
    outer loop
      vertex -3.6955 -1.5307 4.0000
      vertex -2.8284 -2.8284 24.0000
      vertex -3.6955 -1.5307 24.0000
    endloop
  endfacet
  facet normal 0.000000 0.000000 1.000000
    outer loop
      vertex 0.0000 0.0000 24.0000
      vertex -3.6955 -1.5307 24.0000
      vertex -2.8284 -2.8284 24.0000
    endloop
  endfacet
  facet normal 0.000000 0.000000 -1.000000
    outer loop
      vertex 0.0000 0.0000 4.0000
      vertex -2.8284 -2.8284 4.0000
      vertex -3.6955 -1.5307 4.0000
    endloop
  endfacet
  facet normal -0.555570 -0.831470 0.000000
    outer loop
      vertex -2.8284 -2.8284 4.0000
      vertex -1.5307 -3.6955 4.0000
      vertex -1.5307 -3.6955 24.0000
    endloop
  endfacet
  facet normal -0.555570 -0.831470 0.000000
    outer loop
      vertex -2.8284 -2.8284 4.0000
      vertex -1.5307 -3.6955 24.0000
      vertex -2.8284 -2.8284 24.0000
    endloop
  endfacet
  facet normal 0.000000 0.000000 1.000000
    outer loop
      vertex 0.0000 0.0000 24.0000
      vertex -2.8284 -2.8284 24.0000
      vertex -1.5307 -3.6955 24.0000
    endloop
  endfacet
  facet normal 0.000000 0.000000 -1.000000
    outer loop
      vertex 0.0000 0.0000 4.0000
      vertex -1.5307 -3.6955 4.0000
      vertex -2.8284 -2.8284 4.0000
    endloop
  endfacet
  facet normal -0.195090 -0.980785 0.000000
    outer loop
      vertex -1.5307 -3.6955 4.0000
      vertex -0.0000 -4.0000 4.0000
      vertex -0.0000 -4.0000 24.0000
    endloop
  endfacet
  facet normal -0.195090 -0.980785 0.000000
    outer loop
      vertex -1.5307 -3.6955 4.0000
      vertex -0.0000 -4.0000 24.0000
      vertex -1.5307 -3.6955 24.0000
    endloop
  endfacet
  facet normal 0.000000 0.000000 1.000000
    outer loop
      vertex 0.0000 0.0000 24.0000
      vertex -1.5307 -3.6955 24.0000
      vertex -0.0000 -4.0000 24.0000
    endloop
  endfacet
  facet normal 0.000000 0.000000 -1.000000
    outer loop
      vertex 0.0000 0.0000 4.0000
      vertex -0.0000 -4.0000 4.0000
      vertex -1.5307 -3.6955 4.0000
    endloop
  endfacet
  facet normal 0.195090 -0.980785 0.000000
    outer loop
      vertex -0.0000 -4.0000 4.0000
      vertex 1.5307 -3.6955 4.0000
      vertex 1.5307 -3.6955 24.0000
    endloop
  endfacet
  facet normal 0.195090 -0.980785 0.000000
    outer loop
      vertex -0.0000 -4.0000 4.0000
      vertex 1.5307 -3.6955 24.0000
      vertex -0.0000 -4.0000 24.0000
    endloop
  endfacet
  facet normal 0.000000 0.000000 1.000000
    outer loop
      vertex 0.0000 0.0000 24.0000
      vertex -0.0000 -4.0000 24.0000
      vertex 1.5307 -3.6955 24.0000
    endloop
  endfacet
  facet normal 0.000000 0.000000 -1.000000
    outer loop
      vertex 0.0000 0.0000 4.0000
      vertex 1.5307 -3.6955 4.0000
      vertex -0.0000 -4.0000 4.0000
    endloop
  endfacet
  facet normal 0.555570 -0.831470 0.000000
    outer loop
      vertex 1.5307 -3.6955 4.0000
      vertex 2.8284 -2.8284 4.0000
      vertex 2.8284 -2.8284 24.0000
    endloop
  endfacet
  facet normal 0.555570 -0.831470 0.000000
    outer loop
      vertex 1.5307 -3.6955 4.0000
      vertex 2.8284 -2.8284 24.0000
      vertex 1.5307 -3.6955 24.0000
    endloop
  endfacet
  facet normal 0.000000 0.000000 1.000000
    outer loop
      vertex 0.0000 0.0000 24.0000
      vertex 1.5307 -3.6955 24.0000
      vertex 2.8284 -2.8284 24.0000
    endloop
  endfacet
  facet normal 0.000000 0.000000 -1.000000
    outer loop
      vertex 0.0000 0.0000 4.0000
      vertex 2.8284 -2.8284 4.0000
      vertex 1.5307 -3.6955 4.0000
    endloop
  endfacet
  facet normal 0.831470 -0.555570 0.000000
    outer loop
      vertex 2.8284 -2.8284 4.0000
      vertex 3.6955 -1.5307 4.0000
      vertex 3.6955 -1.5307 24.0000
    endloop
  endfacet
  facet normal 0.831470 -0.555570 0.000000
    outer loop
      vertex 2.8284 -2.8284 4.0000
      vertex 3.6955 -1.5307 24.0000
      vertex 2.8284 -2.8284 24.0000
    endloop
  endfacet
  facet normal 0.000000 0.000000 1.000000
    outer loop
      vertex 0.0000 0.0000 24.0000
      vertex 2.8284 -2.8284 24.0000
      vertex 3.6955 -1.5307 24.0000
    endloop
  endfacet
  facet normal 0.000000 0.000000 -1.000000
    outer loop
      vertex 0.0000 0.0000 4.0000
      vertex 3.6955 -1.5307 4.0000
      vertex 2.8284 -2.8284 4.0000
    endloop
  endfacet
  facet normal 0.980785 -0.195090 0.000000
    outer loop
      vertex 3.6955 -1.5307 4.0000
      vertex 4.0000 -0.0000 4.0000
      vertex 4.0000 -0.0000 24.0000
    endloop
  endfacet
  facet normal 0.980785 -0.195090 0.000000
    outer loop
      vertex 3.6955 -1.5307 4.0000
      vertex 4.0000 -0.0000 24.0000
      vertex 3.6955 -1.5307 24.0000
    endloop
  endfacet
  facet normal 0.000000 0.000000 1.000000
    outer loop
      vertex 0.0000 0.0000 24.0000
      vertex 3.6955 -1.5307 24.0000
      vertex 4.0000 -0.0000 24.0000
    endloop
  endfacet
  facet normal 0.000000 0.000000 -1.000000
    outer loop
      vertex 0.0000 0.0000 4.0000
      vertex 4.0000 -0.0000 4.0000
      vertex 3.6955 -1.5307 4.0000
    endloop
  endfacet
  facet normal 0.987688 0.156434 0.000000
    outer loop
      vertex 12.0000 0.0000 20.0000
      vertex 11.4127 3.7082 20.0000
      vertex 11.4127 3.7082 24.0000
    endloop
  endfacet
  facet normal 0.987688 0.156434 0.000000
    outer loop
      vertex 12.0000 0.0000 20.0000
      vertex 11.4127 3.7082 24.0000
      vertex 12.0000 0.0000 24.0000
    endloop
  endfacet
  facet normal 0.000000 0.000000 1.000000
    outer loop
      vertex 0.0000 0.0000 24.0000
      vertex 12.0000 0.0000 24.0000
      vertex 11.4127 3.7082 24.0000
    endloop
  endfacet
  facet normal 0.000000 0.000000 -1.000000
    outer loop
      vertex 0.0000 0.0000 20.0000
      vertex 11.4127 3.7082 20.0000
      vertex 12.0000 0.0000 20.0000
    endloop
  endfacet
  facet normal 0.891007 0.453990 0.000000
    outer loop
      vertex 11.4127 3.7082 20.0000
      vertex 9.7082 7.0534 20.0000
      vertex 9.7082 7.0534 24.0000
    endloop
  endfacet
  facet normal 0.891007 0.453990 0.000000
    outer loop
      vertex 11.4127 3.7082 20.0000
      vertex 9.7082 7.0534 24.0000
      vertex 11.4127 3.7082 24.0000
    endloop
  endfacet
  facet normal 0.000000 0.000000 1.000000
    outer loop
      vertex 0.0000 0.0000 24.0000
      vertex 11.4127 3.7082 24.0000
      vertex 9.7082 7.0534 24.0000
    endloop
  endfacet
  facet normal 0.000000 0.000000 -1.000000
    outer loop
      vertex 0.0000 0.0000 20.0000
      vertex 9.7082 7.0534 20.0000
      vertex 11.4127 3.7082 20.0000
    endloop
  endfacet
  facet normal 0.707107 0.707107 0.000000
    outer loop
      vertex 9.7082 7.0534 20.0000
      vertex 7.0534 9.7082 20.0000
      vertex 7.0534 9.7082 24.0000
    endloop
  endfacet
  facet normal 0.707107 0.707107 0.000000
    outer loop
      vertex 9.7082 7.0534 20.0000
      vertex 7.0534 9.7082 24.0000
      vertex 9.7082 7.0534 24.0000
    endloop
  endfacet
  facet normal 0.000000 0.000000 1.000000
    outer loop
      vertex 0.0000 0.0000 24.0000
      vertex 9.7082 7.0534 24.0000
      vertex 7.0534 9.7082 24.0000
    endloop
  endfacet
  facet normal 0.000000 0.000000 -1.000000
    outer loop
      vertex 0.0000 0.0000 20.0000
      vertex 7.0534 9.7082 20.0000
      vertex 9.7082 7.0534 20.0000
    endloop
  endfacet
  facet normal 0.453990 0.891007 0.000000
    outer loop
      vertex 7.0534 9.7082 20.0000
      vertex 3.7082 11.4127 20.0000
      vertex 3.7082 11.4127 24.0000
    endloop
  endfacet
  facet normal 0.453990 0.891007 0.000000
    outer loop
      vertex 7.0534 9.7082 20.0000
      vertex 3.7082 11.4127 24.0000
      vertex 7.0534 9.7082 24.0000
    endloop
  endfacet
  facet normal 0.000000 0.000000 1.000000
    outer loop
      vertex 0.0000 0.0000 24.0000
      vertex 7.0534 9.7082 24.0000
      vertex 3.7082 11.4127 24.0000
    endloop
  endfacet
  facet normal 0.000000 0.000000 -1.000000
    outer loop
      vertex 0.0000 0.0000 20.0000
      vertex 3.7082 11.4127 20.0000
      vertex 7.0534 9.7082 20.0000
    endloop
  endfacet
  facet normal 0.156434 0.987688 0.000000
    outer loop
      vertex 3.7082 11.4127 20.0000
      vertex 0.0000 12.0000 20.0000
      vertex 0.0000 12.0000 24.0000
    endloop
  endfacet
  facet normal 0.156434 0.987688 0.000000
    outer loop
      vertex 3.7082 11.4127 20.0000
      vertex 0.0000 12.0000 24.0000
      vertex 3.7082 11.4127 24.0000
    endloop
  endfacet
  facet normal 0.000000 0.000000 1.000000
    outer loop
      vertex 0.0000 0.0000 24.0000
      vertex 3.7082 11.4127 24.0000
      vertex 0.0000 12.0000 24.0000
    endloop
  endfacet
  facet normal 0.000000 0.000000 -1.000000
    outer loop
      vertex 0.0000 0.0000 20.0000
      vertex 0.0000 12.0000 20.0000
      vertex 3.7082 11.4127 20.0000
    endloop
  endfacet
  facet normal -0.156434 0.987688 0.000000
    outer loop
      vertex 0.0000 12.0000 20.0000
      vertex -3.7082 11.4127 20.0000
      vertex -3.7082 11.4127 24.0000
    endloop
  endfacet
  facet normal -0.156434 0.987688 0.000000
    outer loop
      vertex 0.0000 12.0000 20.0000
      vertex -3.7082 11.4127 24.0000
      vertex 0.0000 12.0000 24.0000
    endloop
  endfacet
  facet normal 0.000000 0.000000 1.000000
    outer loop
      vertex 0.0000 0.0000 24.0000
      vertex 0.0000 12.0000 24.0000
      vertex -3.7082 11.4127 24.0000
    endloop
  endfacet
  facet normal 0.000000 0.000000 -1.000000
    outer loop
      vertex 0.0000 0.0000 20.0000
      vertex -3.7082 11.4127 20.0000
      vertex 0.0000 12.0000 20.0000
    endloop
  endfacet
  facet normal -0.453990 0.891007 0.000000
    outer loop
      vertex -3.7082 11.4127 20.0000
      vertex -7.0534 9.7082 20.0000
      vertex -7.0534 9.7082 24.0000
    endloop
  endfacet
  facet normal -0.453990 0.891007 0.000000
    outer loop
      vertex -3.7082 11.4127 20.0000
      vertex -7.0534 9.7082 24.0000
      vertex -3.7082 11.4127 24.0000
    endloop
  endfacet
  facet normal 0.000000 0.000000 1.000000
    outer loop
      vertex 0.0000 0.0000 24.0000
      vertex -3.7082 11.4127 24.0000
      vertex -7.0534 9.7082 24.0000
    endloop
  endfacet
  facet normal 0.000000 0.000000 -1.000000
    outer loop
      vertex 0.0000 0.0000 20.0000
      vertex -7.0534 9.7082 20.0000
      vertex -3.7082 11.4127 20.0000
    endloop
  endfacet
  facet normal -0.707107 0.707107 0.000000
    outer loop
      vertex -7.0534 9.7082 20.0000
      vertex -9.7082 7.0534 20.0000
      vertex -9.7082 7.0534 24.0000
    endloop
  endfacet
  facet normal -0.707107 0.707107 0.000000
    outer loop
      vertex -7.0534 9.7082 20.0000
      vertex -9.7082 7.0534 24.0000
      vertex -7.0534 9.7082 24.0000
    endloop
  endfacet
  facet normal 0.000000 0.000000 1.000000
    outer loop
      vertex 0.0000 0.0000 24.0000
      vertex -7.0534 9.7082 24.0000
      vertex -9.7082 7.0534 24.0000
    endloop
  endfacet
  facet normal 0.000000 0.000000 -1.000000
    outer loop
      vertex 0.0000 0.0000 20.0000
      vertex -9.7082 7.0534 20.0000
      vertex -7.0534 9.7082 20.0000
    endloop
  endfacet
  facet normal -0.891007 0.453990 0.000000
    outer loop
      vertex -9.7082 7.0534 20.0000
      vertex -11.4127 3.7082 20.0000
      vertex -11.4127 3.7082 24.0000
    endloop
  endfacet
  facet normal -0.891007 0.453990 0.000000
    outer loop
      vertex -9.7082 7.0534 20.0000
      vertex -11.4127 3.7082 24.0000
      vertex -9.7082 7.0534 24.0000
    endloop
  endfacet
  facet normal 0.000000 0.000000 1.000000
    outer loop
      vertex 0.0000 0.0000 24.0000
      vertex -9.7082 7.0534 24.0000
      vertex -11.4127 3.7082 24.0000
    endloop
  endfacet
  facet normal 0.000000 0.000000 -1.000000
    outer loop
      vertex 0.0000 0.0000 20.0000
      vertex -11.4127 3.7082 20.0000
      vertex -9.7082 7.0534 20.0000
    endloop
  endfacet
  facet normal -0.987688 0.156434 0.000000
    outer loop
      vertex -11.4127 3.7082 20.0000
      vertex -12.0000 0.0000 20.0000
      vertex -12.0000 0.0000 24.0000
    endloop
  endfacet
  facet normal -0.987688 0.156434 0.000000
    outer loop
      vertex -11.4127 3.7082 20.0000
      vertex -12.0000 0.0000 24.0000
      vertex -11.4127 3.7082 24.0000
    endloop
  endfacet
  facet normal 0.000000 0.000000 1.000000
    outer loop
      vertex 0.0000 0.0000 24.0000
      vertex -11.4127 3.7082 24.0000
      vertex -12.0000 0.0000 24.0000
    endloop
  endfacet
  facet normal 0.000000 0.000000 -1.000000
    outer loop
      vertex 0.0000 0.0000 20.0000
      vertex -12.0000 0.0000 20.0000
      vertex -11.4127 3.7082 20.0000
    endloop
  endfacet
  facet normal -0.987688 -0.156434 0.000000
    outer loop
      vertex -12.0000 0.0000 20.0000
      vertex -11.4127 -3.7082 20.0000
      vertex -11.4127 -3.7082 24.0000
    endloop
  endfacet
  facet normal -0.987688 -0.156434 0.000000
    outer loop
      vertex -12.0000 0.0000 20.0000
      vertex -11.4127 -3.7082 24.0000
      vertex -12.0000 0.0000 24.0000
    endloop
  endfacet
  facet normal 0.000000 0.000000 1.000000
    outer loop
      vertex 0.0000 0.0000 24.0000
      vertex -12.0000 0.0000 24.0000
      vertex -11.4127 -3.7082 24.0000
    endloop
  endfacet
  facet normal 0.000000 0.000000 -1.000000
    outer loop
      vertex 0.0000 0.0000 20.0000
      vertex -11.4127 -3.7082 20.0000
      vertex -12.0000 0.0000 20.0000
    endloop
  endfacet
  facet normal -0.891007 -0.453990 0.000000
    outer loop
      vertex -11.4127 -3.7082 20.0000
      vertex -9.7082 -7.0534 20.0000
      vertex -9.7082 -7.0534 24.0000
    endloop
  endfacet
  facet normal -0.891007 -0.453990 0.000000
    outer loop
      vertex -11.4127 -3.7082 20.0000
      vertex -9.7082 -7.0534 24.0000
      vertex -11.4127 -3.7082 24.0000
    endloop
  endfacet
  facet normal 0.000000 0.000000 1.000000
    outer loop
      vertex 0.0000 0.0000 24.0000
      vertex -11.4127 -3.7082 24.0000
      vertex -9.7082 -7.0534 24.0000
    endloop
  endfacet
  facet normal 0.000000 0.000000 -1.000000
    outer loop
      vertex 0.0000 0.0000 20.0000
      vertex -9.7082 -7.0534 20.0000
      vertex -11.4127 -3.7082 20.0000
    endloop
  endfacet
  facet normal -0.707107 -0.707107 0.000000
    outer loop
      vertex -9.7082 -7.0534 20.0000
      vertex -7.0534 -9.7082 20.0000
      vertex -7.0534 -9.7082 24.0000
    endloop
  endfacet
  facet normal -0.707107 -0.707107 0.000000
    outer loop
      vertex -9.7082 -7.0534 20.0000
      vertex -7.0534 -9.7082 24.0000
      vertex -9.7082 -7.0534 24.0000
    endloop
  endfacet
  facet normal 0.000000 0.000000 1.000000
    outer loop
      vertex 0.0000 0.0000 24.0000
      vertex -9.7082 -7.0534 24.0000
      vertex -7.0534 -9.7082 24.0000
    endloop
  endfacet
  facet normal 0.000000 0.000000 -1.000000
    outer loop
      vertex 0.0000 0.0000 20.0000
      vertex -7.0534 -9.7082 20.0000
      vertex -9.7082 -7.0534 20.0000
    endloop
  endfacet
  facet normal -0.453990 -0.891007 0.000000
    outer loop
      vertex -7.0534 -9.7082 20.0000
      vertex -3.7082 -11.4127 20.0000
      vertex -3.7082 -11.4127 24.0000
    endloop
  endfacet
  facet normal -0.453990 -0.891007 0.000000
    outer loop
      vertex -7.0534 -9.7082 20.0000
      vertex -3.7082 -11.4127 24.0000
      vertex -7.0534 -9.7082 24.0000
    endloop
  endfacet
  facet normal 0.000000 0.000000 1.000000
    outer loop
      vertex 0.0000 0.0000 24.0000
      vertex -7.0534 -9.7082 24.0000
      vertex -3.7082 -11.4127 24.0000
    endloop
  endfacet
  facet normal 0.000000 0.000000 -1.000000
    outer loop
      vertex 0.0000 0.0000 20.0000
      vertex -3.7082 -11.4127 20.0000
      vertex -7.0534 -9.7082 20.0000
    endloop
  endfacet
  facet normal -0.156434 -0.987688 0.000000
    outer loop
      vertex -3.7082 -11.4127 20.0000
      vertex -0.0000 -12.0000 20.0000
      vertex -0.0000 -12.0000 24.0000
    endloop
  endfacet
  facet normal -0.156434 -0.987688 0.000000
    outer loop
      vertex -3.7082 -11.4127 20.0000
      vertex -0.0000 -12.0000 24.0000
      vertex -3.7082 -11.4127 24.0000
    endloop
  endfacet
  facet normal 0.000000 0.000000 1.000000
    outer loop
      vertex 0.0000 0.0000 24.0000
      vertex -3.7082 -11.4127 24.0000
      vertex -0.0000 -12.0000 24.0000
    endloop
  endfacet
  facet normal 0.000000 0.000000 -1.000000
    outer loop
      vertex 0.0000 0.0000 20.0000
      vertex -0.0000 -12.0000 20.0000
      vertex -3.7082 -11.4127 20.0000
    endloop
  endfacet
  facet normal 0.156434 -0.987688 0.000000
    outer loop
      vertex -0.0000 -12.0000 20.0000
      vertex 3.7082 -11.4127 20.0000
      vertex 3.7082 -11.4127 24.0000
    endloop
  endfacet
  facet normal 0.156434 -0.987688 0.000000
    outer loop
      vertex -0.0000 -12.0000 20.0000
      vertex 3.7082 -11.4127 24.0000
      vertex -0.0000 -12.0000 24.0000
    endloop
  endfacet
  facet normal 0.000000 0.000000 1.000000
    outer loop
      vertex 0.0000 0.0000 24.0000
      vertex -0.0000 -12.0000 24.0000
      vertex 3.7082 -11.4127 24.0000
    endloop
  endfacet
  facet normal 0.000000 0.000000 -1.000000
    outer loop
      vertex 0.0000 0.0000 20.0000
      vertex 3.7082 -11.4127 20.0000
      vertex -0.0000 -12.0000 20.0000
    endloop
  endfacet
  facet normal 0.453990 -0.891007 0.000000
    outer loop
      vertex 3.7082 -11.4127 20.0000
      vertex 7.0534 -9.7082 20.0000
      vertex 7.0534 -9.7082 24.0000
    endloop
  endfacet
  facet normal 0.453990 -0.891007 0.000000
    outer loop
      vertex 3.7082 -11.4127 20.0000
      vertex 7.0534 -9.7082 24.0000
      vertex 3.7082 -11.4127 24.0000
    endloop
  endfacet
  facet normal 0.000000 0.000000 1.000000
    outer loop
      vertex 0.0000 0.0000 24.0000
      vertex 3.7082 -11.4127 24.0000
      vertex 7.0534 -9.7082 24.0000
    endloop
  endfacet
  facet normal 0.000000 0.000000 -1.000000
    outer loop
      vertex 0.0000 0.0000 20.0000
      vertex 7.0534 -9.7082 20.0000
      vertex 3.7082 -11.4127 20.0000
    endloop
  endfacet
  facet normal 0.707107 -0.707107 0.000000
    outer loop
      vertex 7.0534 -9.7082 20.0000
      vertex 9.7082 -7.0534 20.0000
      vertex 9.7082 -7.0534 24.0000
    endloop
  endfacet
  facet normal 0.707107 -0.707107 0.000000
    outer loop
      vertex 7.0534 -9.7082 20.0000
      vertex 9.7082 -7.0534 24.0000
      vertex 7.0534 -9.7082 24.0000
    endloop
  endfacet
  facet normal 0.000000 0.000000 1.000000
    outer loop
      vertex 0.0000 0.0000 24.0000
      vertex 7.0534 -9.7082 24.0000
      vertex 9.7082 -7.0534 24.0000
    endloop
  endfacet
  facet normal 0.000000 0.000000 -1.000000
    outer loop
      vertex 0.0000 0.0000 20.0000
      vertex 9.7082 -7.0534 20.0000
      vertex 7.0534 -9.7082 20.0000
    endloop
  endfacet
  facet normal 0.891007 -0.453990 0.000000
    outer loop
      vertex 9.7082 -7.0534 20.0000
      vertex 11.4127 -3.7082 20.0000
      vertex 11.4127 -3.7082 24.0000
    endloop
  endfacet
  facet normal 0.891007 -0.453990 0.000000
    outer loop
      vertex 9.7082 -7.0534 20.0000
      vertex 11.4127 -3.7082 24.0000
      vertex 9.7082 -7.0534 24.0000
    endloop
  endfacet
  facet normal 0.000000 0.000000 1.000000
    outer loop
      vertex 0.0000 0.0000 24.0000
      vertex 9.7082 -7.0534 24.0000
      vertex 11.4127 -3.7082 24.0000
    endloop
  endfacet
  facet normal 0.000000 0.000000 -1.000000
    outer loop
      vertex 0.0000 0.0000 20.0000
      vertex 11.4127 -3.7082 20.0000
      vertex 9.7082 -7.0534 20.0000
    endloop
  endfacet
  facet normal 0.987688 -0.156434 0.000000
    outer loop
      vertex 11.4127 -3.7082 20.0000
      vertex 12.0000 -0.0000 20.0000
      vertex 12.0000 -0.0000 24.0000
    endloop
  endfacet
  facet normal 0.987688 -0.156434 0.000000
    outer loop
      vertex 11.4127 -3.7082 20.0000
      vertex 12.0000 -0.0000 24.0000
      vertex 11.4127 -3.7082 24.0000
    endloop
  endfacet
  facet normal 0.000000 0.000000 1.000000
    outer loop
      vertex 0.0000 0.0000 24.0000
      vertex 11.4127 -3.7082 24.0000
      vertex 12.0000 -0.0000 24.0000
    endloop
  endfacet
  facet normal 0.000000 0.000000 -1.000000
    outer loop
      vertex 0.0000 0.0000 20.0000
      vertex 12.0000 -0.0000 20.0000
      vertex 11.4127 -3.7082 20.0000
    endloop
  endfacet
  facet normal 0.987688 0.156434 0.000000
    outer loop
      vertex 14.0000 0.0000 24.0000
      vertex 13.3148 4.3262 24.0000
      vertex 13.3148 4.3262 28.0000
    endloop
  endfacet
  facet normal 0.987688 0.156434 0.000000
    outer loop
      vertex 14.0000 0.0000 24.0000
      vertex 13.3148 4.3262 28.0000
      vertex 14.0000 0.0000 28.0000
    endloop
  endfacet
  facet normal 0.000000 0.000000 1.000000
    outer loop
      vertex 0.0000 0.0000 28.0000
      vertex 14.0000 0.0000 28.0000
      vertex 13.3148 4.3262 28.0000
    endloop
  endfacet
  facet normal 0.000000 0.000000 -1.000000
    outer loop
      vertex 0.0000 0.0000 24.0000
      vertex 13.3148 4.3262 24.0000
      vertex 14.0000 0.0000 24.0000
    endloop
  endfacet
  facet normal 0.891007 0.453990 0.000000
    outer loop
      vertex 13.3148 4.3262 24.0000
      vertex 11.3262 8.2290 24.0000
      vertex 11.3262 8.2290 28.0000
    endloop
  endfacet
  facet normal 0.891007 0.453990 0.000000
    outer loop
      vertex 13.3148 4.3262 24.0000
      vertex 11.3262 8.2290 28.0000
      vertex 13.3148 4.3262 28.0000
    endloop
  endfacet
  facet normal 0.000000 0.000000 1.000000
    outer loop
      vertex 0.0000 0.0000 28.0000
      vertex 13.3148 4.3262 28.0000
      vertex 11.3262 8.2290 28.0000
    endloop
  endfacet
  facet normal 0.000000 0.000000 -1.000000
    outer loop
      vertex 0.0000 0.0000 24.0000
      vertex 11.3262 8.2290 24.0000
      vertex 13.3148 4.3262 24.0000
    endloop
  endfacet
  facet normal 0.707107 0.707107 0.000000
    outer loop
      vertex 11.3262 8.2290 24.0000
      vertex 8.2290 11.3262 24.0000
      vertex 8.2290 11.3262 28.0000
    endloop
  endfacet
  facet normal 0.707107 0.707107 0.000000
    outer loop
      vertex 11.3262 8.2290 24.0000
      vertex 8.2290 11.3262 28.0000
      vertex 11.3262 8.2290 28.0000
    endloop
  endfacet
  facet normal 0.000000 0.000000 1.000000
    outer loop
      vertex 0.0000 0.0000 28.0000
      vertex 11.3262 8.2290 28.0000
      vertex 8.2290 11.3262 28.0000
    endloop
  endfacet
  facet normal 0.000000 0.000000 -1.000000
    outer loop
      vertex 0.0000 0.0000 24.0000
      vertex 8.2290 11.3262 24.0000
      vertex 11.3262 8.2290 24.0000
    endloop
  endfacet
  facet normal 0.453990 0.891007 0.000000
    outer loop
      vertex 8.2290 11.3262 24.0000
      vertex 4.3262 13.3148 24.0000
      vertex 4.3262 13.3148 28.0000
    endloop
  endfacet
  facet normal 0.453990 0.891007 0.000000
    outer loop
      vertex 8.2290 11.3262 24.0000
      vertex 4.3262 13.3148 28.0000
      vertex 8.2290 11.3262 28.0000
    endloop
  endfacet
  facet normal 0.000000 0.000000 1.000000
    outer loop
      vertex 0.0000 0.0000 28.0000
      vertex 8.2290 11.3262 28.0000
      vertex 4.3262 13.3148 28.0000
    endloop
  endfacet
  facet normal 0.000000 0.000000 -1.000000
    outer loop
      vertex 0.0000 0.0000 24.0000
      vertex 4.3262 13.3148 24.0000
      vertex 8.2290 11.3262 24.0000
    endloop
  endfacet
  facet normal 0.156434 0.987688 0.000000
    outer loop
      vertex 4.3262 13.3148 24.0000
      vertex 0.0000 14.0000 24.0000
      vertex 0.0000 14.0000 28.0000
    endloop
  endfacet
  facet normal 0.156434 0.987688 0.000000
    outer loop
      vertex 4.3262 13.3148 24.0000
      vertex 0.0000 14.0000 28.0000
      vertex 4.3262 13.3148 28.0000
    endloop
  endfacet
  facet normal 0.000000 0.000000 1.000000
    outer loop
      vertex 0.0000 0.0000 28.0000
      vertex 4.3262 13.3148 28.0000
      vertex 0.0000 14.0000 28.0000
    endloop
  endfacet
  facet normal 0.000000 0.000000 -1.000000
    outer loop
      vertex 0.0000 0.0000 24.0000
      vertex 0.0000 14.0000 24.0000
      vertex 4.3262 13.3148 24.0000
    endloop
  endfacet
  facet normal -0.156434 0.987688 0.000000
    outer loop
      vertex 0.0000 14.0000 24.0000
      vertex -4.3262 13.3148 24.0000
      vertex -4.3262 13.3148 28.0000
    endloop
  endfacet
  facet normal -0.156434 0.987688 0.000000
    outer loop
      vertex 0.0000 14.0000 24.0000
      vertex -4.3262 13.3148 28.0000
      vertex 0.0000 14.0000 28.0000
    endloop
  endfacet
  facet normal 0.000000 0.000000 1.000000
    outer loop
      vertex 0.0000 0.0000 28.0000
      vertex 0.0000 14.0000 28.0000
      vertex -4.3262 13.3148 28.0000
    endloop
  endfacet
  facet normal 0.000000 0.000000 -1.000000
    outer loop
      vertex 0.0000 0.0000 24.0000
      vertex -4.3262 13.3148 24.0000
      vertex 0.0000 14.0000 24.0000
    endloop
  endfacet
  facet normal -0.453990 0.891007 0.000000
    outer loop
      vertex -4.3262 13.3148 24.0000
      vertex -8.2290 11.3262 24.0000
      vertex -8.2290 11.3262 28.0000
    endloop
  endfacet
  facet normal -0.453990 0.891007 0.000000
    outer loop
      vertex -4.3262 13.3148 24.0000
      vertex -8.2290 11.3262 28.0000
      vertex -4.3262 13.3148 28.0000
    endloop
  endfacet
  facet normal 0.000000 0.000000 1.000000
    outer loop
      vertex 0.0000 0.0000 28.0000
      vertex -4.3262 13.3148 28.0000
      vertex -8.2290 11.3262 28.0000
    endloop
  endfacet
  facet normal 0.000000 0.000000 -1.000000
    outer loop
      vertex 0.0000 0.0000 24.0000
      vertex -8.2290 11.3262 24.0000
      vertex -4.3262 13.3148 24.0000
    endloop
  endfacet
  facet normal -0.707107 0.707107 0.000000
    outer loop
      vertex -8.2290 11.3262 24.0000
      vertex -11.3262 8.2290 24.0000
      vertex -11.3262 8.2290 28.0000
    endloop
  endfacet
  facet normal -0.707107 0.707107 0.000000
    outer loop
      vertex -8.2290 11.3262 24.0000
      vertex -11.3262 8.2290 28.0000
      vertex -8.2290 11.3262 28.0000
    endloop
  endfacet
  facet normal 0.000000 0.000000 1.000000
    outer loop
      vertex 0.0000 0.0000 28.0000
      vertex -8.2290 11.3262 28.0000
      vertex -11.3262 8.2290 28.0000
    endloop
  endfacet
  facet normal 0.000000 0.000000 -1.000000
    outer loop
      vertex 0.0000 0.0000 24.0000
      vertex -11.3262 8.2290 24.0000
      vertex -8.2290 11.3262 24.0000
    endloop
  endfacet
  facet normal -0.891007 0.453990 0.000000
    outer loop
      vertex -11.3262 8.2290 24.0000
      vertex -13.3148 4.3262 24.0000
      vertex -13.3148 4.3262 28.0000
    endloop
  endfacet
  facet normal -0.891007 0.453990 0.000000
    outer loop
      vertex -11.3262 8.2290 24.0000
      vertex -13.3148 4.3262 28.0000
      vertex -11.3262 8.2290 28.0000
    endloop
  endfacet
  facet normal 0.000000 0.000000 1.000000
    outer loop
      vertex 0.0000 0.0000 28.0000
      vertex -11.3262 8.2290 28.0000
      vertex -13.3148 4.3262 28.0000
    endloop
  endfacet
  facet normal 0.000000 0.000000 -1.000000
    outer loop
      vertex 0.0000 0.0000 24.0000
      vertex -13.3148 4.3262 24.0000
      vertex -11.3262 8.2290 24.0000
    endloop
  endfacet
  facet normal -0.987688 0.156434 0.000000
    outer loop
      vertex -13.3148 4.3262 24.0000
      vertex -14.0000 0.0000 24.0000
      vertex -14.0000 0.0000 28.0000
    endloop
  endfacet
  facet normal -0.987688 0.156434 0.000000
    outer loop
      vertex -13.3148 4.3262 24.0000
      vertex -14.0000 0.0000 28.0000
      vertex -13.3148 4.3262 28.0000
    endloop
  endfacet
  facet normal 0.000000 0.000000 1.000000
    outer loop
      vertex 0.0000 0.0000 28.0000
      vertex -13.3148 4.3262 28.0000
      vertex -14.0000 0.0000 28.0000
    endloop
  endfacet
  facet normal 0.000000 0.000000 -1.000000
    outer loop
      vertex 0.0000 0.0000 24.0000
      vertex -14.0000 0.0000 24.0000
      vertex -13.3148 4.3262 24.0000
    endloop
  endfacet
  facet normal -0.987688 -0.156434 0.000000
    outer loop
      vertex -14.0000 0.0000 24.0000
      vertex -13.3148 -4.3262 24.0000
      vertex -13.3148 -4.3262 28.0000
    endloop
  endfacet
  facet normal -0.987688 -0.156434 0.000000
    outer loop
      vertex -14.0000 0.0000 24.0000
      vertex -13.3148 -4.3262 28.0000
      vertex -14.0000 0.0000 28.0000
    endloop
  endfacet
  facet normal 0.000000 0.000000 1.000000
    outer loop
      vertex 0.0000 0.0000 28.0000
      vertex -14.0000 0.0000 28.0000
      vertex -13.3148 -4.3262 28.0000
    endloop
  endfacet
  facet normal 0.000000 0.000000 -1.000000
    outer loop
      vertex 0.0000 0.0000 24.0000
      vertex -13.3148 -4.3262 24.0000
      vertex -14.0000 0.0000 24.0000
    endloop
  endfacet
  facet normal -0.891007 -0.453990 0.000000
    outer loop
      vertex -13.3148 -4.3262 24.0000
      vertex -11.3262 -8.2290 24.0000
      vertex -11.3262 -8.2290 28.0000
    endloop
  endfacet
  facet normal -0.891007 -0.453990 0.000000
    outer loop
      vertex -13.3148 -4.3262 24.0000
      vertex -11.3262 -8.2290 28.0000
      vertex -13.3148 -4.3262 28.0000
    endloop
  endfacet
  facet normal 0.000000 0.000000 1.000000
    outer loop
      vertex 0.0000 0.0000 28.0000
      vertex -13.3148 -4.3262 28.0000
      vertex -11.3262 -8.2290 28.0000
    endloop
  endfacet
  facet normal 0.000000 0.000000 -1.000000
    outer loop
      vertex 0.0000 0.0000 24.0000
      vertex -11.3262 -8.2290 24.0000
      vertex -13.3148 -4.3262 24.0000
    endloop
  endfacet
  facet normal -0.707107 -0.707107 0.000000
    outer loop
      vertex -11.3262 -8.2290 24.0000
      vertex -8.2290 -11.3262 24.0000
      vertex -8.2290 -11.3262 28.0000
    endloop
  endfacet
  facet normal -0.707107 -0.707107 0.000000
    outer loop
      vertex -11.3262 -8.2290 24.0000
      vertex -8.2290 -11.3262 28.0000
      vertex -11.3262 -8.2290 28.0000
    endloop
  endfacet
  facet normal 0.000000 0.000000 1.000000
    outer loop
      vertex 0.0000 0.0000 28.0000
      vertex -11.3262 -8.2290 28.0000
      vertex -8.2290 -11.3262 28.0000
    endloop
  endfacet
  facet normal 0.000000 0.000000 -1.000000
    outer loop
      vertex 0.0000 0.0000 24.0000
      vertex -8.2290 -11.3262 24.0000
      vertex -11.3262 -8.2290 24.0000
    endloop
  endfacet
  facet normal -0.453990 -0.891007 0.000000
    outer loop
      vertex -8.2290 -11.3262 24.0000
      vertex -4.3262 -13.3148 24.0000
      vertex -4.3262 -13.3148 28.0000
    endloop
  endfacet
  facet normal -0.453990 -0.891007 0.000000
    outer loop
      vertex -8.2290 -11.3262 24.0000
      vertex -4.3262 -13.3148 28.0000
      vertex -8.2290 -11.3262 28.0000
    endloop
  endfacet
  facet normal 0.000000 0.000000 1.000000
    outer loop
      vertex 0.0000 0.0000 28.0000
      vertex -8.2290 -11.3262 28.0000
      vertex -4.3262 -13.3148 28.0000
    endloop
  endfacet
  facet normal 0.000000 0.000000 -1.000000
    outer loop
      vertex 0.0000 0.0000 24.0000
      vertex -4.3262 -13.3148 24.0000
      vertex -8.2290 -11.3262 24.0000
    endloop
  endfacet
  facet normal -0.156434 -0.987688 0.000000
    outer loop
      vertex -4.3262 -13.3148 24.0000
      vertex -0.0000 -14.0000 24.0000
      vertex -0.0000 -14.0000 28.0000
    endloop
  endfacet
  facet normal -0.156434 -0.987688 0.000000
    outer loop
      vertex -4.3262 -13.3148 24.0000
      vertex -0.0000 -14.0000 28.0000
      vertex -4.3262 -13.3148 28.0000
    endloop
  endfacet
  facet normal 0.000000 0.000000 1.000000
    outer loop
      vertex 0.0000 0.0000 28.0000
      vertex -4.3262 -13.3148 28.0000
      vertex -0.0000 -14.0000 28.0000
    endloop
  endfacet
  facet normal 0.000000 0.000000 -1.000000
    outer loop
      vertex 0.0000 0.0000 24.0000
      vertex -0.0000 -14.0000 24.0000
      vertex -4.3262 -13.3148 24.0000
    endloop
  endfacet
  facet normal 0.156434 -0.987688 0.000000
    outer loop
      vertex -0.0000 -14.0000 24.0000
      vertex 4.3262 -13.3148 24.0000
      vertex 4.3262 -13.3148 28.0000
    endloop
  endfacet
  facet normal 0.156434 -0.987688 0.000000
    outer loop
      vertex -0.0000 -14.0000 24.0000
      vertex 4.3262 -13.3148 28.0000
      vertex -0.0000 -14.0000 28.0000
    endloop
  endfacet
  facet normal 0.000000 0.000000 1.000000
    outer loop
      vertex 0.0000 0.0000 28.0000
      vertex -0.0000 -14.0000 28.0000
      vertex 4.3262 -13.3148 28.0000
    endloop
  endfacet
  facet normal 0.000000 0.000000 -1.000000
    outer loop
      vertex 0.0000 0.0000 24.0000
      vertex 4.3262 -13.3148 24.0000
      vertex -0.0000 -14.0000 24.0000
    endloop
  endfacet
  facet normal 0.453990 -0.891007 0.000000
    outer loop
      vertex 4.3262 -13.3148 24.0000
      vertex 8.2290 -11.3262 24.0000
      vertex 8.2290 -11.3262 28.0000
    endloop
  endfacet
  facet normal 0.453990 -0.891007 0.000000
    outer loop
      vertex 4.3262 -13.3148 24.0000
      vertex 8.2290 -11.3262 28.0000
      vertex 4.3262 -13.3148 28.0000
    endloop
  endfacet
  facet normal 0.000000 0.000000 1.000000
    outer loop
      vertex 0.0000 0.0000 28.0000
      vertex 4.3262 -13.3148 28.0000
      vertex 8.2290 -11.3262 28.0000
    endloop
  endfacet
  facet normal 0.000000 0.000000 -1.000000
    outer loop
      vertex 0.0000 0.0000 24.0000
      vertex 8.2290 -11.3262 24.0000
      vertex 4.3262 -13.3148 24.0000
    endloop
  endfacet
  facet normal 0.707107 -0.707107 0.000000
    outer loop
      vertex 8.2290 -11.3262 24.0000
      vertex 11.3262 -8.2290 24.0000
      vertex 11.3262 -8.2290 28.0000
    endloop
  endfacet
  facet normal 0.707107 -0.707107 0.000000
    outer loop
      vertex 8.2290 -11.3262 24.0000
      vertex 11.3262 -8.2290 28.0000
      vertex 8.2290 -11.3262 28.0000
    endloop
  endfacet
  facet normal 0.000000 0.000000 1.000000
    outer loop
      vertex 0.0000 0.0000 28.0000
      vertex 8.2290 -11.3262 28.0000
      vertex 11.3262 -8.2290 28.0000
    endloop
  endfacet
  facet normal 0.000000 0.000000 -1.000000
    outer loop
      vertex 0.0000 0.0000 24.0000
      vertex 11.3262 -8.2290 24.0000
      vertex 8.2290 -11.3262 24.0000
    endloop
  endfacet
  facet normal 0.891007 -0.453990 0.000000
    outer loop
      vertex 11.3262 -8.2290 24.0000
      vertex 13.3148 -4.3262 24.0000
      vertex 13.3148 -4.3262 28.0000
    endloop
  endfacet
  facet normal 0.891007 -0.453990 0.000000
    outer loop
      vertex 11.3262 -8.2290 24.0000
      vertex 13.3148 -4.3262 28.0000
      vertex 11.3262 -8.2290 28.0000
    endloop
  endfacet
  facet normal 0.000000 0.000000 1.000000
    outer loop
      vertex 0.0000 0.0000 28.0000
      vertex 11.3262 -8.2290 28.0000
      vertex 13.3148 -4.3262 28.0000
    endloop
  endfacet
  facet normal 0.000000 0.000000 -1.000000
    outer loop
      vertex 0.0000 0.0000 24.0000
      vertex 13.3148 -4.3262 24.0000
      vertex 11.3262 -8.2290 24.0000
    endloop
  endfacet
  facet normal 0.987688 -0.156434 0.000000
    outer loop
      vertex 13.3148 -4.3262 24.0000
      vertex 14.0000 -0.0000 24.0000
      vertex 14.0000 -0.0000 28.0000
    endloop
  endfacet
  facet normal 0.987688 -0.156434 0.000000
    outer loop
      vertex 13.3148 -4.3262 24.0000
      vertex 14.0000 -0.0000 28.0000
      vertex 13.3148 -4.3262 28.0000
    endloop
  endfacet
  facet normal 0.000000 0.000000 1.000000
    outer loop
      vertex 0.0000 0.0000 28.0000
      vertex 13.3148 -4.3262 28.0000
      vertex 14.0000 -0.0000 28.0000
    endloop
  endfacet
  facet normal 0.000000 0.000000 -1.000000
    outer loop
      vertex 0.0000 0.0000 24.0000
      vertex 14.0000 -0.0000 24.0000
      vertex 13.3148 -4.3262 24.0000
    endloop
  endfacet
  facet normal 0.000000 0.000000 1.000000
    outer loop
      vertex 4.0000 0.0000 24.0000
      vertex 14.0000 0.0000 24.0000
      vertex 13.3148 4.3262 24.0000
    endloop
  endfacet
  facet normal 0.000000 0.000000 1.000000
    outer loop
      vertex 4.0000 0.0000 24.0000
      vertex 13.3148 4.3262 24.0000
      vertex 3.8042 1.2361 24.0000
    endloop
  endfacet
  facet normal 0.000000 0.000000 1.000000
    outer loop
      vertex 3.8042 1.2361 24.0000
      vertex 13.3148 4.3262 24.0000
      vertex 11.3262 8.2290 24.0000
    endloop
  endfacet
  facet normal 0.000000 0.000000 1.000000
    outer loop
      vertex 3.8042 1.2361 24.0000
      vertex 11.3262 8.2290 24.0000
      vertex 3.2361 2.3511 24.0000
    endloop
  endfacet
  facet normal 0.000000 0.000000 1.000000
    outer loop
      vertex 3.2361 2.3511 24.0000
      vertex 11.3262 8.2290 24.0000
      vertex 8.2290 11.3262 24.0000
    endloop
  endfacet
  facet normal 0.000000 0.000000 1.000000
    outer loop
      vertex 3.2361 2.3511 24.0000
      vertex 8.2290 11.3262 24.0000
      vertex 2.3511 3.2361 24.0000
    endloop
  endfacet
  facet normal 0.000000 0.000000 1.000000
    outer loop
      vertex 2.3511 3.2361 24.0000
      vertex 8.2290 11.3262 24.0000
      vertex 4.3262 13.3148 24.0000
    endloop
  endfacet
  facet normal 0.000000 0.000000 1.000000
    outer loop
      vertex 2.3511 3.2361 24.0000
      vertex 4.3262 13.3148 24.0000
      vertex 1.2361 3.8042 24.0000
    endloop
  endfacet
  facet normal 0.000000 0.000000 1.000000
    outer loop
      vertex 1.2361 3.8042 24.0000
      vertex 4.3262 13.3148 24.0000
      vertex 0.0000 14.0000 24.0000
    endloop
  endfacet
  facet normal 0.000000 0.000000 1.000000
    outer loop
      vertex 1.2361 3.8042 24.0000
      vertex 0.0000 14.0000 24.0000
      vertex 0.0000 4.0000 24.0000
    endloop
  endfacet
  facet normal 0.000000 0.000000 1.000000
    outer loop
      vertex 0.0000 4.0000 24.0000
      vertex 0.0000 14.0000 24.0000
      vertex -4.3262 13.3148 24.0000
    endloop
  endfacet
  facet normal 0.000000 0.000000 1.000000
    outer loop
      vertex 0.0000 4.0000 24.0000
      vertex -4.3262 13.3148 24.0000
      vertex -1.2361 3.8042 24.0000
    endloop
  endfacet
  facet normal 0.000000 0.000000 1.000000
    outer loop
      vertex -1.2361 3.8042 24.0000
      vertex -4.3262 13.3148 24.0000
      vertex -8.2290 11.3262 24.0000
    endloop
  endfacet
  facet normal 0.000000 0.000000 1.000000
    outer loop
      vertex -1.2361 3.8042 24.0000
      vertex -8.2290 11.3262 24.0000
      vertex -2.3511 3.2361 24.0000
    endloop
  endfacet
  facet normal 0.000000 0.000000 1.000000
    outer loop
      vertex -2.3511 3.2361 24.0000
      vertex -8.2290 11.3262 24.0000
      vertex -11.3262 8.2290 24.0000
    endloop
  endfacet
  facet normal 0.000000 0.000000 1.000000
    outer loop
      vertex -2.3511 3.2361 24.0000
      vertex -11.3262 8.2290 24.0000
      vertex -3.2361 2.3511 24.0000
    endloop
  endfacet
  facet normal 0.000000 0.000000 1.000000
    outer loop
      vertex -3.2361 2.3511 24.0000
      vertex -11.3262 8.2290 24.0000
      vertex -13.3148 4.3262 24.0000
    endloop
  endfacet
  facet normal 0.000000 0.000000 1.000000
    outer loop
      vertex -3.2361 2.3511 24.0000
      vertex -13.3148 4.3262 24.0000
      vertex -3.8042 1.2361 24.0000
    endloop
  endfacet
  facet normal 0.000000 0.000000 1.000000
    outer loop
      vertex -3.8042 1.2361 24.0000
      vertex -13.3148 4.3262 24.0000
      vertex -14.0000 0.0000 24.0000
    endloop
  endfacet
  facet normal 0.000000 0.000000 1.000000
    outer loop
      vertex -3.8042 1.2361 24.0000
      vertex -14.0000 0.0000 24.0000
      vertex -4.0000 0.0000 24.0000
    endloop
  endfacet
  facet normal 0.000000 0.000000 1.000000
    outer loop
      vertex -4.0000 0.0000 24.0000
      vertex -14.0000 0.0000 24.0000
      vertex -13.3148 -4.3262 24.0000
    endloop
  endfacet
  facet normal 0.000000 0.000000 1.000000
    outer loop
      vertex -4.0000 0.0000 24.0000
      vertex -13.3148 -4.3262 24.0000
      vertex -3.8042 -1.2361 24.0000
    endloop
  endfacet
  facet normal 0.000000 0.000000 1.000000
    outer loop
      vertex -3.8042 -1.2361 24.0000
      vertex -13.3148 -4.3262 24.0000
      vertex -11.3262 -8.2290 24.0000
    endloop
  endfacet
  facet normal 0.000000 0.000000 1.000000
    outer loop
      vertex -3.8042 -1.2361 24.0000
      vertex -11.3262 -8.2290 24.0000
      vertex -3.2361 -2.3511 24.0000
    endloop
  endfacet
  facet normal 0.000000 0.000000 1.000000
    outer loop
      vertex -3.2361 -2.3511 24.0000
      vertex -11.3262 -8.2290 24.0000
      vertex -8.2290 -11.3262 24.0000
    endloop
  endfacet
  facet normal 0.000000 0.000000 1.000000
    outer loop
      vertex -3.2361 -2.3511 24.0000
      vertex -8.2290 -11.3262 24.0000
      vertex -2.3511 -3.2361 24.0000
    endloop
  endfacet
  facet normal 0.000000 0.000000 1.000000
    outer loop
      vertex -2.3511 -3.2361 24.0000
      vertex -8.2290 -11.3262 24.0000
      vertex -4.3262 -13.3148 24.0000
    endloop
  endfacet
  facet normal 0.000000 0.000000 1.000000
    outer loop
      vertex -2.3511 -3.2361 24.0000
      vertex -4.3262 -13.3148 24.0000
      vertex -1.2361 -3.8042 24.0000
    endloop
  endfacet
  facet normal 0.000000 0.000000 1.000000
    outer loop
      vertex -1.2361 -3.8042 24.0000
      vertex -4.3262 -13.3148 24.0000
      vertex -0.0000 -14.0000 24.0000
    endloop
  endfacet
  facet normal 0.000000 0.000000 1.000000
    outer loop
      vertex -1.2361 -3.8042 24.0000
      vertex -0.0000 -14.0000 24.0000
      vertex -0.0000 -4.0000 24.0000
    endloop
  endfacet
  facet normal 0.000000 0.000000 1.000000
    outer loop
      vertex -0.0000 -4.0000 24.0000
      vertex -0.0000 -14.0000 24.0000
      vertex 4.3262 -13.3148 24.0000
    endloop
  endfacet
  facet normal 0.000000 0.000000 1.000000
    outer loop
      vertex -0.0000 -4.0000 24.0000
      vertex 4.3262 -13.3148 24.0000
      vertex 1.2361 -3.8042 24.0000
    endloop
  endfacet
  facet normal 0.000000 0.000000 1.000000
    outer loop
      vertex 1.2361 -3.8042 24.0000
      vertex 4.3262 -13.3148 24.0000
      vertex 8.2290 -11.3262 24.0000
    endloop
  endfacet
  facet normal 0.000000 0.000000 1.000000
    outer loop
      vertex 1.2361 -3.8042 24.0000
      vertex 8.2290 -11.3262 24.0000
      vertex 2.3511 -3.2361 24.0000
    endloop
  endfacet
  facet normal 0.000000 0.000000 1.000000
    outer loop
      vertex 2.3511 -3.2361 24.0000
      vertex 8.2290 -11.3262 24.0000
      vertex 11.3262 -8.2290 24.0000
    endloop
  endfacet
  facet normal 0.000000 0.000000 1.000000
    outer loop
      vertex 2.3511 -3.2361 24.0000
      vertex 11.3262 -8.2290 24.0000
      vertex 3.2361 -2.3511 24.0000
    endloop
  endfacet
  facet normal 0.000000 0.000000 1.000000
    outer loop
      vertex 3.2361 -2.3511 24.0000
      vertex 11.3262 -8.2290 24.0000
      vertex 13.3148 -4.3262 24.0000
    endloop
  endfacet
  facet normal 0.000000 0.000000 1.000000
    outer loop
      vertex 3.2361 -2.3511 24.0000
      vertex 13.3148 -4.3262 24.0000
      vertex 3.8042 -1.2361 24.0000
    endloop
  endfacet
  facet normal 0.000000 0.000000 1.000000
    outer loop
      vertex 3.8042 -1.2361 24.0000
      vertex 13.3148 -4.3262 24.0000
      vertex 14.0000 -0.0000 24.0000
    endloop
  endfacet
  facet normal 0.000000 0.000000 1.000000
    outer loop
      vertex 3.8042 -1.2361 24.0000
      vertex 14.0000 -0.0000 24.0000
      vertex 4.0000 -0.0000 24.0000
    endloop
  endfacet
  facet normal 0.951057 0.309017 0.000000
    outer loop
      vertex 14.0000 0.0000 0.0000
      vertex 13.6180 1.1756 0.0000
      vertex 13.6180 1.1756 5.0000
    endloop
  endfacet
  facet normal 0.951057 0.309017 0.000000
    outer loop
      vertex 14.0000 0.0000 0.0000
      vertex 13.6180 1.1756 5.0000
      vertex 14.0000 0.0000 5.0000
    endloop
  endfacet
  facet normal 0.000000 0.000000 1.000000
    outer loop
      vertex 12.0000 0.0000 5.0000
      vertex 14.0000 0.0000 5.0000
      vertex 13.6180 1.1756 5.0000
    endloop
  endfacet
  facet normal 0.000000 0.000000 -1.000000
    outer loop
      vertex 12.0000 0.0000 0.0000
      vertex 13.6180 1.1756 0.0000
      vertex 14.0000 0.0000 0.0000
    endloop
  endfacet
  facet normal 0.587785 0.809017 0.000000
    outer loop
      vertex 13.6180 1.1756 0.0000
      vertex 12.6180 1.9021 0.0000
      vertex 12.6180 1.9021 5.0000
    endloop
  endfacet
  facet normal 0.587785 0.809017 0.000000
    outer loop
      vertex 13.6180 1.1756 0.0000
      vertex 12.6180 1.9021 5.0000
      vertex 13.6180 1.1756 5.0000
    endloop
  endfacet
  facet normal 0.000000 0.000000 1.000000
    outer loop
      vertex 12.0000 0.0000 5.0000
      vertex 13.6180 1.1756 5.0000
      vertex 12.6180 1.9021 5.0000
    endloop
  endfacet
  facet normal 0.000000 0.000000 -1.000000
    outer loop
      vertex 12.0000 0.0000 0.0000
      vertex 12.6180 1.9021 0.0000
      vertex 13.6180 1.1756 0.0000
    endloop
  endfacet
  facet normal 0.000000 1.000000 0.000000
    outer loop
      vertex 12.6180 1.9021 0.0000
      vertex 11.3820 1.9021 0.0000
      vertex 11.3820 1.9021 5.0000
    endloop
  endfacet
  facet normal 0.000000 1.000000 0.000000
    outer loop
      vertex 12.6180 1.9021 0.0000
      vertex 11.3820 1.9021 5.0000
      vertex 12.6180 1.9021 5.0000
    endloop
  endfacet
  facet normal 0.000000 0.000000 1.000000
    outer loop
      vertex 12.0000 0.0000 5.0000
      vertex 12.6180 1.9021 5.0000
      vertex 11.3820 1.9021 5.0000
    endloop
  endfacet
  facet normal 0.000000 0.000000 -1.000000
    outer loop
      vertex 12.0000 0.0000 0.0000
      vertex 11.3820 1.9021 0.0000
      vertex 12.6180 1.9021 0.0000
    endloop
  endfacet
  facet normal -0.587785 0.809017 0.000000
    outer loop
      vertex 11.3820 1.9021 0.0000
      vertex 10.3820 1.1756 0.0000
      vertex 10.3820 1.1756 5.0000
    endloop
  endfacet
  facet normal -0.587785 0.809017 0.000000
    outer loop
      vertex 11.3820 1.9021 0.0000
      vertex 10.3820 1.1756 5.0000
      vertex 11.3820 1.9021 5.0000
    endloop
  endfacet
  facet normal 0.000000 0.000000 1.000000
    outer loop
      vertex 12.0000 0.0000 5.0000
      vertex 11.3820 1.9021 5.0000
      vertex 10.3820 1.1756 5.0000
    endloop
  endfacet
  facet normal 0.000000 0.000000 -1.000000
    outer loop
      vertex 12.0000 0.0000 0.0000
      vertex 10.3820 1.1756 0.0000
      vertex 11.3820 1.9021 0.0000
    endloop
  endfacet
  facet normal -0.951057 0.309017 0.000000
    outer loop
      vertex 10.3820 1.1756 0.0000
      vertex 10.0000 0.0000 0.0000
      vertex 10.0000 0.0000 5.0000
    endloop
  endfacet
  facet normal -0.951057 0.309017 0.000000
    outer loop
      vertex 10.3820 1.1756 0.0000
      vertex 10.0000 0.0000 5.0000
      vertex 10.3820 1.1756 5.0000
    endloop
  endfacet
  facet normal 0.000000 0.000000 1.000000
    outer loop
      vertex 12.0000 0.0000 5.0000
      vertex 10.3820 1.1756 5.0000
      vertex 10.0000 0.0000 5.0000
    endloop
  endfacet
  facet normal 0.000000 0.000000 -1.000000
    outer loop
      vertex 12.0000 0.0000 0.0000
      vertex 10.0000 0.0000 0.0000
      vertex 10.3820 1.1756 0.0000
    endloop
  endfacet
  facet normal -0.951057 -0.309017 0.000000
    outer loop
      vertex 10.0000 0.0000 0.0000
      vertex 10.3820 -1.1756 0.0000
      vertex 10.3820 -1.1756 5.0000
    endloop
  endfacet
  facet normal -0.951057 -0.309017 0.000000
    outer loop
      vertex 10.0000 0.0000 0.0000
      vertex 10.3820 -1.1756 5.0000
      vertex 10.0000 0.0000 5.0000
    endloop
  endfacet
  facet normal 0.000000 0.000000 1.000000
    outer loop
      vertex 12.0000 0.0000 5.0000
      vertex 10.0000 0.0000 5.0000
      vertex 10.3820 -1.1756 5.0000
    endloop
  endfacet
  facet normal 0.000000 0.000000 -1.000000
    outer loop
      vertex 12.0000 0.0000 0.0000
      vertex 10.3820 -1.1756 0.0000
      vertex 10.0000 0.0000 0.0000
    endloop
  endfacet
  facet normal -0.587785 -0.809017 0.000000
    outer loop
      vertex 10.3820 -1.1756 0.0000
      vertex 11.3820 -1.9021 0.0000
      vertex 11.3820 -1.9021 5.0000
    endloop
  endfacet
  facet normal -0.587785 -0.809017 0.000000
    outer loop
      vertex 10.3820 -1.1756 0.0000
      vertex 11.3820 -1.9021 5.0000
      vertex 10.3820 -1.1756 5.0000
    endloop
  endfacet
  facet normal 0.000000 0.000000 1.000000
    outer loop
      vertex 12.0000 0.0000 5.0000
      vertex 10.3820 -1.1756 5.0000
      vertex 11.3820 -1.9021 5.0000
    endloop
  endfacet
  facet normal 0.000000 0.000000 -1.000000
    outer loop
      vertex 12.0000 0.0000 0.0000
      vertex 11.3820 -1.9021 0.0000
      vertex 10.3820 -1.1756 0.0000
    endloop
  endfacet
  facet normal -0.000000 -1.000000 0.000000
    outer loop
      vertex 11.3820 -1.9021 0.0000
      vertex 12.6180 -1.9021 0.0000
      vertex 12.6180 -1.9021 5.0000
    endloop
  endfacet
  facet normal -0.000000 -1.000000 0.000000
    outer loop
      vertex 11.3820 -1.9021 0.0000
      vertex 12.6180 -1.9021 5.0000
      vertex 11.3820 -1.9021 5.0000
    endloop
  endfacet
  facet normal 0.000000 0.000000 1.000000
    outer loop
      vertex 12.0000 0.0000 5.0000
      vertex 11.3820 -1.9021 5.0000
      vertex 12.6180 -1.9021 5.0000
    endloop
  endfacet
  facet normal 0.000000 0.000000 -1.000000
    outer loop
      vertex 12.0000 0.0000 0.0000
      vertex 12.6180 -1.9021 0.0000
      vertex 11.3820 -1.9021 0.0000
    endloop
  endfacet
  facet normal 0.587785 -0.809017 0.000000
    outer loop
      vertex 12.6180 -1.9021 0.0000
      vertex 13.6180 -1.1756 0.0000
      vertex 13.6180 -1.1756 5.0000
    endloop
  endfacet
  facet normal 0.587785 -0.809017 0.000000
    outer loop
      vertex 12.6180 -1.9021 0.0000
      vertex 13.6180 -1.1756 5.0000
      vertex 12.6180 -1.9021 5.0000
    endloop
  endfacet
  facet normal 0.000000 0.000000 1.000000
    outer loop
      vertex 12.0000 0.0000 5.0000
      vertex 12.6180 -1.9021 5.0000
      vertex 13.6180 -1.1756 5.0000
    endloop
  endfacet
  facet normal 0.000000 0.000000 -1.000000
    outer loop
      vertex 12.0000 0.0000 0.0000
      vertex 13.6180 -1.1756 0.0000
      vertex 12.6180 -1.9021 0.0000
    endloop
  endfacet
  facet normal 0.951057 -0.309017 0.000000
    outer loop
      vertex 13.6180 -1.1756 0.0000
      vertex 14.0000 -0.0000 0.0000
      vertex 14.0000 -0.0000 5.0000
    endloop
  endfacet
  facet normal 0.951057 -0.309017 0.000000
    outer loop
      vertex 13.6180 -1.1756 0.0000
      vertex 14.0000 -0.0000 5.0000
      vertex 13.6180 -1.1756 5.0000
    endloop
  endfacet
  facet normal 0.000000 0.000000 1.000000
    outer loop
      vertex 12.0000 0.0000 5.0000
      vertex 13.6180 -1.1756 5.0000
      vertex 14.0000 -0.0000 5.0000
    endloop
  endfacet
  facet normal 0.000000 0.000000 -1.000000
    outer loop
      vertex 12.0000 0.0000 0.0000
      vertex 14.0000 -0.0000 0.0000
      vertex 13.6180 -1.1756 0.0000
    endloop
  endfacet
  facet normal 0.951057 0.309017 0.000000
    outer loop
      vertex 2.0000 12.0000 0.0000
      vertex 1.6180 13.1756 0.0000
      vertex 1.6180 13.1756 5.0000
    endloop
  endfacet
  facet normal 0.951057 0.309017 0.000000
    outer loop
      vertex 2.0000 12.0000 0.0000
      vertex 1.6180 13.1756 5.0000
      vertex 2.0000 12.0000 5.0000
    endloop
  endfacet
  facet normal 0.000000 0.000000 1.000000
    outer loop
      vertex 0.0000 12.0000 5.0000
      vertex 2.0000 12.0000 5.0000
      vertex 1.6180 13.1756 5.0000
    endloop
  endfacet
  facet normal 0.000000 0.000000 -1.000000
    outer loop
      vertex 0.0000 12.0000 0.0000
      vertex 1.6180 13.1756 0.0000
      vertex 2.0000 12.0000 0.0000
    endloop
  endfacet
  facet normal 0.587785 0.809017 0.000000
    outer loop
      vertex 1.6180 13.1756 0.0000
      vertex 0.6180 13.9021 0.0000
      vertex 0.6180 13.9021 5.0000
    endloop
  endfacet
  facet normal 0.587785 0.809017 0.000000
    outer loop
      vertex 1.6180 13.1756 0.0000
      vertex 0.6180 13.9021 5.0000
      vertex 1.6180 13.1756 5.0000
    endloop
  endfacet
  facet normal 0.000000 0.000000 1.000000
    outer loop
      vertex 0.0000 12.0000 5.0000
      vertex 1.6180 13.1756 5.0000
      vertex 0.6180 13.9021 5.0000
    endloop
  endfacet
  facet normal 0.000000 0.000000 -1.000000
    outer loop
      vertex 0.0000 12.0000 0.0000
      vertex 0.6180 13.9021 0.0000
      vertex 1.6180 13.1756 0.0000
    endloop
  endfacet
  facet normal 0.000000 1.000000 0.000000
    outer loop
      vertex 0.6180 13.9021 0.0000
      vertex -0.6180 13.9021 0.0000
      vertex -0.6180 13.9021 5.0000
    endloop
  endfacet
  facet normal 0.000000 1.000000 0.000000
    outer loop
      vertex 0.6180 13.9021 0.0000
      vertex -0.6180 13.9021 5.0000
      vertex 0.6180 13.9021 5.0000
    endloop
  endfacet
  facet normal 0.000000 0.000000 1.000000
    outer loop
      vertex 0.0000 12.0000 5.0000
      vertex 0.6180 13.9021 5.0000
      vertex -0.6180 13.9021 5.0000
    endloop
  endfacet
  facet normal 0.000000 0.000000 -1.000000
    outer loop
      vertex 0.0000 12.0000 0.0000
      vertex -0.6180 13.9021 0.0000
      vertex 0.6180 13.9021 0.0000
    endloop
  endfacet
  facet normal -0.587785 0.809017 0.000000
    outer loop
      vertex -0.6180 13.9021 0.0000
      vertex -1.6180 13.1756 0.0000
      vertex -1.6180 13.1756 5.0000
    endloop
  endfacet
  facet normal -0.587785 0.809017 0.000000
    outer loop
      vertex -0.6180 13.9021 0.0000
      vertex -1.6180 13.1756 5.0000
      vertex -0.6180 13.9021 5.0000
    endloop
  endfacet
  facet normal 0.000000 0.000000 1.000000
    outer loop
      vertex 0.0000 12.0000 5.0000
      vertex -0.6180 13.9021 5.0000
      vertex -1.6180 13.1756 5.0000
    endloop
  endfacet
  facet normal 0.000000 0.000000 -1.000000
    outer loop
      vertex 0.0000 12.0000 0.0000
      vertex -1.6180 13.1756 0.0000
      vertex -0.6180 13.9021 0.0000
    endloop
  endfacet
  facet normal -0.951057 0.309017 0.000000
    outer loop
      vertex -1.6180 13.1756 0.0000
      vertex -2.0000 12.0000 0.0000
      vertex -2.0000 12.0000 5.0000
    endloop
  endfacet
  facet normal -0.951057 0.309017 0.000000
    outer loop
      vertex -1.6180 13.1756 0.0000
      vertex -2.0000 12.0000 5.0000
      vertex -1.6180 13.1756 5.0000
    endloop
  endfacet
  facet normal 0.000000 0.000000 1.000000
    outer loop
      vertex 0.0000 12.0000 5.0000
      vertex -1.6180 13.1756 5.0000
      vertex -2.0000 12.0000 5.0000
    endloop
  endfacet
  facet normal 0.000000 0.000000 -1.000000
    outer loop
      vertex 0.0000 12.0000 0.0000
      vertex -2.0000 12.0000 0.0000
      vertex -1.6180 13.1756 0.0000
    endloop
  endfacet
  facet normal -0.951057 -0.309017 0.000000
    outer loop
      vertex -2.0000 12.0000 0.0000
      vertex -1.6180 10.8244 0.0000
      vertex -1.6180 10.8244 5.0000
    endloop
  endfacet
  facet normal -0.951057 -0.309017 0.000000
    outer loop
      vertex -2.0000 12.0000 0.0000
      vertex -1.6180 10.8244 5.0000
      vertex -2.0000 12.0000 5.0000
    endloop
  endfacet
  facet normal 0.000000 0.000000 1.000000
    outer loop
      vertex 0.0000 12.0000 5.0000
      vertex -2.0000 12.0000 5.0000
      vertex -1.6180 10.8244 5.0000
    endloop
  endfacet
  facet normal 0.000000 0.000000 -1.000000
    outer loop
      vertex 0.0000 12.0000 0.0000
      vertex -1.6180 10.8244 0.0000
      vertex -2.0000 12.0000 0.0000
    endloop
  endfacet
  facet normal -0.587785 -0.809017 0.000000
    outer loop
      vertex -1.6180 10.8244 0.0000
      vertex -0.6180 10.0979 0.0000
      vertex -0.6180 10.0979 5.0000
    endloop
  endfacet
  facet normal -0.587785 -0.809017 0.000000
    outer loop
      vertex -1.6180 10.8244 0.0000
      vertex -0.6180 10.0979 5.0000
      vertex -1.6180 10.8244 5.0000
    endloop
  endfacet
  facet normal 0.000000 0.000000 1.000000
    outer loop
      vertex 0.0000 12.0000 5.0000
      vertex -1.6180 10.8244 5.0000
      vertex -0.6180 10.0979 5.0000
    endloop
  endfacet
  facet normal 0.000000 0.000000 -1.000000
    outer loop
      vertex 0.0000 12.0000 0.0000
      vertex -0.6180 10.0979 0.0000
      vertex -1.6180 10.8244 0.0000
    endloop
  endfacet
  facet normal -0.000000 -1.000000 0.000000
    outer loop
      vertex -0.6180 10.0979 0.0000
      vertex 0.6180 10.0979 0.0000
      vertex 0.6180 10.0979 5.0000
    endloop
  endfacet
  facet normal -0.000000 -1.000000 0.000000
    outer loop
      vertex -0.6180 10.0979 0.0000
      vertex 0.6180 10.0979 5.0000
      vertex -0.6180 10.0979 5.0000
    endloop
  endfacet
  facet normal 0.000000 0.000000 1.000000
    outer loop
      vertex 0.0000 12.0000 5.0000
      vertex -0.6180 10.0979 5.0000
      vertex 0.6180 10.0979 5.0000
    endloop
  endfacet
  facet normal 0.000000 0.000000 -1.000000
    outer loop
      vertex 0.0000 12.0000 0.0000
      vertex 0.6180 10.0979 0.0000
      vertex -0.6180 10.0979 0.0000
    endloop
  endfacet
  facet normal 0.587785 -0.809017 0.000000
    outer loop
      vertex 0.6180 10.0979 0.0000
      vertex 1.6180 10.8244 0.0000
      vertex 1.6180 10.8244 5.0000
    endloop
  endfacet
  facet normal 0.587785 -0.809017 0.000000
    outer loop
      vertex 0.6180 10.0979 0.0000
      vertex 1.6180 10.8244 5.0000
      vertex 0.6180 10.0979 5.0000
    endloop
  endfacet
  facet normal 0.000000 0.000000 1.000000
    outer loop
      vertex 0.0000 12.0000 5.0000
      vertex 0.6180 10.0979 5.0000
      vertex 1.6180 10.8244 5.0000
    endloop
  endfacet
  facet normal 0.000000 0.000000 -1.000000
    outer loop
      vertex 0.0000 12.0000 0.0000
      vertex 1.6180 10.8244 0.0000
      vertex 0.6180 10.0979 0.0000
    endloop
  endfacet
  facet normal 0.951057 -0.309017 0.000000
    outer loop
      vertex 1.6180 10.8244 0.0000
      vertex 2.0000 12.0000 0.0000
      vertex 2.0000 12.0000 5.0000
    endloop
  endfacet
  facet normal 0.951057 -0.309017 0.000000
    outer loop
      vertex 1.6180 10.8244 0.0000
      vertex 2.0000 12.0000 5.0000
      vertex 1.6180 10.8244 5.0000
    endloop
  endfacet
  facet normal 0.000000 0.000000 1.000000
    outer loop
      vertex 0.0000 12.0000 5.0000
      vertex 1.6180 10.8244 5.0000
      vertex 2.0000 12.0000 5.0000
    endloop
  endfacet
  facet normal 0.000000 0.000000 -1.000000
    outer loop
      vertex 0.0000 12.0000 0.0000
      vertex 2.0000 12.0000 0.0000
      vertex 1.6180 10.8244 0.0000
    endloop
  endfacet
  facet normal 0.951057 0.309017 0.000000
    outer loop
      vertex -10.0000 0.0000 0.0000
      vertex -10.3820 1.1756 0.0000
      vertex -10.3820 1.1756 5.0000
    endloop
  endfacet
  facet normal 0.951057 0.309017 0.000000
    outer loop
      vertex -10.0000 0.0000 0.0000
      vertex -10.3820 1.1756 5.0000
      vertex -10.0000 0.0000 5.0000
    endloop
  endfacet
  facet normal 0.000000 0.000000 1.000000
    outer loop
      vertex -12.0000 0.0000 5.0000
      vertex -10.0000 0.0000 5.0000
      vertex -10.3820 1.1756 5.0000
    endloop
  endfacet
  facet normal 0.000000 0.000000 -1.000000
    outer loop
      vertex -12.0000 0.0000 0.0000
      vertex -10.3820 1.1756 0.0000
      vertex -10.0000 0.0000 0.0000
    endloop
  endfacet
  facet normal 0.587785 0.809017 0.000000
    outer loop
      vertex -10.3820 1.1756 0.0000
      vertex -11.3820 1.9021 0.0000
      vertex -11.3820 1.9021 5.0000
    endloop
  endfacet
  facet normal 0.587785 0.809017 0.000000
    outer loop
      vertex -10.3820 1.1756 0.0000
      vertex -11.3820 1.9021 5.0000
      vertex -10.3820 1.1756 5.0000
    endloop
  endfacet
  facet normal 0.000000 0.000000 1.000000
    outer loop
      vertex -12.0000 0.0000 5.0000
      vertex -10.3820 1.1756 5.0000
      vertex -11.3820 1.9021 5.0000
    endloop
  endfacet
  facet normal 0.000000 0.000000 -1.000000
    outer loop
      vertex -12.0000 0.0000 0.0000
      vertex -11.3820 1.9021 0.0000
      vertex -10.3820 1.1756 0.0000
    endloop
  endfacet
  facet normal 0.000000 1.000000 0.000000
    outer loop
      vertex -11.3820 1.9021 0.0000
      vertex -12.6180 1.9021 0.0000
      vertex -12.6180 1.9021 5.0000
    endloop
  endfacet
  facet normal 0.000000 1.000000 0.000000
    outer loop
      vertex -11.3820 1.9021 0.0000
      vertex -12.6180 1.9021 5.0000
      vertex -11.3820 1.9021 5.0000
    endloop
  endfacet
  facet normal 0.000000 0.000000 1.000000
    outer loop
      vertex -12.0000 0.0000 5.0000
      vertex -11.3820 1.9021 5.0000
      vertex -12.6180 1.9021 5.0000
    endloop
  endfacet
  facet normal 0.000000 0.000000 -1.000000
    outer loop
      vertex -12.0000 0.0000 0.0000
      vertex -12.6180 1.9021 0.0000
      vertex -11.3820 1.9021 0.0000
    endloop
  endfacet
  facet normal -0.587785 0.809017 0.000000
    outer loop
      vertex -12.6180 1.9021 0.0000
      vertex -13.6180 1.1756 0.0000
      vertex -13.6180 1.1756 5.0000
    endloop
  endfacet
  facet normal -0.587785 0.809017 0.000000
    outer loop
      vertex -12.6180 1.9021 0.0000
      vertex -13.6180 1.1756 5.0000
      vertex -12.6180 1.9021 5.0000
    endloop
  endfacet
  facet normal 0.000000 0.000000 1.000000
    outer loop
      vertex -12.0000 0.0000 5.0000
      vertex -12.6180 1.9021 5.0000
      vertex -13.6180 1.1756 5.0000
    endloop
  endfacet
  facet normal 0.000000 0.000000 -1.000000
    outer loop
      vertex -12.0000 0.0000 0.0000
      vertex -13.6180 1.1756 0.0000
      vertex -12.6180 1.9021 0.0000
    endloop
  endfacet
  facet normal -0.951057 0.309017 0.000000
    outer loop
      vertex -13.6180 1.1756 0.0000
      vertex -14.0000 0.0000 0.0000
      vertex -14.0000 0.0000 5.0000
    endloop
  endfacet
  facet normal -0.951057 0.309017 0.000000
    outer loop
      vertex -13.6180 1.1756 0.0000
      vertex -14.0000 0.0000 5.0000
      vertex -13.6180 1.1756 5.0000
    endloop
  endfacet
  facet normal 0.000000 0.000000 1.000000
    outer loop
      vertex -12.0000 0.0000 5.0000
      vertex -13.6180 1.1756 5.0000
      vertex -14.0000 0.0000 5.0000
    endloop
  endfacet
  facet normal 0.000000 0.000000 -1.000000
    outer loop
      vertex -12.0000 0.0000 0.0000
      vertex -14.0000 0.0000 0.0000
      vertex -13.6180 1.1756 0.0000
    endloop
  endfacet
  facet normal -0.951057 -0.309017 0.000000
    outer loop
      vertex -14.0000 0.0000 0.0000
      vertex -13.6180 -1.1756 0.0000
      vertex -13.6180 -1.1756 5.0000
    endloop
  endfacet
  facet normal -0.951057 -0.309017 0.000000
    outer loop
      vertex -14.0000 0.0000 0.0000
      vertex -13.6180 -1.1756 5.0000
      vertex -14.0000 0.0000 5.0000
    endloop
  endfacet
  facet normal 0.000000 0.000000 1.000000
    outer loop
      vertex -12.0000 0.0000 5.0000
      vertex -14.0000 0.0000 5.0000
      vertex -13.6180 -1.1756 5.0000
    endloop
  endfacet
  facet normal 0.000000 0.000000 -1.000000
    outer loop
      vertex -12.0000 0.0000 0.0000
      vertex -13.6180 -1.1756 0.0000
      vertex -14.0000 0.0000 0.0000
    endloop
  endfacet
  facet normal -0.587785 -0.809017 0.000000
    outer loop
      vertex -13.6180 -1.1756 0.0000
      vertex -12.6180 -1.9021 0.0000
      vertex -12.6180 -1.9021 5.0000
    endloop
  endfacet
  facet normal -0.587785 -0.809017 0.000000
    outer loop
      vertex -13.6180 -1.1756 0.0000
      vertex -12.6180 -1.9021 5.0000
      vertex -13.6180 -1.1756 5.0000
    endloop
  endfacet
  facet normal 0.000000 0.000000 1.000000
    outer loop
      vertex -12.0000 0.0000 5.0000
      vertex -13.6180 -1.1756 5.0000
      vertex -12.6180 -1.9021 5.0000
    endloop
  endfacet
  facet normal 0.000000 0.000000 -1.000000
    outer loop
      vertex -12.0000 0.0000 0.0000
      vertex -12.6180 -1.9021 0.0000
      vertex -13.6180 -1.1756 0.0000
    endloop
  endfacet
  facet normal -0.000000 -1.000000 0.000000
    outer loop
      vertex -12.6180 -1.9021 0.0000
      vertex -11.3820 -1.9021 0.0000
      vertex -11.3820 -1.9021 5.0000
    endloop
  endfacet
  facet normal -0.000000 -1.000000 0.000000
    outer loop
      vertex -12.6180 -1.9021 0.0000
      vertex -11.3820 -1.9021 5.0000
      vertex -12.6180 -1.9021 5.0000
    endloop
  endfacet
  facet normal 0.000000 0.000000 1.000000
    outer loop
      vertex -12.0000 0.0000 5.0000
      vertex -12.6180 -1.9021 5.0000
      vertex -11.3820 -1.9021 5.0000
    endloop
  endfacet
  facet normal 0.000000 0.000000 -1.000000
    outer loop
      vertex -12.0000 0.0000 0.0000
      vertex -11.3820 -1.9021 0.0000
      vertex -12.6180 -1.9021 0.0000
    endloop
  endfacet
  facet normal 0.587785 -0.809017 0.000000
    outer loop
      vertex -11.3820 -1.9021 0.0000
      vertex -10.3820 -1.1756 0.0000
      vertex -10.3820 -1.1756 5.0000
    endloop
  endfacet
  facet normal 0.587785 -0.809017 0.000000
    outer loop
      vertex -11.3820 -1.9021 0.0000
      vertex -10.3820 -1.1756 5.0000
      vertex -11.3820 -1.9021 5.0000
    endloop
  endfacet
  facet normal 0.000000 0.000000 1.000000
    outer loop
      vertex -12.0000 0.0000 5.0000
      vertex -11.3820 -1.9021 5.0000
      vertex -10.3820 -1.1756 5.0000
    endloop
  endfacet
  facet normal 0.000000 0.000000 -1.000000
    outer loop
      vertex -12.0000 0.0000 0.0000
      vertex -10.3820 -1.1756 0.0000
      vertex -11.3820 -1.9021 0.0000
    endloop
  endfacet
  facet normal 0.951057 -0.309017 0.000000
    outer loop
      vertex -10.3820 -1.1756 0.0000
      vertex -10.0000 0.0000 0.0000
      vertex -10.0000 0.0000 5.0000
    endloop
  endfacet
  facet normal 0.951057 -0.309017 0.000000
    outer loop
      vertex -10.3820 -1.1756 0.0000
      vertex -10.0000 0.0000 5.0000
      vertex -10.3820 -1.1756 5.0000
    endloop
  endfacet
  facet normal 0.000000 0.000000 1.000000
    outer loop
      vertex -12.0000 0.0000 5.0000
      vertex -10.3820 -1.1756 5.0000
      vertex -10.0000 0.0000 5.0000
    endloop
  endfacet
  facet normal 0.000000 0.000000 -1.000000
    outer loop
      vertex -12.0000 0.0000 0.0000
      vertex -10.0000 0.0000 0.0000
      vertex -10.3820 -1.1756 0.0000
    endloop
  endfacet
  facet normal 0.951057 0.309017 0.000000
    outer loop
      vertex 2.0000 -12.0000 0.0000
      vertex 1.6180 -10.8244 0.0000
      vertex 1.6180 -10.8244 5.0000
    endloop
  endfacet
  facet normal 0.951057 0.309017 0.000000
    outer loop
      vertex 2.0000 -12.0000 0.0000
      vertex 1.6180 -10.8244 5.0000
      vertex 2.0000 -12.0000 5.0000
    endloop
  endfacet
  facet normal 0.000000 0.000000 1.000000
    outer loop
      vertex -0.0000 -12.0000 5.0000
      vertex 2.0000 -12.0000 5.0000
      vertex 1.6180 -10.8244 5.0000
    endloop
  endfacet
  facet normal 0.000000 0.000000 -1.000000
    outer loop
      vertex -0.0000 -12.0000 0.0000
      vertex 1.6180 -10.8244 0.0000
      vertex 2.0000 -12.0000 0.0000
    endloop
  endfacet
  facet normal 0.587785 0.809017 0.000000
    outer loop
      vertex 1.6180 -10.8244 0.0000
      vertex 0.6180 -10.0979 0.0000
      vertex 0.6180 -10.0979 5.0000
    endloop
  endfacet
  facet normal 0.587785 0.809017 0.000000
    outer loop
      vertex 1.6180 -10.8244 0.0000
      vertex 0.6180 -10.0979 5.0000
      vertex 1.6180 -10.8244 5.0000
    endloop
  endfacet
  facet normal 0.000000 0.000000 1.000000
    outer loop
      vertex -0.0000 -12.0000 5.0000
      vertex 1.6180 -10.8244 5.0000
      vertex 0.6180 -10.0979 5.0000
    endloop
  endfacet
  facet normal 0.000000 0.000000 -1.000000
    outer loop
      vertex -0.0000 -12.0000 0.0000
      vertex 0.6180 -10.0979 0.0000
      vertex 1.6180 -10.8244 0.0000
    endloop
  endfacet
  facet normal 0.000000 1.000000 0.000000
    outer loop
      vertex 0.6180 -10.0979 0.0000
      vertex -0.6180 -10.0979 0.0000
      vertex -0.6180 -10.0979 5.0000
    endloop
  endfacet
  facet normal 0.000000 1.000000 0.000000
    outer loop
      vertex 0.6180 -10.0979 0.0000
      vertex -0.6180 -10.0979 5.0000
      vertex 0.6180 -10.0979 5.0000
    endloop
  endfacet
  facet normal 0.000000 0.000000 1.000000
    outer loop
      vertex -0.0000 -12.0000 5.0000
      vertex 0.6180 -10.0979 5.0000
      vertex -0.6180 -10.0979 5.0000
    endloop
  endfacet
  facet normal 0.000000 0.000000 -1.000000
    outer loop
      vertex -0.0000 -12.0000 0.0000
      vertex -0.6180 -10.0979 0.0000
      vertex 0.6180 -10.0979 0.0000
    endloop
  endfacet
  facet normal -0.587785 0.809017 0.000000
    outer loop
      vertex -0.6180 -10.0979 0.0000
      vertex -1.6180 -10.8244 0.0000
      vertex -1.6180 -10.8244 5.0000
    endloop
  endfacet
  facet normal -0.587785 0.809017 0.000000
    outer loop
      vertex -0.6180 -10.0979 0.0000
      vertex -1.6180 -10.8244 5.0000
      vertex -0.6180 -10.0979 5.0000
    endloop
  endfacet
  facet normal 0.000000 0.000000 1.000000
    outer loop
      vertex -0.0000 -12.0000 5.0000
      vertex -0.6180 -10.0979 5.0000
      vertex -1.6180 -10.8244 5.0000
    endloop
  endfacet
  facet normal 0.000000 0.000000 -1.000000
    outer loop
      vertex -0.0000 -12.0000 0.0000
      vertex -1.6180 -10.8244 0.0000
      vertex -0.6180 -10.0979 0.0000
    endloop
  endfacet
  facet normal -0.951057 0.309017 0.000000
    outer loop
      vertex -1.6180 -10.8244 0.0000
      vertex -2.0000 -12.0000 0.0000
      vertex -2.0000 -12.0000 5.0000
    endloop
  endfacet
  facet normal -0.951057 0.309017 0.000000
    outer loop
      vertex -1.6180 -10.8244 0.0000
      vertex -2.0000 -12.0000 5.0000
      vertex -1.6180 -10.8244 5.0000
    endloop
  endfacet
  facet normal 0.000000 0.000000 1.000000
    outer loop
      vertex -0.0000 -12.0000 5.0000
      vertex -1.6180 -10.8244 5.0000
      vertex -2.0000 -12.0000 5.0000
    endloop
  endfacet
  facet normal 0.000000 0.000000 -1.000000
    outer loop
      vertex -0.0000 -12.0000 0.0000
      vertex -2.0000 -12.0000 0.0000
      vertex -1.6180 -10.8244 0.0000
    endloop
  endfacet
  facet normal -0.951057 -0.309017 0.000000
    outer loop
      vertex -2.0000 -12.0000 0.0000
      vertex -1.6180 -13.1756 0.0000
      vertex -1.6180 -13.1756 5.0000
    endloop
  endfacet
  facet normal -0.951057 -0.309017 0.000000
    outer loop
      vertex -2.0000 -12.0000 0.0000
      vertex -1.6180 -13.1756 5.0000
      vertex -2.0000 -12.0000 5.0000
    endloop
  endfacet
  facet normal 0.000000 0.000000 1.000000
    outer loop
      vertex -0.0000 -12.0000 5.0000
      vertex -2.0000 -12.0000 5.0000
      vertex -1.6180 -13.1756 5.0000
    endloop
  endfacet
  facet normal 0.000000 0.000000 -1.000000
    outer loop
      vertex -0.0000 -12.0000 0.0000
      vertex -1.6180 -13.1756 0.0000
      vertex -2.0000 -12.0000 0.0000
    endloop
  endfacet
  facet normal -0.587785 -0.809017 0.000000
    outer loop
      vertex -1.6180 -13.1756 0.0000
      vertex -0.6180 -13.9021 0.0000
      vertex -0.6180 -13.9021 5.0000
    endloop
  endfacet
  facet normal -0.587785 -0.809017 0.000000
    outer loop
      vertex -1.6180 -13.1756 0.0000
      vertex -0.6180 -13.9021 5.0000
      vertex -1.6180 -13.1756 5.0000
    endloop
  endfacet
  facet normal 0.000000 0.000000 1.000000
    outer loop
      vertex -0.0000 -12.0000 5.0000
      vertex -1.6180 -13.1756 5.0000
      vertex -0.6180 -13.9021 5.0000
    endloop
  endfacet
  facet normal 0.000000 0.000000 -1.000000
    outer loop
      vertex -0.0000 -12.0000 0.0000
      vertex -0.6180 -13.9021 0.0000
      vertex -1.6180 -13.1756 0.0000
    endloop
  endfacet
  facet normal -0.000000 -1.000000 0.000000
    outer loop
      vertex -0.6180 -13.9021 0.0000
      vertex 0.6180 -13.9021 0.0000
      vertex 0.6180 -13.9021 5.0000
    endloop
  endfacet
  facet normal -0.000000 -1.000000 0.000000
    outer loop
      vertex -0.6180 -13.9021 0.0000
      vertex 0.6180 -13.9021 5.0000
      vertex -0.6180 -13.9021 5.0000
    endloop
  endfacet
  facet normal 0.000000 0.000000 1.000000
    outer loop
      vertex -0.0000 -12.0000 5.0000
      vertex -0.6180 -13.9021 5.0000
      vertex 0.6180 -13.9021 5.0000
    endloop
  endfacet
  facet normal 0.000000 0.000000 -1.000000
    outer loop
      vertex -0.0000 -12.0000 0.0000
      vertex 0.6180 -13.9021 0.0000
      vertex -0.6180 -13.9021 0.0000
    endloop
  endfacet
  facet normal 0.587785 -0.809017 0.000000
    outer loop
      vertex 0.6180 -13.9021 0.0000
      vertex 1.6180 -13.1756 0.0000
      vertex 1.6180 -13.1756 5.0000
    endloop
  endfacet
  facet normal 0.587785 -0.809017 0.000000
    outer loop
      vertex 0.6180 -13.9021 0.0000
      vertex 1.6180 -13.1756 5.0000
      vertex 0.6180 -13.9021 5.0000
    endloop
  endfacet
  facet normal 0.000000 0.000000 1.000000
    outer loop
      vertex -0.0000 -12.0000 5.0000
      vertex 0.6180 -13.9021 5.0000
      vertex 1.6180 -13.1756 5.0000
    endloop
  endfacet
  facet normal 0.000000 0.000000 -1.000000
    outer loop
      vertex -0.0000 -12.0000 0.0000
      vertex 1.6180 -13.1756 0.0000
      vertex 0.6180 -13.9021 0.0000
    endloop
  endfacet
  facet normal 0.951057 -0.309017 0.000000
    outer loop
      vertex 1.6180 -13.1756 0.0000
      vertex 2.0000 -12.0000 0.0000
      vertex 2.0000 -12.0000 5.0000
    endloop
  endfacet
  facet normal 0.951057 -0.309017 0.000000
    outer loop
      vertex 1.6180 -13.1756 0.0000
      vertex 2.0000 -12.0000 5.0000
      vertex 1.6180 -13.1756 5.0000
    endloop
  endfacet
  facet normal 0.000000 0.000000 1.000000
    outer loop
      vertex -0.0000 -12.0000 5.0000
      vertex 1.6180 -13.1756 5.0000
      vertex 2.0000 -12.0000 5.0000
    endloop
  endfacet
  facet normal 0.000000 0.000000 -1.000000
    outer loop
      vertex -0.0000 -12.0000 0.0000
      vertex 2.0000 -12.0000 0.0000
      vertex 1.6180 -13.1756 0.0000
    endloop
  endfacet
  facet normal 0.000000 0.000000 -1.000000
    outer loop
      vertex 4.0000 -18.0000 4.0000
      vertex 18.0000 -18.0000 4.0000
      vertex 18.0000 -12.0000 4.0000
    endloop
  endfacet
  facet normal 0.000000 0.000000 -1.000000
    outer loop
      vertex 4.0000 -18.0000 4.0000
      vertex 18.0000 -12.0000 4.0000
      vertex 4.0000 -12.0000 4.0000
    endloop
  endfacet
  facet normal 0.000000 0.000000 1.000000
    outer loop
      vertex 4.0000 -18.0000 10.0000
      vertex 18.0000 -12.0000 10.0000
      vertex 18.0000 -18.0000 10.0000
    endloop
  endfacet
  facet normal 0.000000 0.000000 1.000000
    outer loop
      vertex 4.0000 -18.0000 10.0000
      vertex 4.0000 -12.0000 10.0000
      vertex 18.0000 -12.0000 10.0000
    endloop
  endfacet
  facet normal 0.000000 -1.000000 0.000000
    outer loop
      vertex 4.0000 -18.0000 4.0000
      vertex 4.0000 -18.0000 10.0000
      vertex 18.0000 -18.0000 10.0000
    endloop
  endfacet
  facet normal 0.000000 -1.000000 0.000000
    outer loop
      vertex 4.0000 -18.0000 4.0000
      vertex 18.0000 -18.0000 10.0000
      vertex 18.0000 -18.0000 4.0000
    endloop
  endfacet
  facet normal 0.000000 1.000000 0.000000
    outer loop
      vertex 18.0000 -12.0000 4.0000
      vertex 18.0000 -12.0000 10.0000
      vertex 4.0000 -12.0000 10.0000
    endloop
  endfacet
  facet normal 0.000000 1.000000 0.000000
    outer loop
      vertex 18.0000 -12.0000 4.0000
      vertex 4.0000 -12.0000 10.0000
      vertex 4.0000 -12.0000 4.0000
    endloop
  endfacet
  facet normal -1.000000 0.000000 0.000000
    outer loop
      vertex 4.0000 -18.0000 4.0000
      vertex 4.0000 -12.0000 4.0000
      vertex 4.0000 -12.0000 10.0000
    endloop
  endfacet
  facet normal -1.000000 0.000000 0.000000
    outer loop
      vertex 4.0000 -18.0000 4.0000
      vertex 4.0000 -12.0000 10.0000
      vertex 4.0000 -18.0000 10.0000
    endloop
  endfacet
  facet normal 1.000000 0.000000 0.000000
    outer loop
      vertex 18.0000 -18.0000 4.0000
      vertex 18.0000 -18.0000 10.0000
      vertex 18.0000 -12.0000 10.0000
    endloop
  endfacet
  facet normal 1.000000 0.000000 0.000000
    outer loop
      vertex 18.0000 -18.0000 4.0000
      vertex 18.0000 -12.0000 10.0000
      vertex 18.0000 -12.0000 4.0000
    endloop
  endfacet
  facet normal 0.951057 0.309017 0.000000
    outer loop
      vertex 14.0000 -15.0000 4.0000
      vertex 13.4271 -13.2366 4.0000
      vertex 13.4271 -13.2366 10.0000
    endloop
  endfacet
  facet normal 0.951057 0.309017 0.000000
    outer loop
      vertex 14.0000 -15.0000 4.0000
      vertex 13.4271 -13.2366 10.0000
      vertex 14.0000 -15.0000 10.0000
    endloop
  endfacet
  facet normal 0.000000 0.000000 1.000000
    outer loop
      vertex 11.0000 -15.0000 10.0000
      vertex 14.0000 -15.0000 10.0000
      vertex 13.4271 -13.2366 10.0000
    endloop
  endfacet
  facet normal 0.000000 0.000000 -1.000000
    outer loop
      vertex 11.0000 -15.0000 4.0000
      vertex 13.4271 -13.2366 4.0000
      vertex 14.0000 -15.0000 4.0000
    endloop
  endfacet
  facet normal 0.587785 0.809017 0.000000
    outer loop
      vertex 13.4271 -13.2366 4.0000
      vertex 11.9271 -12.1468 4.0000
      vertex 11.9271 -12.1468 10.0000
    endloop
  endfacet
  facet normal 0.587785 0.809017 0.000000
    outer loop
      vertex 13.4271 -13.2366 4.0000
      vertex 11.9271 -12.1468 10.0000
      vertex 13.4271 -13.2366 10.0000
    endloop
  endfacet
  facet normal 0.000000 0.000000 1.000000
    outer loop
      vertex 11.0000 -15.0000 10.0000
      vertex 13.4271 -13.2366 10.0000
      vertex 11.9271 -12.1468 10.0000
    endloop
  endfacet
  facet normal 0.000000 0.000000 -1.000000
    outer loop
      vertex 11.0000 -15.0000 4.0000
      vertex 11.9271 -12.1468 4.0000
      vertex 13.4271 -13.2366 4.0000
    endloop
  endfacet
  facet normal 0.000000 1.000000 0.000000
    outer loop
      vertex 11.9271 -12.1468 4.0000
      vertex 10.0729 -12.1468 4.0000
      vertex 10.0729 -12.1468 10.0000
    endloop
  endfacet
  facet normal 0.000000 1.000000 0.000000
    outer loop
      vertex 11.9271 -12.1468 4.0000
      vertex 10.0729 -12.1468 10.0000
      vertex 11.9271 -12.1468 10.0000
    endloop
  endfacet
  facet normal 0.000000 0.000000 1.000000
    outer loop
      vertex 11.0000 -15.0000 10.0000
      vertex 11.9271 -12.1468 10.0000
      vertex 10.0729 -12.1468 10.0000
    endloop
  endfacet
  facet normal 0.000000 0.000000 -1.000000
    outer loop
      vertex 11.0000 -15.0000 4.0000
      vertex 10.0729 -12.1468 4.0000
      vertex 11.9271 -12.1468 4.0000
    endloop
  endfacet
  facet normal -0.587785 0.809017 0.000000
    outer loop
      vertex 10.0729 -12.1468 4.0000
      vertex 8.5729 -13.2366 4.0000
      vertex 8.5729 -13.2366 10.0000
    endloop
  endfacet
  facet normal -0.587785 0.809017 0.000000
    outer loop
      vertex 10.0729 -12.1468 4.0000
      vertex 8.5729 -13.2366 10.0000
      vertex 10.0729 -12.1468 10.0000
    endloop
  endfacet
  facet normal 0.000000 0.000000 1.000000
    outer loop
      vertex 11.0000 -15.0000 10.0000
      vertex 10.0729 -12.1468 10.0000
      vertex 8.5729 -13.2366 10.0000
    endloop
  endfacet
  facet normal 0.000000 0.000000 -1.000000
    outer loop
      vertex 11.0000 -15.0000 4.0000
      vertex 8.5729 -13.2366 4.0000
      vertex 10.0729 -12.1468 4.0000
    endloop
  endfacet
  facet normal -0.951057 0.309017 0.000000
    outer loop
      vertex 8.5729 -13.2366 4.0000
      vertex 8.0000 -15.0000 4.0000
      vertex 8.0000 -15.0000 10.0000
    endloop
  endfacet
  facet normal -0.951057 0.309017 0.000000
    outer loop
      vertex 8.5729 -13.2366 4.0000
      vertex 8.0000 -15.0000 10.0000
      vertex 8.5729 -13.2366 10.0000
    endloop
  endfacet
  facet normal 0.000000 0.000000 1.000000
    outer loop
      vertex 11.0000 -15.0000 10.0000
      vertex 8.5729 -13.2366 10.0000
      vertex 8.0000 -15.0000 10.0000
    endloop
  endfacet
  facet normal 0.000000 0.000000 -1.000000
    outer loop
      vertex 11.0000 -15.0000 4.0000
      vertex 8.0000 -15.0000 4.0000
      vertex 8.5729 -13.2366 4.0000
    endloop
  endfacet
  facet normal -0.951057 -0.309017 0.000000
    outer loop
      vertex 8.0000 -15.0000 4.0000
      vertex 8.5729 -16.7634 4.0000
      vertex 8.5729 -16.7634 10.0000
    endloop
  endfacet
  facet normal -0.951057 -0.309017 0.000000
    outer loop
      vertex 8.0000 -15.0000 4.0000
      vertex 8.5729 -16.7634 10.0000
      vertex 8.0000 -15.0000 10.0000
    endloop
  endfacet
  facet normal 0.000000 0.000000 1.000000
    outer loop
      vertex 11.0000 -15.0000 10.0000
      vertex 8.0000 -15.0000 10.0000
      vertex 8.5729 -16.7634 10.0000
    endloop
  endfacet
  facet normal 0.000000 0.000000 -1.000000
    outer loop
      vertex 11.0000 -15.0000 4.0000
      vertex 8.5729 -16.7634 4.0000
      vertex 8.0000 -15.0000 4.0000
    endloop
  endfacet
  facet normal -0.587785 -0.809017 0.000000
    outer loop
      vertex 8.5729 -16.7634 4.0000
      vertex 10.0729 -17.8532 4.0000
      vertex 10.0729 -17.8532 10.0000
    endloop
  endfacet
  facet normal -0.587785 -0.809017 0.000000
    outer loop
      vertex 8.5729 -16.7634 4.0000
      vertex 10.0729 -17.8532 10.0000
      vertex 8.5729 -16.7634 10.0000
    endloop
  endfacet
  facet normal 0.000000 0.000000 1.000000
    outer loop
      vertex 11.0000 -15.0000 10.0000
      vertex 8.5729 -16.7634 10.0000
      vertex 10.0729 -17.8532 10.0000
    endloop
  endfacet
  facet normal 0.000000 0.000000 -1.000000
    outer loop
      vertex 11.0000 -15.0000 4.0000
      vertex 10.0729 -17.8532 4.0000
      vertex 8.5729 -16.7634 4.0000
    endloop
  endfacet
  facet normal -0.000000 -1.000000 0.000000
    outer loop
      vertex 10.0729 -17.8532 4.0000
      vertex 11.9271 -17.8532 4.0000
      vertex 11.9271 -17.8532 10.0000
    endloop
  endfacet
  facet normal -0.000000 -1.000000 0.000000
    outer loop
      vertex 10.0729 -17.8532 4.0000
      vertex 11.9271 -17.8532 10.0000
      vertex 10.0729 -17.8532 10.0000
    endloop
  endfacet
  facet normal 0.000000 0.000000 1.000000
    outer loop
      vertex 11.0000 -15.0000 10.0000
      vertex 10.0729 -17.8532 10.0000
      vertex 11.9271 -17.8532 10.0000
    endloop
  endfacet
  facet normal 0.000000 0.000000 -1.000000
    outer loop
      vertex 11.0000 -15.0000 4.0000
      vertex 11.9271 -17.8532 4.0000
      vertex 10.0729 -17.8532 4.0000
    endloop
  endfacet
  facet normal 0.587785 -0.809017 0.000000
    outer loop
      vertex 11.9271 -17.8532 4.0000
      vertex 13.4271 -16.7634 4.0000
      vertex 13.4271 -16.7634 10.0000
    endloop
  endfacet
  facet normal 0.587785 -0.809017 0.000000
    outer loop
      vertex 11.9271 -17.8532 4.0000
      vertex 13.4271 -16.7634 10.0000
      vertex 11.9271 -17.8532 10.0000
    endloop
  endfacet
  facet normal 0.000000 0.000000 1.000000
    outer loop
      vertex 11.0000 -15.0000 10.0000
      vertex 11.9271 -17.8532 10.0000
      vertex 13.4271 -16.7634 10.0000
    endloop
  endfacet
  facet normal 0.000000 0.000000 -1.000000
    outer loop
      vertex 11.0000 -15.0000 4.0000
      vertex 13.4271 -16.7634 4.0000
      vertex 11.9271 -17.8532 4.0000
    endloop
  endfacet
  facet normal 0.951057 -0.309017 0.000000
    outer loop
      vertex 13.4271 -16.7634 4.0000
      vertex 14.0000 -15.0000 4.0000
      vertex 14.0000 -15.0000 10.0000
    endloop
  endfacet
  facet normal 0.951057 -0.309017 0.000000
    outer loop
      vertex 13.4271 -16.7634 4.0000
      vertex 14.0000 -15.0000 10.0000
      vertex 13.4271 -16.7634 10.0000
    endloop
  endfacet
  facet normal 0.000000 0.000000 1.000000
    outer loop
      vertex 11.0000 -15.0000 10.0000
      vertex 13.4271 -16.7634 10.0000
      vertex 14.0000 -15.0000 10.0000
    endloop
  endfacet
  facet normal 0.000000 0.000000 -1.000000
    outer loop
      vertex 11.0000 -15.0000 4.0000
      vertex 14.0000 -15.0000 4.0000
      vertex 13.4271 -16.7634 4.0000
    endloop
  endfacet
endsolid adapter
