solid adapter
  facet normal 0.991445 0.130526 0.000000
    outer loop
      vertex 18.0000 0.0000 0.0000
      vertex 17.3867 4.6587 0.0000
      vertex 17.3867 4.6587 3.0000
    endloop
  endfacet
  facet normal 0.991445 0.130526 0.000000
    outer loop
      vertex 18.0000 0.0000 0.0000
      vertex 17.3867 4.6587 3.0000
      vertex 18.0000 0.0000 3.0000
    endloop
  endfacet
  facet normal 0.000000 0.000000 1.000000
    outer loop
      vertex 0.0000 0.0000 3.0000
      vertex 18.0000 0.0000 3.0000
      vertex 17.3867 4.6587 3.0000
    endloop
  endfacet
  facet normal 0.000000 0.000000 -1.000000
    outer loop
      vertex 0.0000 0.0000 0.0000
      vertex 17.3867 4.6587 0.0000
      vertex 18.0000 0.0000 0.0000
    endloop
  endfacet
  facet normal 0.923880 0.382683 0.000000
    outer loop
      vertex 17.3867 4.6587 0.0000
      vertex 15.5885 9.0000 0.0000
      vertex 15.5885 9.0000 3.0000
    endloop
  endfacet
  facet normal 0.923880 0.382683 0.000000
    outer loop
      vertex 17.3867 4.6587 0.0000
      vertex 15.5885 9.0000 3.0000
      vertex 17.3867 4.6587 3.0000
    endloop
  endfacet
  facet normal 0.000000 0.000000 1.000000
    outer loop
      vertex 0.0000 0.0000 3.0000
      vertex 17.3867 4.6587 3.0000
      vertex 15.5885 9.0000 3.0000
    endloop
  endfacet
  facet normal 0.000000 0.000000 -1.000000
    outer loop
      vertex 0.0000 0.0000 0.0000
      vertex 15.5885 9.0000 0.0000
      vertex 17.3867 4.6587 0.0000
    endloop
  endfacet
  facet normal 0.793353 0.608761 0.000000
    outer loop
      vertex 15.5885 9.0000 0.0000
      vertex 12.7279 12.7279 0.0000
      vertex 12.7279 12.7279 3.0000
    endloop
  endfacet
  facet normal 0.793353 0.608761 0.000000
    outer loop
      vertex 15.5885 9.0000 0.0000
      vertex 12.7279 12.7279 3.0000
      vertex 15.5885 9.0000 3.0000
    endloop
  endfacet
  facet normal 0.000000 0.000000 1.000000
    outer loop
      vertex 0.0000 0.0000 3.0000
      vertex 15.5885 9.0000 3.0000
      vertex 12.7279 12.7279 3.0000
    endloop
  endfacet
  facet normal 0.000000 0.000000 -1.000000
    outer loop
      vertex 0.0000 0.0000 0.0000
      vertex 12.7279 12.7279 0.0000
      vertex 15.5885 9.0000 0.0000
    endloop
  endfacet
  facet normal 0.608761 0.793353 0.000000
    outer loop
      vertex 12.7279 12.7279 0.0000
      vertex 9.0000 15.5885 0.0000
      vertex 9.0000 15.5885 3.0000
    endloop
  endfacet
  facet normal 0.608761 0.793353 0.000000
    outer loop
      vertex 12.7279 12.7279 0.0000
      vertex 9.0000 15.5885 3.0000
      vertex 12.7279 12.7279 3.0000
    endloop
  endfacet
  facet normal 0.000000 0.000000 1.000000
    outer loop
      vertex 0.0000 0.0000 3.0000
      vertex 12.7279 12.7279 3.0000
      vertex 9.0000 15.5885 3.0000
    endloop
  endfacet
  facet normal 0.000000 0.000000 -1.000000
    outer loop
      vertex 0.0000 0.0000 0.0000
      vertex 9.0000 15.5885 0.0000
      vertex 12.7279 12.7279 0.0000
    endloop
  endfacet
  facet normal 0.382683 0.923880 0.000000
    outer loop
      vertex 9.0000 15.5885 0.0000
      vertex 4.6587 17.3867 0.0000
      vertex 4.6587 17.3867 3.0000
    endloop
  endfacet
  facet normal 0.382683 0.923880 0.000000
    outer loop
      vertex 9.0000 15.5885 0.0000
      vertex 4.6587 17.3867 3.0000
      vertex 9.0000 15.5885 3.0000
    endloop
  endfacet
  facet normal 0.000000 0.000000 1.000000
    outer loop
      vertex 0.0000 0.0000 3.0000
      vertex 9.0000 15.5885 3.0000
      vertex 4.6587 17.3867 3.0000
    endloop
  endfacet
  facet normal 0.000000 0.000000 -1.000000
    outer loop
      vertex 0.0000 0.0000 0.0000
      vertex 4.6587 17.3867 0.0000
      vertex 9.0000 15.5885 0.0000
    endloop
  endfacet
  facet normal 0.130526 0.991445 0.000000
    outer loop
      vertex 4.6587 17.3867 0.0000
      vertex 0.0000 18.0000 0.0000
      vertex 0.0000 18.0000 3.0000
    endloop
  endfacet
  facet normal 0.130526 0.991445 0.000000
    outer loop
      vertex 4.6587 17.3867 0.0000
      vertex 0.0000 18.0000 3.0000
      vertex 4.6587 17.3867 3.0000
    endloop
  endfacet
  facet normal 0.000000 0.000000 1.000000
    outer loop
      vertex 0.0000 0.0000 3.0000
      vertex 4.6587 17.3867 3.0000
      vertex 0.0000 18.0000 3.0000
    endloop
  endfacet
  facet normal 0.000000 0.000000 -1.000000
    outer loop
      vertex 0.0000 0.0000 0.0000
      vertex 0.0000 18.0000 0.0000
      vertex 4.6587 17.3867 0.0000
    endloop
  endfacet
  facet normal -0.130526 0.991445 0.000000
    outer loop
      vertex 0.0000 18.0000 0.0000
      vertex -4.6587 17.3867 0.0000
      vertex -4.6587 17.3867 3.0000
    endloop
  endfacet
  facet normal -0.130526 0.991445 0.000000
    outer loop
      vertex 0.0000 18.0000 0.0000
      vertex -4.6587 17.3867 3.0000
      vertex 0.0000 18.0000 3.0000
    endloop
  endfacet
  facet normal 0.000000 0.000000 1.000000
    outer loop
      vertex 0.0000 0.0000 3.0000
      vertex 0.0000 18.0000 3.0000
      vertex -4.6587 17.3867 3.0000
    endloop
  endfacet
  facet normal 0.000000 0.000000 -1.000000
    outer loop
      vertex 0.0000 0.0000 0.0000
      vertex -4.6587 17.3867 0.0000
      vertex 0.0000 18.0000 0.0000
    endloop
  endfacet
  facet normal -0.382683 0.923880 0.000000
    outer loop
      vertex -4.6587 17.3867 0.0000
      vertex -9.0000 15.5885 0.0000
      vertex -9.0000 15.5885 3.0000
    endloop
  endfacet
  facet normal -0.382683 0.923880 0.000000
    outer loop
      vertex -4.6587 17.3867 0.0000
      vertex -9.0000 15.5885 3.0000
      vertex -4.6587 17.3867 3.0000
    endloop
  endfacet
  facet normal 0.000000 0.000000 1.000000
    outer loop
      vertex 0.0000 0.0000 3.0000
      vertex -4.6587 17.3867 3.0000
      vertex -9.0000 15.5885 3.0000
    endloop
  endfacet
  facet normal 0.000000 0.000000 -1.000000
    outer loop
      vertex 0.0000 0.0000 0.0000
      vertex -9.0000 15.5885 0.0000
      vertex -4.6587 17.3867 0.0000
    endloop
  endfacet
  facet normal -0.608761 0.793353 0.000000
    outer loop
      vertex -9.0000 15.5885 0.0000
      vertex -12.7279 12.7279 0.0000
      vertex -12.7279 12.7279 3.0000
    endloop
  endfacet
  facet normal -0.608761 0.793353 0.000000
    outer loop
      vertex -9.0000 15.5885 0.0000
      vertex -12.7279 12.7279 3.0000
      vertex -9.0000 15.5885 3.0000
    endloop
  endfacet
  facet normal 0.000000 0.000000 1.000000
    outer loop
      vertex 0.0000 0.0000 3.0000
      vertex -9.0000 15.5885 3.0000
      vertex -12.7279 12.7279 3.0000
    endloop
  endfacet
  facet normal 0.000000 0.000000 -1.000000
    outer loop
      vertex 0.0000 0.0000 0.0000
      vertex -12.7279 12.7279 0.0000
      vertex -9.0000 15.5885 0.0000
    endloop
  endfacet
  facet normal -0.793353 0.608761 0.000000
    outer loop
      vertex -12.7279 12.7279 0.0000
      vertex -15.5885 9.0000 0.0000
      vertex -15.5885 9.0000 3.0000
    endloop
  endfacet
  facet normal -0.793353 0.608761 0.000000
    outer loop
      vertex -12.7279 12.7279 0.0000
      vertex -15.5885 9.0000 3.0000
      vertex -12.7279 12.7279 3.0000
    endloop
  endfacet
  facet normal 0.000000 0.000000 1.000000
    outer loop
      vertex 0.0000 0.0000 3.0000
      vertex -12.7279 12.7279 3.0000
      vertex -15.5885 9.0000 3.0000
    endloop
  endfacet
  facet normal 0.000000 0.000000 -1.000000
    outer loop
      vertex 0.0000 0.0000 0.0000
      vertex -15.5885 9.0000 0.0000
      vertex -12.7279 12.7279 0.0000
    endloop
  endfacet
  facet normal -0.923880 0.382683 0.000000
    outer loop
      vertex -15.5885 9.0000 0.0000
      vertex -17.3867 4.6587 0.0000
      vertex -17.3867 4.6587 3.0000
    endloop
  endfacet
  facet normal -0.923880 0.382683 0.000000
    outer loop
      vertex -15.5885 9.0000 0.0000
      vertex -17.3867 4.6587 3.0000
      vertex -15.5885 9.0000 3.0000
    endloop
  endfacet
  facet normal 0.000000 0.000000 1.000000
    outer loop
      vertex 0.0000 0.0000 3.0000
      vertex -15.5885 9.0000 3.0000
      vertex -17.3867 4.6587 3.0000
    endloop
  endfacet
  facet normal 0.000000 0.000000 -1.000000
    outer loop
      vertex 0.0000 0.0000 0.0000
      vertex -17.3867 4.6587 0.0000
      vertex -15.5885 9.0000 0.0000
    endloop
  endfacet
  facet normal -0.991445 0.130526 0.000000
    outer loop
      vertex -17.3867 4.6587 0.0000
      vertex -18.0000 0.0000 0.0000
      vertex -18.0000 0.0000 3.0000
    endloop
  endfacet
  facet normal -0.991445 0.130526 0.000000
    outer loop
      vertex -17.3867 4.6587 0.0000
      vertex -18.0000 0.0000 3.0000
      vertex -17.3867 4.6587 3.0000
    endloop
  endfacet
  facet normal 0.000000 0.000000 1.000000
    outer loop
      vertex 0.0000 0.0000 3.0000
      vertex -17.3867 4.6587 3.0000
      vertex -18.0000 0.0000 3.0000
    endloop
  endfacet
  facet normal 0.000000 0.000000 -1.000000
    outer loop
      vertex 0.0000 0.0000 0.0000
      vertex -18.0000 0.0000 0.0000
      vertex -17.3867 4.6587 0.0000
    endloop
  endfacet
  facet normal -0.991445 -0.130526 0.000000
    outer loop
      vertex -18.0000 0.0000 0.0000
      vertex -17.3867 -4.6587 0.0000
      vertex -17.3867 -4.6587 3.0000
    endloop
  endfacet
  facet normal -0.991445 -0.130526 0.000000
    outer loop
      vertex -18.0000 0.0000 0.0000
      vertex -17.3867 -4.6587 3.0000
      vertex -18.0000 0.0000 3.0000
    endloop
  endfacet
  facet normal 0.000000 0.000000 1.000000
    outer loop
      vertex 0.0000 0.0000 3.0000
      vertex -18.0000 0.0000 3.0000
      vertex -17.3867 -4.6587 3.0000
    endloop
  endfacet
  facet normal 0.000000 0.000000 -1.000000
    outer loop
      vertex 0.0000 0.0000 0.0000
      vertex -17.3867 -4.6587 0.0000
      vertex -18.0000 0.0000 0.0000
    endloop
  endfacet
  facet normal -0.923880 -0.382683 0.000000
    outer loop
      vertex -17.3867 -4.6587 0.0000
      vertex -15.5885 -9.0000 0.0000
      vertex -15.5885 -9.0000 3.0000
    endloop
  endfacet
  facet normal -0.923880 -0.382683 0.000000
    outer loop
      vertex -17.3867 -4.6587 0.0000
      vertex -15.5885 -9.0000 3.0000
      vertex -17.3867 -4.6587 3.0000
    endloop
  endfacet
  facet normal 0.000000 0.000000 1.000000
    outer loop
      vertex 0.0000 0.0000 3.0000
      vertex -17.3867 -4.6587 3.0000
      vertex -15.5885 -9.0000 3.0000
    endloop
  endfacet
  facet normal 0.000000 0.000000 -1.000000
    outer loop
      vertex 0.0000 0.0000 0.0000
      vertex -15.5885 -9.0000 0.0000
      vertex -17.3867 -4.6587 0.0000
    endloop
  endfacet
  facet normal -0.793353 -0.608761 0.000000
    outer loop
      vertex -15.5885 -9.0000 0.0000
      vertex -12.7279 -12.7279 0.0000
      vertex -12.7279 -12.7279 3.0000
    endloop
  endfacet
  facet normal -0.793353 -0.608761 0.000000
    outer loop
      vertex -15.5885 -9.0000 0.0000
      vertex -12.7279 -12.7279 3.0000
      vertex -15.5885 -9.0000 3.0000
    endloop
  endfacet
  facet normal 0.000000 0.000000 1.000000
    outer loop
      vertex 0.0000 0.0000 3.0000
      vertex -15.5885 -9.0000 3.0000
      vertex -12.7279 -12.7279 3.0000
    endloop
  endfacet
  facet normal 0.000000 0.000000 -1.000000
    outer loop
      vertex 0.0000 0.0000 0.0000
      vertex -12.7279 -12.7279 0.0000
      vertex -15.5885 -9.0000 0.0000
    endloop
  endfacet
  facet normal -0.608761 -0.793353 0.000000
    outer loop
      vertex -12.7279 -12.7279 0.0000
      vertex -9.0000 -15.5885 0.0000
      vertex -9.0000 -15.5885 3.0000
    endloop
  endfacet
  facet normal -0.608761 -0.793353 0.000000
    outer loop
      vertex -12.7279 -12.7279 0.0000
      vertex -9.0000 -15.5885 3.0000
      vertex -12.7279 -12.7279 3.0000
    endloop
  endfacet
  facet normal 0.000000 0.000000 1.000000
    outer loop
      vertex 0.0000 0.0000 3.0000
      vertex -12.7279 -12.7279 3.0000
      vertex -9.0000 -15.5885 3.0000
    endloop
  endfacet
  facet normal 0.000000 0.000000 -1.000000
    outer loop
      vertex 0.0000 0.0000 0.0000
      vertex -9.0000 -15.5885 0.0000
      vertex -12.7279 -12.7279 0.0000
    endloop
  endfacet
  facet normal -0.382683 -0.923880 0.000000
    outer loop
      vertex -9.0000 -15.5885 0.0000
      vertex -4.6587 -17.3867 0.0000
      vertex -4.6587 -17.3867 3.0000
    endloop
  endfacet
  facet normal -0.382683 -0.923880 0.000000
    outer loop
      vertex -9.0000 -15.5885 0.0000
      vertex -4.6587 -17.3867 3.0000
      vertex -9.0000 -15.5885 3.0000
    endloop
  endfacet
  facet normal 0.000000 0.000000 1.000000
    outer loop
      vertex 0.0000 0.0000 3.0000
      vertex -9.0000 -15.5885 3.0000
      vertex -4.6587 -17.3867 3.0000
    endloop
  endfacet
  facet normal 0.000000 0.000000 -1.000000
    outer loop
      vertex 0.0000 0.0000 0.0000
      vertex -4.6587 -17.3867 0.0000
      vertex -9.0000 -15.5885 0.0000
    endloop
  endfacet
  facet normal -0.130526 -0.991445 0.000000
    outer loop
      vertex -4.6587 -17.3867 0.0000
      vertex -0.0000 -18.0000 0.0000
      vertex -0.0000 -18.0000 3.0000
    endloop
  endfacet
  facet normal -0.130526 -0.991445 0.000000
    outer loop
      vertex -4.6587 -17.3867 0.0000
      vertex -0.0000 -18.0000 3.0000
      vertex -4.6587 -17.3867 3.0000
    endloop
  endfacet
  facet normal 0.000000 0.000000 1.000000
    outer loop
      vertex 0.0000 0.0000 3.0000
      vertex -4.6587 -17.3867 3.0000
      vertex -0.0000 -18.0000 3.0000
    endloop
  endfacet
  facet normal 0.000000 0.000000 -1.000000
    outer loop
      vertex 0.0000 0.0000 0.0000
      vertex -0.0000 -18.0000 0.0000
      vertex -4.6587 -17.3867 0.0000
    endloop
  endfacet
  facet normal 0.130526 -0.991445 0.000000
    outer loop
      vertex -0.0000 -18.0000 0.0000
      vertex 4.6587 -17.3867 0.0000
      vertex 4.6587 -17.3867 3.0000
    endloop
  endfacet
  facet normal 0.130526 -0.991445 0.000000
    outer loop
      vertex -0.0000 -18.0000 0.0000
      vertex 4.6587 -17.3867 3.0000
      vertex -0.0000 -18.0000 3.0000
    endloop
  endfacet
  facet normal 0.000000 0.000000 1.000000
    outer loop
      vertex 0.0000 0.0000 3.0000
      vertex -0.0000 -18.0000 3.0000
      vertex 4.6587 -17.3867 3.0000
    endloop
  endfacet
  facet normal 0.000000 0.000000 -1.000000
    outer loop
      vertex 0.0000 0.0000 0.0000
      vertex 4.6587 -17.3867 0.0000
      vertex -0.0000 -18.0000 0.0000
    endloop
  endfacet
  facet normal 0.382683 -0.923880 0.000000
    outer loop
      vertex 4.6587 -17.3867 0.0000
      vertex 9.0000 -15.5885 0.0000
      vertex 9.0000 -15.5885 3.0000
    endloop
  endfacet
  facet normal 0.382683 -0.923880 0.000000
    outer loop
      vertex 4.6587 -17.3867 0.0000
      vertex 9.0000 -15.5885 3.0000
      vertex 4.6587 -17.3867 3.0000
    endloop
  endfacet
  facet normal 0.000000 0.000000 1.000000
    outer loop
      vertex 0.0000 0.0000 3.0000
      vertex 4.6587 -17.3867 3.0000
      vertex 9.0000 -15.5885 3.0000
    endloop
  endfacet
  facet normal 0.000000 0.000000 -1.000000
    outer loop
      vertex 0.0000 0.0000 0.0000
      vertex 9.0000 -15.5885 0.0000
      vertex 4.6587 -17.3867 0.0000
    endloop
  endfacet
  facet normal 0.608761 -0.793353 0.000000
    outer loop
      vertex 9.0000 -15.5885 0.0000
      vertex 12.7279 -12.7279 0.0000
      vertex 12.7279 -12.7279 3.0000
    endloop
  endfacet
  facet normal 0.608761 -0.793353 0.000000
    outer loop
      vertex 9.0000 -15.5885 0.0000
      vertex 12.7279 -12.7279 3.0000
      vertex 9.0000 -15.5885 3.0000
    endloop
  endfacet
  facet normal 0.000000 0.000000 1.000000
    outer loop
      vertex 0.0000 0.0000 3.0000
      vertex 9.0000 -15.5885 3.0000
      vertex 12.7279 -12.7279 3.0000
    endloop
  endfacet
  facet normal 0.000000 0.000000 -1.000000
    outer loop
      vertex 0.0000 0.0000 0.0000
      vertex 12.7279 -12.7279 0.0000
      vertex 9.0000 -15.5885 0.0000
    endloop
  endfacet
  facet normal 0.793353 -0.608761 0.000000
    outer loop
      vertex 12.7279 -12.7279 0.0000
      vertex 15.5885 -9.0000 0.0000
      vertex 15.5885 -9.0000 3.0000
    endloop
  endfacet
  facet normal 0.793353 -0.608761 0.000000
    outer loop
      vertex 12.7279 -12.7279 0.0000
      vertex 15.5885 -9.0000 3.0000
      vertex 12.7279 -12.7279 3.0000
    endloop
  endfacet
  facet normal 0.000000 0.000000 1.000000
    outer loop
      vertex 0.0000 0.0000 3.0000
      vertex 12.7279 -12.7279 3.0000
      vertex 15.5885 -9.0000 3.0000
    endloop
  endfacet
  facet normal 0.000000 0.000000 -1.000000
    outer loop
      vertex 0.0000 0.0000 0.0000
      vertex 15.5885 -9.0000 0.0000
      vertex 12.7279 -12.7279 0.0000
    endloop
  endfacet
  facet normal 0.923880 -0.382683 0.000000
    outer loop
      vertex 15.5885 -9.0000 0.0000
      vertex 17.3867 -4.6587 0.0000
      vertex 17.3867 -4.6587 3.0000
    endloop
  endfacet
  facet normal 0.923880 -0.382683 0.000000
    outer loop
      vertex 15.5885 -9.0000 0.0000
      vertex 17.3867 -4.6587 3.0000
      vertex 15.5885 -9.0000 3.0000
    endloop
  endfacet
  facet normal 0.000000 0.000000 1.000000
    outer loop
      vertex 0.0000 0.0000 3.0000
      vertex 15.5885 -9.0000 3.0000
      vertex 17.3867 -4.6587 3.0000
    endloop
  endfacet
  facet normal 0.000000 0.000000 -1.000000
    outer loop
      vertex 0.0000 0.0000 0.0000
      vertex 17.3867 -4.6587 0.0000
      vertex 15.5885 -9.0000 0.0000
    endloop
  endfacet
  facet normal 0.991445 -0.130526 0.000000
    outer loop
      vertex 17.3867 -4.6587 0.0000
      vertex 18.0000 -0.0000 0.0000
      vertex 18.0000 -0.0000 3.0000
    endloop
  endfacet
  facet normal 0.991445 -0.130526 0.000000
    outer loop
      vertex 17.3867 -4.6587 0.0000
      vertex 18.0000 -0.0000 3.0000
      vertex 17.3867 -4.6587 3.0000
    endloop
  endfacet
  facet normal 0.000000 0.000000 1.000000
    outer loop
      vertex 0.0000 0.0000 3.0000
      vertex 17.3867 -4.6587 3.0000
      vertex 18.0000 -0.0000 3.0000
    endloop
  endfacet
  facet normal 0.000000 0.000000 -1.000000
    outer loop
      vertex 0.0000 0.0000 0.0000
      vertex 18.0000 -0.0000 0.0000
      vertex 17.3867 -4.6587 0.0000
    endloop
  endfacet
  facet normal 0.951057 0.309017 0.000000
    outer loop
      vertex 14.0000 0.0000 0.0000
      vertex 13.6180 1.1756 0.0000
      vertex 13.6180 1.1756 4.0000
    endloop
  endfacet
  facet normal 0.951057 0.309017 0.000000
    outer loop
      vertex 14.0000 0.0000 0.0000
      vertex 13.6180 1.1756 4.0000
      vertex 14.0000 0.0000 4.0000
    endloop
  endfacet
  facet normal 0.000000 0.000000 1.000000
    outer loop
      vertex 12.0000 0.0000 4.0000
      vertex 14.0000 0.0000 4.0000
      vertex 13.6180 1.1756 4.0000
    endloop
  endfacet
  facet normal 0.000000 0.000000 -1.000000
    outer loop
      vertex 12.0000 0.0000 0.0000
      vertex 13.6180 1.1756 0.0000
      vertex 14.0000 0.0000 0.0000
    endloop
  endfacet
  facet normal 0.587785 0.809017 0.000000
    outer loop
      vertex 13.6180 1.1756 0.0000
      vertex 12.6180 1.9021 0.0000
      vertex 12.6180 1.9021 4.0000
    endloop
  endfacet
  facet normal 0.587785 0.809017 0.000000
    outer loop
      vertex 13.6180 1.1756 0.0000
      vertex 12.6180 1.9021 4.0000
      vertex 13.6180 1.1756 4.0000
    endloop
  endfacet
  facet normal 0.000000 0.000000 1.000000
    outer loop
      vertex 12.0000 0.0000 4.0000
      vertex 13.6180 1.1756 4.0000
      vertex 12.6180 1.9021 4.0000
    endloop
  endfacet
  facet normal 0.000000 0.000000 -1.000000
    outer loop
      vertex 12.0000 0.0000 0.0000
      vertex 12.6180 1.9021 0.0000
      vertex 13.6180 1.1756 0.0000
    endloop
  endfacet
  facet normal 0.000000 1.000000 0.000000
    outer loop
      vertex 12.6180 1.9021 0.0000
      vertex 11.3820 1.9021 0.0000
      vertex 11.3820 1.9021 4.0000
    endloop
  endfacet
  facet normal 0.000000 1.000000 0.000000
    outer loop
      vertex 12.6180 1.9021 0.0000
      vertex 11.3820 1.9021 4.0000
      vertex 12.6180 1.9021 4.0000
    endloop
  endfacet
  facet normal 0.000000 0.000000 1.000000
    outer loop
      vertex 12.0000 0.0000 4.0000
      vertex 12.6180 1.9021 4.0000
      vertex 11.3820 1.9021 4.0000
    endloop
  endfacet
  facet normal 0.000000 0.000000 -1.000000
    outer loop
      vertex 12.0000 0.0000 0.0000
      vertex 11.3820 1.9021 0.0000
      vertex 12.6180 1.9021 0.0000
    endloop
  endfacet
  facet normal -0.587785 0.809017 0.000000
    outer loop
      vertex 11.3820 1.9021 0.0000
      vertex 10.3820 1.1756 0.0000
      vertex 10.3820 1.1756 4.0000
    endloop
  endfacet
  facet normal -0.587785 0.809017 0.000000
    outer loop
      vertex 11.3820 1.9021 0.0000
      vertex 10.3820 1.1756 4.0000
      vertex 11.3820 1.9021 4.0000
    endloop
  endfacet
  facet normal 0.000000 0.000000 1.000000
    outer loop
      vertex 12.0000 0.0000 4.0000
      vertex 11.3820 1.9021 4.0000
      vertex 10.3820 1.1756 4.0000
    endloop
  endfacet
  facet normal 0.000000 0.000000 -1.000000
    outer loop
      vertex 12.0000 0.0000 0.0000
      vertex 10.3820 1.1756 0.0000
      vertex 11.3820 1.9021 0.0000
    endloop
  endfacet
  facet normal -0.951057 0.309017 0.000000
    outer loop
      vertex 10.3820 1.1756 0.0000
      vertex 10.0000 0.0000 0.0000
      vertex 10.0000 0.0000 4.0000
    endloop
  endfacet
  facet normal -0.951057 0.309017 0.000000
    outer loop
      vertex 10.3820 1.1756 0.0000
      vertex 10.0000 0.0000 4.0000
      vertex 10.3820 1.1756 4.0000
    endloop
  endfacet
  facet normal 0.000000 0.000000 1.000000
    outer loop
      vertex 12.0000 0.0000 4.0000
      vertex 10.3820 1.1756 4.0000
      vertex 10.0000 0.0000 4.0000
    endloop
  endfacet
  facet normal 0.000000 0.000000 -1.000000
    outer loop
      vertex 12.0000 0.0000 0.0000
      vertex 10.0000 0.0000 0.0000
      vertex 10.3820 1.1756 0.0000
    endloop
  endfacet
  facet normal -0.951057 -0.309017 0.000000
    outer loop
      vertex 10.0000 0.0000 0.0000
      vertex 10.3820 -1.1756 0.0000
      vertex 10.3820 -1.1756 4.0000
    endloop
  endfacet
  facet normal -0.951057 -0.309017 0.000000
    outer loop
      vertex 10.0000 0.0000 0.0000
      vertex 10.3820 -1.1756 4.0000
      vertex 10.0000 0.0000 4.0000
    endloop
  endfacet
  facet normal 0.000000 0.000000 1.000000
    outer loop
      vertex 12.0000 0.0000 4.0000
      vertex 10.0000 0.0000 4.0000
      vertex 10.3820 -1.1756 4.0000
    endloop
  endfacet
  facet normal 0.000000 0.000000 -1.000000
    outer loop
      vertex 12.0000 0.0000 0.0000
      vertex 10.3820 -1.1756 0.0000
      vertex 10.0000 0.0000 0.0000
    endloop
  endfacet
  facet normal -0.587785 -0.809017 0.000000
    outer loop
      vertex 10.3820 -1.1756 0.0000
      vertex 11.3820 -1.9021 0.0000
      vertex 11.3820 -1.9021 4.0000
    endloop
  endfacet
  facet normal -0.587785 -0.809017 0.000000
    outer loop
      vertex 10.3820 -1.1756 0.0000
      vertex 11.3820 -1.9021 4.0000
      vertex 10.3820 -1.1756 4.0000
    endloop
  endfacet
  facet normal 0.000000 0.000000 1.000000
    outer loop
      vertex 12.0000 0.0000 4.0000
      vertex 10.3820 -1.1756 4.0000
      vertex 11.3820 -1.9021 4.0000
    endloop
  endfacet
  facet normal 0.000000 0.000000 -1.000000
    outer loop
      vertex 12.0000 0.0000 0.0000
      vertex 11.3820 -1.9021 0.0000
      vertex 10.3820 -1.1756 0.0000
    endloop
  endfacet
  facet normal -0.000000 -1.000000 0.000000
    outer loop
      vertex 11.3820 -1.9021 0.0000
      vertex 12.6180 -1.9021 0.0000
      vertex 12.6180 -1.9021 4.0000
    endloop
  endfacet
  facet normal -0.000000 -1.000000 0.000000
    outer loop
      vertex 11.3820 -1.9021 0.0000
      vertex 12.6180 -1.9021 4.0000
      vertex 11.3820 -1.9021 4.0000
    endloop
  endfacet
  facet normal 0.000000 0.000000 1.000000
    outer loop
      vertex 12.0000 0.0000 4.0000
      vertex 11.3820 -1.9021 4.0000
      vertex 12.6180 -1.9021 4.0000
    endloop
  endfacet
  facet normal 0.000000 0.000000 -1.000000
    outer loop
      vertex 12.0000 0.0000 0.0000
      vertex 12.6180 -1.9021 0.0000
      vertex 11.3820 -1.9021 0.0000
    endloop
  endfacet
  facet normal 0.587785 -0.809017 0.000000
    outer loop
      vertex 12.6180 -1.9021 0.0000
      vertex 13.6180 -1.1756 0.0000
      vertex 13.6180 -1.1756 4.0000
    endloop
  endfacet
  facet normal 0.587785 -0.809017 0.000000
    outer loop
      vertex 12.6180 -1.9021 0.0000
      vertex 13.6180 -1.1756 4.0000
      vertex 12.6180 -1.9021 4.0000
    endloop
  endfacet
  facet normal 0.000000 0.000000 1.000000
    outer loop
      vertex 12.0000 0.0000 4.0000
      vertex 12.6180 -1.9021 4.0000
      vertex 13.6180 -1.1756 4.0000
    endloop
  endfacet
  facet normal 0.000000 0.000000 -1.000000
    outer loop
      vertex 12.0000 0.0000 0.0000
      vertex 13.6180 -1.1756 0.0000
      vertex 12.6180 -1.9021 0.0000
    endloop
  endfacet
  facet normal 0.951057 -0.309017 0.000000
    outer loop
      vertex 13.6180 -1.1756 0.0000
      vertex 14.0000 -0.0000 0.0000
      vertex 14.0000 -0.0000 4.0000
    endloop
  endfacet
  facet normal 0.951057 -0.309017 0.000000
    outer loop
      vertex 13.6180 -1.1756 0.0000
      vertex 14.0000 -0.0000 4.0000
      vertex 13.6180 -1.1756 4.0000
    endloop
  endfacet
  facet normal 0.000000 0.000000 1.000000
    outer loop
      vertex 12.0000 0.0000 4.0000
      vertex 13.6180 -1.1756 4.0000
      vertex 14.0000 -0.0000 4.0000
    endloop
  endfacet
  facet normal 0.000000 0.000000 -1.000000
    outer loop
      vertex 12.0000 0.0000 0.0000
      vertex 14.0000 -0.0000 0.0000
      vertex 13.6180 -1.1756 0.0000
    endloop
  endfacet
  facet normal 0.951057 0.309017 0.000000
    outer loop
      vertex 2.0000 12.0000 0.0000
      vertex 1.6180 13.1756 0.0000
      vertex 1.6180 13.1756 4.0000
    endloop
  endfacet
  facet normal 0.951057 0.309017 0.000000
    outer loop
      vertex 2.0000 12.0000 0.0000
      vertex 1.6180 13.1756 4.0000
      vertex 2.0000 12.0000 4.0000
    endloop
  endfacet
  facet normal 0.000000 0.000000 1.000000
    outer loop
      vertex 0.0000 12.0000 4.0000
      vertex 2.0000 12.0000 4.0000
      vertex 1.6180 13.1756 4.0000
    endloop
  endfacet
  facet normal 0.000000 0.000000 -1.000000
    outer loop
      vertex 0.0000 12.0000 0.0000
      vertex 1.6180 13.1756 0.0000
      vertex 2.0000 12.0000 0.0000
    endloop
  endfacet
  facet normal 0.587785 0.809017 0.000000
    outer loop
      vertex 1.6180 13.1756 0.0000
      vertex 0.6180 13.9021 0.0000
      vertex 0.6180 13.9021 4.0000
    endloop
  endfacet
  facet normal 0.587785 0.809017 0.000000
    outer loop
      vertex 1.6180 13.1756 0.0000
      vertex 0.6180 13.9021 4.0000
      vertex 1.6180 13.1756 4.0000
    endloop
  endfacet
  facet normal 0.000000 0.000000 1.000000
    outer loop
      vertex 0.0000 12.0000 4.0000
      vertex 1.6180 13.1756 4.0000
      vertex 0.6180 13.9021 4.0000
    endloop
  endfacet
  facet normal 0.000000 0.000000 -1.000000
    outer loop
      vertex 0.0000 12.0000 0.0000
      vertex 0.6180 13.9021 0.0000
      vertex 1.6180 13.1756 0.0000
    endloop
  endfacet
  facet normal 0.000000 1.000000 0.000000
    outer loop
      vertex 0.6180 13.9021 0.0000
      vertex -0.6180 13.9021 0.0000
      vertex -0.6180 13.9021 4.0000
    endloop
  endfacet
  facet normal 0.000000 1.000000 0.000000
    outer loop
      vertex 0.6180 13.9021 0.0000
      vertex -0.6180 13.9021 4.0000
      vertex 0.6180 13.9021 4.0000
    endloop
  endfacet
  facet normal 0.000000 0.000000 1.000000
    outer loop
      vertex 0.0000 12.0000 4.0000
      vertex 0.6180 13.9021 4.0000
      vertex -0.6180 13.9021 4.0000
    endloop
  endfacet
  facet normal 0.000000 0.000000 -1.000000
    outer loop
      vertex 0.0000 12.0000 0.0000
      vertex -0.6180 13.9021 0.0000
      vertex 0.6180 13.9021 0.0000
    endloop
  endfacet
  facet normal -0.587785 0.809017 0.000000
    outer loop
      vertex -0.6180 13.9021 0.0000
      vertex -1.6180 13.1756 0.0000
      vertex -1.6180 13.1756 4.0000
    endloop
  endfacet
  facet normal -0.587785 0.809017 0.000000
    outer loop
      vertex -0.6180 13.9021 0.0000
      vertex -1.6180 13.1756 4.0000
      vertex -0.6180 13.9021 4.0000
    endloop
  endfacet
  facet normal 0.000000 0.000000 1.000000
    outer loop
      vertex 0.0000 12.0000 4.0000
      vertex -0.6180 13.9021 4.0000
      vertex -1.6180 13.1756 4.0000
    endloop
  endfacet
  facet normal 0.000000 0.000000 -1.000000
    outer loop
      vertex 0.0000 12.0000 0.0000
      vertex -1.6180 13.1756 0.0000
      vertex -0.6180 13.9021 0.0000
    endloop
  endfacet
  facet normal -0.951057 0.309017 0.000000
    outer loop
      vertex -1.6180 13.1756 0.0000
      vertex -2.0000 12.0000 0.0000
      vertex -2.0000 12.0000 4.0000
    endloop
  endfacet
  facet normal -0.951057 0.309017 0.000000
    outer loop
      vertex -1.6180 13.1756 0.0000
      vertex -2.0000 12.0000 4.0000
      vertex -1.6180 13.1756 4.0000
    endloop
  endfacet
  facet normal 0.000000 0.000000 1.000000
    outer loop
      vertex 0.0000 12.0000 4.0000
      vertex -1.6180 13.1756 4.0000
      vertex -2.0000 12.0000 4.0000
    endloop
  endfacet
  facet normal 0.000000 0.000000 -1.000000
    outer loop
      vertex 0.0000 12.0000 0.0000
      vertex -2.0000 12.0000 0.0000
      vertex -1.6180 13.1756 0.0000
    endloop
  endfacet
  facet normal -0.951057 -0.309017 0.000000
    outer loop
      vertex -2.0000 12.0000 0.0000
      vertex -1.6180 10.8244 0.0000
      vertex -1.6180 10.8244 4.0000
    endloop
  endfacet
  facet normal -0.951057 -0.309017 0.000000
    outer loop
      vertex -2.0000 12.0000 0.0000
      vertex -1.6180 10.8244 4.0000
      vertex -2.0000 12.0000 4.0000
    endloop
  endfacet
  facet normal 0.000000 0.000000 1.000000
    outer loop
      vertex 0.0000 12.0000 4.0000
      vertex -2.0000 12.0000 4.0000
      vertex -1.6180 10.8244 4.0000
    endloop
  endfacet
  facet normal 0.000000 0.000000 -1.000000
    outer loop
      vertex 0.0000 12.0000 0.0000
      vertex -1.6180 10.8244 0.0000
      vertex -2.0000 12.0000 0.0000
    endloop
  endfacet
  facet normal -0.587785 -0.809017 0.000000
    outer loop
      vertex -1.6180 10.8244 0.0000
      vertex -0.6180 10.0979 0.0000
      vertex -0.6180 10.0979 4.0000
    endloop
  endfacet
  facet normal -0.587785 -0.809017 0.000000
    outer loop
      vertex -1.6180 10.8244 0.0000
      vertex -0.6180 10.0979 4.0000
      vertex -1.6180 10.8244 4.0000
    endloop
  endfacet
  facet normal 0.000000 0.000000 1.000000
    outer loop
      vertex 0.0000 12.0000 4.0000
      vertex -1.6180 10.8244 4.0000
      vertex -0.6180 10.0979 4.0000
    endloop
  endfacet
  facet normal 0.000000 0.000000 -1.000000
    outer loop
      vertex 0.0000 12.0000 0.0000
      vertex -0.6180 10.0979 0.0000
      vertex -1.6180 10.8244 0.0000
    endloop
  endfacet
  facet normal -0.000000 -1.000000 0.000000
    outer loop
      vertex -0.6180 10.0979 0.0000
      vertex 0.6180 10.0979 0.0000
      vertex 0.6180 10.0979 4.0000
    endloop
  endfacet
  facet normal -0.000000 -1.000000 0.000000
    outer loop
      vertex -0.6180 10.0979 0.0000
      vertex 0.6180 10.0979 4.0000
      vertex -0.6180 10.0979 4.0000
    endloop
  endfacet
  facet normal 0.000000 0.000000 1.000000
    outer loop
      vertex 0.0000 12.0000 4.0000
      vertex -0.6180 10.0979 4.0000
      vertex 0.6180 10.0979 4.0000
    endloop
  endfacet
  facet normal 0.000000 0.000000 -1.000000
    outer loop
      vertex 0.0000 12.0000 0.0000
      vertex 0.6180 10.0979 0.0000
      vertex -0.6180 10.0979 0.0000
    endloop
  endfacet
  facet normal 0.587785 -0.809017 0.000000
    outer loop
      vertex 0.6180 10.0979 0.0000
      vertex 1.6180 10.8244 0.0000
      vertex 1.6180 10.8244 4.0000
    endloop
  endfacet
  facet normal 0.587785 -0.809017 0.000000
    outer loop
      vertex 0.6180 10.0979 0.0000
      vertex 1.6180 10.8244 4.0000
      vertex 0.6180 10.0979 4.0000
    endloop
  endfacet
  facet normal 0.000000 0.000000 1.000000
    outer loop
      vertex 0.0000 12.0000 4.0000
      vertex 0.6180 10.0979 4.0000
      vertex 1.6180 10.8244 4.0000
    endloop
  endfacet
  facet normal 0.000000 0.000000 -1.000000
    outer loop
      vertex 0.0000 12.0000 0.0000
      vertex 1.6180 10.8244 0.0000
      vertex 0.6180 10.0979 0.0000
    endloop
  endfacet
  facet normal 0.951057 -0.309017 0.000000
    outer loop
      vertex 1.6180 10.8244 0.0000
      vertex 2.0000 12.0000 0.0000
      vertex 2.0000 12.0000 4.0000
    endloop
  endfacet
  facet normal 0.951057 -0.309017 0.000000
    outer loop
      vertex 1.6180 10.8244 0.0000
      vertex 2.0000 12.0000 4.0000
      vertex 1.6180 10.8244 4.0000
    endloop
  endfacet
  facet normal 0.000000 0.000000 1.000000
    outer loop
      vertex 0.0000 12.0000 4.0000
      vertex 1.6180 10.8244 4.0000
      vertex 2.0000 12.0000 4.0000
    endloop
  endfacet
  facet normal 0.000000 0.000000 -1.000000
    outer loop
      vertex 0.0000 12.0000 0.0000
      vertex 2.0000 12.0000 0.0000
      vertex 1.6180 10.8244 0.0000
    endloop
  endfacet
  facet normal 0.951057 0.309017 0.000000
    outer loop
      vertex -10.0000 0.0000 0.0000
      vertex -10.3820 1.1756 0.0000
      vertex -10.3820 1.1756 4.0000
    endloop
  endfacet
  facet normal 0.951057 0.309017 0.000000
    outer loop
      vertex -10.0000 0.0000 0.0000
      vertex -10.3820 1.1756 4.0000
      vertex -10.0000 0.0000 4.0000
    endloop
  endfacet
  facet normal 0.000000 0.000000 1.000000
    outer loop
      vertex -12.0000 0.0000 4.0000
      vertex -10.0000 0.0000 4.0000
      vertex -10.3820 1.1756 4.0000
    endloop
  endfacet
  facet normal 0.000000 0.000000 -1.000000
    outer loop
      vertex -12.0000 0.0000 0.0000
      vertex -10.3820 1.1756 0.0000
      vertex -10.0000 0.0000 0.0000
    endloop
  endfacet
  facet normal 0.587785 0.809017 0.000000
    outer loop
      vertex -10.3820 1.1756 0.0000
      vertex -11.3820 1.9021 0.0000
      vertex -11.3820 1.9021 4.0000
    endloop
  endfacet
  facet normal 0.587785 0.809017 0.000000
    outer loop
      vertex -10.3820 1.1756 0.0000
      vertex -11.3820 1.9021 4.0000
      vertex -10.3820 1.1756 4.0000
    endloop
  endfacet
  facet normal 0.000000 0.000000 1.000000
    outer loop
      vertex -12.0000 0.0000 4.0000
      vertex -10.3820 1.1756 4.0000
      vertex -11.3820 1.9021 4.0000
    endloop
  endfacet
  facet normal 0.000000 0.000000 -1.000000
    outer loop
      vertex -12.0000 0.0000 0.0000
      vertex -11.3820 1.9021 0.0000
      vertex -10.3820 1.1756 0.0000
    endloop
  endfacet
  facet normal 0.000000 1.000000 0.000000
    outer loop
      vertex -11.3820 1.9021 0.0000
      vertex -12.6180 1.9021 0.0000
      vertex -12.6180 1.9021 4.0000
    endloop
  endfacet
  facet normal 0.000000 1.000000 0.000000
    outer loop
      vertex -11.3820 1.9021 0.0000
      vertex -12.6180 1.9021 4.0000
      vertex -11.3820 1.9021 4.0000
    endloop
  endfacet
  facet normal 0.000000 0.000000 1.000000
    outer loop
      vertex -12.0000 0.0000 4.0000
      vertex -11.3820 1.9021 4.0000
      vertex -12.6180 1.9021 4.0000
    endloop
  endfacet
  facet normal 0.000000 0.000000 -1.000000
    outer loop
      vertex -12.0000 0.0000 0.0000
      vertex -12.6180 1.9021 0.0000
      vertex -11.3820 1.9021 0.0000
    endloop
  endfacet
  facet normal -0.587785 0.809017 0.000000
    outer loop
      vertex -12.6180 1.9021 0.0000
      vertex -13.6180 1.1756 0.0000
      vertex -13.6180 1.1756 4.0000
    endloop
  endfacet
  facet normal -0.587785 0.809017 0.000000
    outer loop
      vertex -12.6180 1.9021 0.0000
      vertex -13.6180 1.1756 4.0000
      vertex -12.6180 1.9021 4.0000
    endloop
  endfacet
  facet normal 0.000000 0.000000 1.000000
    outer loop
      vertex -12.0000 0.0000 4.0000
      vertex -12.6180 1.9021 4.0000
      vertex -13.6180 1.1756 4.0000
    endloop
  endfacet
  facet normal 0.000000 0.000000 -1.000000
    outer loop
      vertex -12.0000 0.0000 0.0000
      vertex -13.6180 1.1756 0.0000
      vertex -12.6180 1.9021 0.0000
    endloop
  endfacet
  facet normal -0.951057 0.309017 0.000000
    outer loop
      vertex -13.6180 1.1756 0.0000
      vertex -14.0000 0.0000 0.0000
      vertex -14.0000 0.0000 4.0000
    endloop
  endfacet
  facet normal -0.951057 0.309017 0.000000
    outer loop
      vertex -13.6180 1.1756 0.0000
      vertex -14.0000 0.0000 4.0000
      vertex -13.6180 1.1756 4.0000
    endloop
  endfacet
  facet normal 0.000000 0.000000 1.000000
    outer loop
      vertex -12.0000 0.0000 4.0000
      vertex -13.6180 1.1756 4.0000
      vertex -14.0000 0.0000 4.0000
    endloop
  endfacet
  facet normal 0.000000 0.000000 -1.000000
    outer loop
      vertex -12.0000 0.0000 0.0000
      vertex -14.0000 0.0000 0.0000
      vertex -13.6180 1.1756 0.0000
    endloop
  endfacet
  facet normal -0.951057 -0.309017 0.000000
    outer loop
      vertex -14.0000 0.0000 0.0000
      vertex -13.6180 -1.1756 0.0000
      vertex -13.6180 -1.1756 4.0000
    endloop
  endfacet
  facet normal -0.951057 -0.309017 0.000000
    outer loop
      vertex -14.0000 0.0000 0.0000
      vertex -13.6180 -1.1756 4.0000
      vertex -14.0000 0.0000 4.0000
    endloop
  endfacet
  facet normal 0.000000 0.000000 1.000000
    outer loop
      vertex -12.0000 0.0000 4.0000
      vertex -14.0000 0.0000 4.0000
      vertex -13.6180 -1.1756 4.0000
    endloop
  endfacet
  facet normal 0.000000 0.000000 -1.000000
    outer loop
      vertex -12.0000 0.0000 0.0000
      vertex -13.6180 -1.1756 0.0000
      vertex -14.0000 0.0000 0.0000
    endloop
  endfacet
  facet normal -0.587785 -0.809017 0.000000
    outer loop
      vertex -13.6180 -1.1756 0.0000
      vertex -12.6180 -1.9021 0.0000
      vertex -12.6180 -1.9021 4.0000
    endloop
  endfacet
  facet normal -0.587785 -0.809017 0.000000
    outer loop
      vertex -13.6180 -1.1756 0.0000
      vertex -12.6180 -1.9021 4.0000
      vertex -13.6180 -1.1756 4.0000
    endloop
  endfacet
  facet normal 0.000000 0.000000 1.000000
    outer loop
      vertex -12.0000 0.0000 4.0000
      vertex -13.6180 -1.1756 4.0000
      vertex -12.6180 -1.9021 4.0000
    endloop
  endfacet
  facet normal 0.000000 0.000000 -1.000000
    outer loop
      vertex -12.0000 0.0000 0.0000
      vertex -12.6180 -1.9021 0.0000
      vertex -13.6180 -1.1756 0.0000
    endloop
  endfacet
  facet normal -0.000000 -1.000000 0.000000
    outer loop
      vertex -12.6180 -1.9021 0.0000
      vertex -11.3820 -1.9021 0.0000
      vertex -11.3820 -1.9021 4.0000
    endloop
  endfacet
  facet normal -0.000000 -1.000000 0.000000
    outer loop
      vertex -12.6180 -1.9021 0.0000
      vertex -11.3820 -1.9021 4.0000
      vertex -12.6180 -1.9021 4.0000
    endloop
  endfacet
  facet normal 0.000000 0.000000 1.000000
    outer loop
      vertex -12.0000 0.0000 4.0000
      vertex -12.6180 -1.9021 4.0000
      vertex -11.3820 -1.9021 4.0000
    endloop
  endfacet
  facet normal 0.000000 0.000000 -1.000000
    outer loop
      vertex -12.0000 0.0000 0.0000
      vertex -11.3820 -1.9021 0.0000
      vertex -12.6180 -1.9021 0.0000
    endloop
  endfacet
  facet normal 0.587785 -0.809017 0.000000
    outer loop
      vertex -11.3820 -1.9021 0.0000
      vertex -10.3820 -1.1756 0.0000
      vertex -10.3820 -1.1756 4.0000
    endloop
  endfacet
  facet normal 0.587785 -0.809017 0.000000
    outer loop
      vertex -11.3820 -1.9021 0.0000
      vertex -10.3820 -1.1756 4.0000
      vertex -11.3820 -1.9021 4.0000
    endloop
  endfacet
  facet normal 0.000000 0.000000 1.000000
    outer loop
      vertex -12.0000 0.0000 4.0000
      vertex -11.3820 -1.9021 4.0000
      vertex -10.3820 -1.1756 4.0000
    endloop
  endfacet
  facet normal 0.000000 0.000000 -1.000000
    outer loop
      vertex -12.0000 0.0000 0.0000
      vertex -10.3820 -1.1756 0.0000
      vertex -11.3820 -1.9021 0.0000
    endloop
  endfacet
  facet normal 0.951057 -0.309017 0.000000
    outer loop
      vertex -10.3820 -1.1756 0.0000
      vertex -10.0000 0.0000 0.0000
      vertex -10.0000 0.0000 4.0000
    endloop
  endfacet
  facet normal 0.951057 -0.309017 0.000000
    outer loop
      vertex -10.3820 -1.1756 0.0000
      vertex -10.0000 0.0000 4.0000
      vertex -10.3820 -1.1756 4.0000
    endloop
  endfacet
  facet normal 0.000000 0.000000 1.000000
    outer loop
      vertex -12.0000 0.0000 4.0000
      vertex -10.3820 -1.1756 4.0000
      vertex -10.0000 0.0000 4.0000
    endloop
  endfacet
  facet normal 0.000000 0.000000 -1.000000
    outer loop
      vertex -12.0000 0.0000 0.0000
      vertex -10.0000 0.0000 0.0000
      vertex -10.3820 -1.1756 0.0000
    endloop
  endfacet
  facet normal 0.951057 0.309017 0.000000
    outer loop
      vertex 2.0000 -12.0000 0.0000
      vertex 1.6180 -10.8244 0.0000
      vertex 1.6180 -10.8244 4.0000
    endloop
  endfacet
  facet normal 0.951057 0.309017 0.000000
    outer loop
      vertex 2.0000 -12.0000 0.0000
      vertex 1.6180 -10.8244 4.0000
      vertex 2.0000 -12.0000 4.0000
    endloop
  endfacet
  facet normal 0.000000 0.000000 1.000000
    outer loop
      vertex -0.0000 -12.0000 4.0000
      vertex 2.0000 -12.0000 4.0000
      vertex 1.6180 -10.8244 4.0000
    endloop
  endfacet
  facet normal 0.000000 0.000000 -1.000000
    outer loop
      vertex -0.0000 -12.0000 0.0000
      vertex 1.6180 -10.8244 0.0000
      vertex 2.0000 -12.0000 0.0000
    endloop
  endfacet
  facet normal 0.587785 0.809017 0.000000
    outer loop
      vertex 1.6180 -10.8244 0.0000
      vertex 0.6180 -10.0979 0.0000
      vertex 0.6180 -10.0979 4.0000
    endloop
  endfacet
  facet normal 0.587785 0.809017 0.000000
    outer loop
      vertex 1.6180 -10.8244 0.0000
      vertex 0.6180 -10.0979 4.0000
      vertex 1.6180 -10.8244 4.0000
    endloop
  endfacet
  facet normal 0.000000 0.000000 1.000000
    outer loop
      vertex -0.0000 -12.0000 4.0000
      vertex 1.6180 -10.8244 4.0000
      vertex 0.6180 -10.0979 4.0000
    endloop
  endfacet
  facet normal 0.000000 0.000000 -1.000000
    outer loop
      vertex -0.0000 -12.0000 0.0000
      vertex 0.6180 -10.0979 0.0000
      vertex 1.6180 -10.8244 0.0000
    endloop
  endfacet
  facet normal 0.000000 1.000000 0.000000
    outer loop
      vertex 0.6180 -10.0979 0.0000
      vertex -0.6180 -10.0979 0.0000
      vertex -0.6180 -10.0979 4.0000
    endloop
  endfacet
  facet normal 0.000000 1.000000 0.000000
    outer loop
      vertex 0.6180 -10.0979 0.0000
      vertex -0.6180 -10.0979 4.0000
      vertex 0.6180 -10.0979 4.0000
    endloop
  endfacet
  facet normal 0.000000 0.000000 1.000000
    outer loop
      vertex -0.0000 -12.0000 4.0000
      vertex 0.6180 -10.0979 4.0000
      vertex -0.6180 -10.0979 4.0000
    endloop
  endfacet
  facet normal 0.000000 0.000000 -1.000000
    outer loop
      vertex -0.0000 -12.0000 0.0000
      vertex -0.6180 -10.0979 0.0000
      vertex 0.6180 -10.0979 0.0000
    endloop
  endfacet
  facet normal -0.587785 0.809017 0.000000
    outer loop
      vertex -0.6180 -10.0979 0.0000
      vertex -1.6180 -10.8244 0.0000
      vertex -1.6180 -10.8244 4.0000
    endloop
  endfacet
  facet normal -0.587785 0.809017 0.000000
    outer loop
      vertex -0.6180 -10.0979 0.0000
      vertex -1.6180 -10.8244 4.0000
      vertex -0.6180 -10.0979 4.0000
    endloop
  endfacet
  facet normal 0.000000 0.000000 1.000000
    outer loop
      vertex -0.0000 -12.0000 4.0000
      vertex -0.6180 -10.0979 4.0000
      vertex -1.6180 -10.8244 4.0000
    endloop
  endfacet
  facet normal 0.000000 0.000000 -1.000000
    outer loop
      vertex -0.0000 -12.0000 0.0000
      vertex -1.6180 -10.8244 0.0000
      vertex -0.6180 -10.0979 0.0000
    endloop
  endfacet
  facet normal -0.951057 0.309017 0.000000
    outer loop
      vertex -1.6180 -10.8244 0.0000
      vertex -2.0000 -12.0000 0.0000
      vertex -2.0000 -12.0000 4.0000
    endloop
  endfacet
  facet normal -0.951057 0.309017 0.000000
    outer loop
      vertex -1.6180 -10.8244 0.0000
      vertex -2.0000 -12.0000 4.0000
      vertex -1.6180 -10.8244 4.0000
    endloop
  endfacet
  facet normal 0.000000 0.000000 1.000000
    outer loop
      vertex -0.0000 -12.0000 4.0000
      vertex -1.6180 -10.8244 4.0000
      vertex -2.0000 -12.0000 4.0000
    endloop
  endfacet
  facet normal 0.000000 0.000000 -1.000000
    outer loop
      vertex -0.0000 -12.0000 0.0000
      vertex -2.0000 -12.0000 0.0000
      vertex -1.6180 -10.8244 0.0000
    endloop
  endfacet
  facet normal -0.951057 -0.309017 0.000000
    outer loop
      vertex -2.0000 -12.0000 0.0000
      vertex -1.6180 -13.1756 0.0000
      vertex -1.6180 -13.1756 4.0000
    endloop
  endfacet
  facet normal -0.951057 -0.309017 0.000000
    outer loop
      vertex -2.0000 -12.0000 0.0000
      vertex -1.6180 -13.1756 4.0000
      vertex -2.0000 -12.0000 4.0000
    endloop
  endfacet
  facet normal 0.000000 0.000000 1.000000
    outer loop
      vertex -0.0000 -12.0000 4.0000
      vertex -2.0000 -12.0000 4.0000
      vertex -1.6180 -13.1756 4.0000
    endloop
  endfacet
  facet normal 0.000000 0.000000 -1.000000
    outer loop
      vertex -0.0000 -12.0000 0.0000
      vertex -1.6180 -13.1756 0.0000
      vertex -2.0000 -12.0000 0.0000
    endloop
  endfacet
  facet normal -0.587785 -0.809017 0.000000
    outer loop
      vertex -1.6180 -13.1756 0.0000
      vertex -0.6180 -13.9021 0.0000
      vertex -0.6180 -13.9021 4.0000
    endloop
  endfacet
  facet normal -0.587785 -0.809017 0.000000
    outer loop
      vertex -1.6180 -13.1756 0.0000
      vertex -0.6180 -13.9021 4.0000
      vertex -1.6180 -13.1756 4.0000
    endloop
  endfacet
  facet normal 0.000000 0.000000 1.000000
    outer loop
      vertex -0.0000 -12.0000 4.0000
      vertex -1.6180 -13.1756 4.0000
      vertex -0.6180 -13.9021 4.0000
    endloop
  endfacet
  facet normal 0.000000 0.000000 -1.000000
    outer loop
      vertex -0.0000 -12.0000 0.0000
      vertex -0.6180 -13.9021 0.0000
      vertex -1.6180 -13.1756 0.0000
    endloop
  endfacet
  facet normal -0.000000 -1.000000 0.000000
    outer loop
      vertex -0.6180 -13.9021 0.0000
      vertex 0.6180 -13.9021 0.0000
      vertex 0.6180 -13.9021 4.0000
    endloop
  endfacet
  facet normal -0.000000 -1.000000 0.000000
    outer loop
      vertex -0.6180 -13.9021 0.0000
      vertex 0.6180 -13.9021 4.0000
      vertex -0.6180 -13.9021 4.0000
    endloop
  endfacet
  facet normal 0.000000 0.000000 1.000000
    outer loop
      vertex -0.0000 -12.0000 4.0000
      vertex -0.6180 -13.9021 4.0000
      vertex 0.6180 -13.9021 4.0000
    endloop
  endfacet
  facet normal 0.000000 0.000000 -1.000000
    outer loop
      vertex -0.0000 -12.0000 0.0000
      vertex 0.6180 -13.9021 0.0000
      vertex -0.6180 -13.9021 0.0000
    endloop
  endfacet
  facet normal 0.587785 -0.809017 0.000000
    outer loop
      vertex 0.6180 -13.9021 0.0000
      vertex 1.6180 -13.1756 0.0000
      vertex 1.6180 -13.1756 4.0000
    endloop
  endfacet
  facet normal 0.587785 -0.809017 0.000000
    outer loop
      vertex 0.6180 -13.9021 0.0000
      vertex 1.6180 -13.1756 4.0000
      vertex 0.6180 -13.9021 4.0000
    endloop
  endfacet
  facet normal 0.000000 0.000000 1.000000
    outer loop
      vertex -0.0000 -12.0000 4.0000
      vertex 0.6180 -13.9021 4.0000
      vertex 1.6180 -13.1756 4.0000
    endloop
  endfacet
  facet normal 0.000000 0.000000 -1.000000
    outer loop
      vertex -0.0000 -12.0000 0.0000
      vertex 1.6180 -13.1756 0.0000
      vertex 0.6180 -13.9021 0.0000
    endloop
  endfacet
  facet normal 0.951057 -0.309017 0.000000
    outer loop
      vertex 1.6180 -13.1756 0.0000
      vertex 2.0000 -12.0000 0.0000
      vertex 2.0000 -12.0000 4.0000
    endloop
  endfacet
  facet normal 0.951057 -0.309017 0.000000
    outer loop
      vertex 1.6180 -13.1756 0.0000
      vertex 2.0000 -12.0000 4.0000
      vertex 1.6180 -13.1756 4.0000
    endloop
  endfacet
  facet normal 0.000000 0.000000 1.000000
    outer loop
      vertex -0.0000 -12.0000 4.0000
      vertex 1.6180 -13.1756 4.0000
      vertex 2.0000 -12.0000 4.0000
    endloop
  endfacet
  facet normal 0.000000 0.000000 -1.000000
    outer loop
      vertex -0.0000 -12.0000 0.0000
      vertex 2.0000 -12.0000 0.0000
      vertex 1.6180 -13.1756 0.0000
    endloop
  endfacet
  facet normal 0.991445 0.130526 0.000000
    outer loop
      vertex 22.0000 0.0000 3.0000
      vertex 21.2504 5.6940 3.0000
      vertex 21.2504 5.6940 7.0000
    endloop
  endfacet
  facet normal 0.991445 0.130526 0.000000
    outer loop
      vertex 22.0000 0.0000 3.0000
      vertex 21.2504 5.6940 7.0000
      vertex 22.0000 0.0000 7.0000
    endloop
  endfacet
  facet normal 0.000000 0.000000 1.000000
    outer loop
      vertex 0.0000 0.0000 7.0000
      vertex 22.0000 0.0000 7.0000
      vertex 21.2504 5.6940 7.0000
    endloop
  endfacet
  facet normal 0.000000 0.000000 -1.000000
    outer loop
      vertex 0.0000 0.0000 3.0000
      vertex 21.2504 5.6940 3.0000
      vertex 22.0000 0.0000 3.0000
    endloop
  endfacet
  facet normal 0.923880 0.382683 0.000000
    outer loop
      vertex 21.2504 5.6940 3.0000
      vertex 19.0526 11.0000 3.0000
      vertex 19.0526 11.0000 7.0000
    endloop
  endfacet
  facet normal 0.923880 0.382683 0.000000
    outer loop
      vertex 21.2504 5.6940 3.0000
      vertex 19.0526 11.0000 7.0000
      vertex 21.2504 5.6940 7.0000
    endloop
  endfacet
  facet normal 0.000000 0.000000 1.000000
    outer loop
      vertex 0.0000 0.0000 7.0000
      vertex 21.2504 5.6940 7.0000
      vertex 19.0526 11.0000 7.0000
    endloop
  endfacet
  facet normal 0.000000 0.000000 -1.000000
    outer loop
      vertex 0.0000 0.0000 3.0000
      vertex 19.0526 11.0000 3.0000
      vertex 21.2504 5.6940 3.0000
    endloop
  endfacet
  facet normal 0.793353 0.608761 0.000000
    outer loop
      vertex 19.0526 11.0000 3.0000
      vertex 15.5563 15.5563 3.0000
      vertex 15.5563 15.5563 7.0000
    endloop
  endfacet
  facet normal 0.793353 0.608761 0.000000
    outer loop
      vertex 19.0526 11.0000 3.0000
      vertex 15.5563 15.5563 7.0000
      vertex 19.0526 11.0000 7.0000
    endloop
  endfacet
  facet normal 0.000000 0.000000 1.000000
    outer loop
      vertex 0.0000 0.0000 7.0000
      vertex 19.0526 11.0000 7.0000
      vertex 15.5563 15.5563 7.0000
    endloop
  endfacet
  facet normal 0.000000 0.000000 -1.000000
    outer loop
      vertex 0.0000 0.0000 3.0000
      vertex 15.5563 15.5563 3.0000
      vertex 19.0526 11.0000 3.0000
    endloop
  endfacet
  facet normal 0.608761 0.793353 0.000000
    outer loop
      vertex 15.5563 15.5563 3.0000
      vertex 11.0000 19.0526 3.0000
      vertex 11.0000 19.0526 7.0000
    endloop
  endfacet
  facet normal 0.608761 0.793353 0.000000
    outer loop
      vertex 15.5563 15.5563 3.0000
      vertex 11.0000 19.0526 7.0000
      vertex 15.5563 15.5563 7.0000
    endloop
  endfacet
  facet normal 0.000000 0.000000 1.000000
    outer loop
      vertex 0.0000 0.0000 7.0000
      vertex 15.5563 15.5563 7.0000
      vertex 11.0000 19.0526 7.0000
    endloop
  endfacet
  facet normal 0.000000 0.000000 -1.000000
    outer loop
      vertex 0.0000 0.0000 3.0000
      vertex 11.0000 19.0526 3.0000
      vertex 15.5563 15.5563 3.0000
    endloop
  endfacet
  facet normal 0.382683 0.923880 0.000000
    outer loop
      vertex 11.0000 19.0526 3.0000
      vertex 5.6940 21.2504 3.0000
      vertex 5.6940 21.2504 7.0000
    endloop
  endfacet
  facet normal 0.382683 0.923880 0.000000
    outer loop
      vertex 11.0000 19.0526 3.0000
      vertex 5.6940 21.2504 7.0000
      vertex 11.0000 19.0526 7.0000
    endloop
  endfacet
  facet normal 0.000000 0.000000 1.000000
    outer loop
      vertex 0.0000 0.0000 7.0000
      vertex 11.0000 19.0526 7.0000
      vertex 5.6940 21.2504 7.0000
    endloop
  endfacet
  facet normal 0.000000 0.000000 -1.000000
    outer loop
      vertex 0.0000 0.0000 3.0000
      vertex 5.6940 21.2504 3.0000
      vertex 11.0000 19.0526 3.0000
    endloop
  endfacet
  facet normal 0.130526 0.991445 0.000000
    outer loop
      vertex 5.6940 21.2504 3.0000
      vertex 0.0000 22.0000 3.0000
      vertex 0.0000 22.0000 7.0000
    endloop
  endfacet
  facet normal 0.130526 0.991445 0.000000
    outer loop
      vertex 5.6940 21.2504 3.0000
      vertex 0.0000 22.0000 7.0000
      vertex 5.6940 21.2504 7.0000
    endloop
  endfacet
  facet normal 0.000000 0.000000 1.000000
    outer loop
      vertex 0.0000 0.0000 7.0000
      vertex 5.6940 21.2504 7.0000
      vertex 0.0000 22.0000 7.0000
    endloop
  endfacet
  facet normal 0.000000 0.000000 -1.000000
    outer loop
      vertex 0.0000 0.0000 3.0000
      vertex 0.0000 22.0000 3.0000
      vertex 5.6940 21.2504 3.0000
    endloop
  endfacet
  facet normal -0.130526 0.991445 0.000000
    outer loop
      vertex 0.0000 22.0000 3.0000
      vertex -5.6940 21.2504 3.0000
      vertex -5.6940 21.2504 7.0000
    endloop
  endfacet
  facet normal -0.130526 0.991445 0.000000
    outer loop
      vertex 0.0000 22.0000 3.0000
      vertex -5.6940 21.2504 7.0000
      vertex 0.0000 22.0000 7.0000
    endloop
  endfacet
  facet normal 0.000000 0.000000 1.000000
    outer loop
      vertex 0.0000 0.0000 7.0000
      vertex 0.0000 22.0000 7.0000
      vertex -5.6940 21.2504 7.0000
    endloop
  endfacet
  facet normal 0.000000 0.000000 -1.000000
    outer loop
      vertex 0.0000 0.0000 3.0000
      vertex -5.6940 21.2504 3.0000
      vertex 0.0000 22.0000 3.0000
    endloop
  endfacet
  facet normal -0.382683 0.923880 0.000000
    outer loop
      vertex -5.6940 21.2504 3.0000
      vertex -11.0000 19.0526 3.0000
      vertex -11.0000 19.0526 7.0000
    endloop
  endfacet
  facet normal -0.382683 0.923880 0.000000
    outer loop
      vertex -5.6940 21.2504 3.0000
      vertex -11.0000 19.0526 7.0000
      vertex -5.6940 21.2504 7.0000
    endloop
  endfacet
  facet normal 0.000000 0.000000 1.000000
    outer loop
      vertex 0.0000 0.0000 7.0000
      vertex -5.6940 21.2504 7.0000
      vertex -11.0000 19.0526 7.0000
    endloop
  endfacet
  facet normal 0.000000 0.000000 -1.000000
    outer loop
      vertex 0.0000 0.0000 3.0000
      vertex -11.0000 19.0526 3.0000
      vertex -5.6940 21.2504 3.0000
    endloop
  endfacet
  facet normal -0.608761 0.793353 0.000000
    outer loop
      vertex -11.0000 19.0526 3.0000
      vertex -15.5563 15.5563 3.0000
      vertex -15.5563 15.5563 7.0000
    endloop
  endfacet
  facet normal -0.608761 0.793353 0.000000
    outer loop
      vertex -11.0000 19.0526 3.0000
      vertex -15.5563 15.5563 7.0000
      vertex -11.0000 19.0526 7.0000
    endloop
  endfacet
  facet normal 0.000000 0.000000 1.000000
    outer loop
      vertex 0.0000 0.0000 7.0000
      vertex -11.0000 19.0526 7.0000
      vertex -15.5563 15.5563 7.0000
    endloop
  endfacet
  facet normal 0.000000 0.000000 -1.000000
    outer loop
      vertex 0.0000 0.0000 3.0000
      vertex -15.5563 15.5563 3.0000
      vertex -11.0000 19.0526 3.0000
    endloop
  endfacet
  facet normal -0.793353 0.608761 0.000000
    outer loop
      vertex -15.5563 15.5563 3.0000
      vertex -19.0526 11.0000 3.0000
      vertex -19.0526 11.0000 7.0000
    endloop
  endfacet
  facet normal -0.793353 0.608761 0.000000
    outer loop
      vertex -15.5563 15.5563 3.0000
      vertex -19.0526 11.0000 7.0000
      vertex -15.5563 15.5563 7.0000
    endloop
  endfacet
  facet normal 0.000000 0.000000 1.000000
    outer loop
      vertex 0.0000 0.0000 7.0000
      vertex -15.5563 15.5563 7.0000
      vertex -19.0526 11.0000 7.0000
    endloop
  endfacet
  facet normal 0.000000 0.000000 -1.000000
    outer loop
      vertex 0.0000 0.0000 3.0000
      vertex -19.0526 11.0000 3.0000
      vertex -15.5563 15.5563 3.0000
    endloop
  endfacet
  facet normal -0.923880 0.382683 0.000000
    outer loop
      vertex -19.0526 11.0000 3.0000
      vertex -21.2504 5.6940 3.0000
      vertex -21.2504 5.6940 7.0000
    endloop
  endfacet
  facet normal -0.923880 0.382683 0.000000
    outer loop
      vertex -19.0526 11.0000 3.0000
      vertex -21.2504 5.6940 7.0000
      vertex -19.0526 11.0000 7.0000
    endloop
  endfacet
  facet normal 0.000000 0.000000 1.000000
    outer loop
      vertex 0.0000 0.0000 7.0000
      vertex -19.0526 11.0000 7.0000
      vertex -21.2504 5.6940 7.0000
    endloop
  endfacet
  facet normal 0.000000 0.000000 -1.000000
    outer loop
      vertex 0.0000 0.0000 3.0000
      vertex -21.2504 5.6940 3.0000
      vertex -19.0526 11.0000 3.0000
    endloop
  endfacet
  facet normal -0.991445 0.130526 0.000000
    outer loop
      vertex -21.2504 5.6940 3.0000
      vertex -22.0000 0.0000 3.0000
      vertex -22.0000 0.0000 7.0000
    endloop
  endfacet
  facet normal -0.991445 0.130526 0.000000
    outer loop
      vertex -21.2504 5.6940 3.0000
      vertex -22.0000 0.0000 7.0000
      vertex -21.2504 5.6940 7.0000
    endloop
  endfacet
  facet normal 0.000000 0.000000 1.000000
    outer loop
      vertex 0.0000 0.0000 7.0000
      vertex -21.2504 5.6940 7.0000
      vertex -22.0000 0.0000 7.0000
    endloop
  endfacet
  facet normal 0.000000 0.000000 -1.000000
    outer loop
      vertex 0.0000 0.0000 3.0000
      vertex -22.0000 0.0000 3.0000
      vertex -21.2504 5.6940 3.0000
    endloop
  endfacet
  facet normal -0.991445 -0.130526 0.000000
    outer loop
      vertex -22.0000 0.0000 3.0000
      vertex -21.2504 -5.6940 3.0000
      vertex -21.2504 -5.6940 7.0000
    endloop
  endfacet
  facet normal -0.991445 -0.130526 0.000000
    outer loop
      vertex -22.0000 0.0000 3.0000
      vertex -21.2504 -5.6940 7.0000
      vertex -22.0000 0.0000 7.0000
    endloop
  endfacet
  facet normal 0.000000 0.000000 1.000000
    outer loop
      vertex 0.0000 0.0000 7.0000
      vertex -22.0000 0.0000 7.0000
      vertex -21.2504 -5.6940 7.0000
    endloop
  endfacet
  facet normal 0.000000 0.000000 -1.000000
    outer loop
      vertex 0.0000 0.0000 3.0000
      vertex -21.2504 -5.6940 3.0000
      vertex -22.0000 0.0000 3.0000
    endloop
  endfacet
  facet normal -0.923880 -0.382683 0.000000
    outer loop
      vertex -21.2504 -5.6940 3.0000
      vertex -19.0526 -11.0000 3.0000
      vertex -19.0526 -11.0000 7.0000
    endloop
  endfacet
  facet normal -0.923880 -0.382683 0.000000
    outer loop
      vertex -21.2504 -5.6940 3.0000
      vertex -19.0526 -11.0000 7.0000
      vertex -21.2504 -5.6940 7.0000
    endloop
  endfacet
  facet normal 0.000000 0.000000 1.000000
    outer loop
      vertex 0.0000 0.0000 7.0000
      vertex -21.2504 -5.6940 7.0000
      vertex -19.0526 -11.0000 7.0000
    endloop
  endfacet
  facet normal 0.000000 0.000000 -1.000000
    outer loop
      vertex 0.0000 0.0000 3.0000
      vertex -19.0526 -11.0000 3.0000
      vertex -21.2504 -5.6940 3.0000
    endloop
  endfacet
  facet normal -0.793353 -0.608761 0.000000
    outer loop
      vertex -19.0526 -11.0000 3.0000
      vertex -15.5563 -15.5563 3.0000
      vertex -15.5563 -15.5563 7.0000
    endloop
  endfacet
  facet normal -0.793353 -0.608761 0.000000
    outer loop
      vertex -19.0526 -11.0000 3.0000
      vertex -15.5563 -15.5563 7.0000
      vertex -19.0526 -11.0000 7.0000
    endloop
  endfacet
  facet normal 0.000000 0.000000 1.000000
    outer loop
      vertex 0.0000 0.0000 7.0000
      vertex -19.0526 -11.0000 7.0000
      vertex -15.5563 -15.5563 7.0000
    endloop
  endfacet
  facet normal 0.000000 0.000000 -1.000000
    outer loop
      vertex 0.0000 0.0000 3.0000
      vertex -15.5563 -15.5563 3.0000
      vertex -19.0526 -11.0000 3.0000
    endloop
  endfacet
  facet normal -0.608761 -0.793353 0.000000
    outer loop
      vertex -15.5563 -15.5563 3.0000
      vertex -11.0000 -19.0526 3.0000
      vertex -11.0000 -19.0526 7.0000
    endloop
  endfacet
  facet normal -0.608761 -0.793353 0.000000
    outer loop
      vertex -15.5563 -15.5563 3.0000
      vertex -11.0000 -19.0526 7.0000
      vertex -15.5563 -15.5563 7.0000
    endloop
  endfacet
  facet normal 0.000000 0.000000 1.000000
    outer loop
      vertex 0.0000 0.0000 7.0000
      vertex -15.5563 -15.5563 7.0000
      vertex -11.0000 -19.0526 7.0000
    endloop
  endfacet
  facet normal 0.000000 0.000000 -1.000000
    outer loop
      vertex 0.0000 0.0000 3.0000
      vertex -11.0000 -19.0526 3.0000
      vertex -15.5563 -15.5563 3.0000
    endloop
  endfacet
  facet normal -0.382683 -0.923880 0.000000
    outer loop
      vertex -11.0000 -19.0526 3.0000
      vertex -5.6940 -21.2504 3.0000
      vertex -5.6940 -21.2504 7.0000
    endloop
  endfacet
  facet normal -0.382683 -0.923880 0.000000
    outer loop
      vertex -11.0000 -19.0526 3.0000
      vertex -5.6940 -21.2504 7.0000
      vertex -11.0000 -19.0526 7.0000
    endloop
  endfacet
  facet normal 0.000000 0.000000 1.000000
    outer loop
      vertex 0.0000 0.0000 7.0000
      vertex -11.0000 -19.0526 7.0000
      vertex -5.6940 -21.2504 7.0000
    endloop
  endfacet
  facet normal 0.000000 0.000000 -1.000000
    outer loop
      vertex 0.0000 0.0000 3.0000
      vertex -5.6940 -21.2504 3.0000
      vertex -11.0000 -19.0526 3.0000
    endloop
  endfacet
  facet normal -0.130526 -0.991445 0.000000
    outer loop
      vertex -5.6940 -21.2504 3.0000
      vertex -0.0000 -22.0000 3.0000
      vertex -0.0000 -22.0000 7.0000
    endloop
  endfacet
  facet normal -0.130526 -0.991445 0.000000
    outer loop
      vertex -5.6940 -21.2504 3.0000
      vertex -0.0000 -22.0000 7.0000
      vertex -5.6940 -21.2504 7.0000
    endloop
  endfacet
  facet normal 0.000000 0.000000 1.000000
    outer loop
      vertex 0.0000 0.0000 7.0000
      vertex -5.6940 -21.2504 7.0000
      vertex -0.0000 -22.0000 7.0000
    endloop
  endfacet
  facet normal 0.000000 0.000000 -1.000000
    outer loop
      vertex 0.0000 0.0000 3.0000
      vertex -0.0000 -22.0000 3.0000
      vertex -5.6940 -21.2504 3.0000
    endloop
  endfacet
  facet normal 0.130526 -0.991445 0.000000
    outer loop
      vertex -0.0000 -22.0000 3.0000
      vertex 5.6940 -21.2504 3.0000
      vertex 5.6940 -21.2504 7.0000
    endloop
  endfacet
  facet normal 0.130526 -0.991445 0.000000
    outer loop
      vertex -0.0000 -22.0000 3.0000
      vertex 5.6940 -21.2504 7.0000
      vertex -0.0000 -22.0000 7.0000
    endloop
  endfacet
  facet normal 0.000000 0.000000 1.000000
    outer loop
      vertex 0.0000 0.0000 7.0000
      vertex -0.0000 -22.0000 7.0000
      vertex 5.6940 -21.2504 7.0000
    endloop
  endfacet
  facet normal 0.000000 0.000000 -1.000000
    outer loop
      vertex 0.0000 0.0000 3.0000
      vertex 5.6940 -21.2504 3.0000
      vertex -0.0000 -22.0000 3.0000
    endloop
  endfacet
  facet normal 0.382683 -0.923880 0.000000
    outer loop
      vertex 5.6940 -21.2504 3.0000
      vertex 11.0000 -19.0526 3.0000
      vertex 11.0000 -19.0526 7.0000
    endloop
  endfacet
  facet normal 0.382683 -0.923880 0.000000
    outer loop
      vertex 5.6940 -21.2504 3.0000
      vertex 11.0000 -19.0526 7.0000
      vertex 5.6940 -21.2504 7.0000
    endloop
  endfacet
  facet normal 0.000000 0.000000 1.000000
    outer loop
      vertex 0.0000 0.0000 7.0000
      vertex 5.6940 -21.2504 7.0000
      vertex 11.0000 -19.0526 7.0000
    endloop
  endfacet
  facet normal 0.000000 0.000000 -1.000000
    outer loop
      vertex 0.0000 0.0000 3.0000
      vertex 11.0000 -19.0526 3.0000
      vertex 5.6940 -21.2504 3.0000
    endloop
  endfacet
  facet normal 0.608761 -0.793353 0.000000
    outer loop
      vertex 11.0000 -19.0526 3.0000
      vertex 15.5563 -15.5563 3.0000
      vertex 15.5563 -15.5563 7.0000
    endloop
  endfacet
  facet normal 0.608761 -0.793353 0.000000
    outer loop
      vertex 11.0000 -19.0526 3.0000
      vertex 15.5563 -15.5563 7.0000
      vertex 11.0000 -19.0526 7.0000
    endloop
  endfacet
  facet normal 0.000000 0.000000 1.000000
    outer loop
      vertex 0.0000 0.0000 7.0000
      vertex 11.0000 -19.0526 7.0000
      vertex 15.5563 -15.5563 7.0000
    endloop
  endfacet
  facet normal 0.000000 0.000000 -1.000000
    outer loop
      vertex 0.0000 0.0000 3.0000
      vertex 15.5563 -15.5563 3.0000
      vertex 11.0000 -19.0526 3.0000
    endloop
  endfacet
  facet normal 0.793353 -0.608761 0.000000
    outer loop
      vertex 15.5563 -15.5563 3.0000
      vertex 19.0526 -11.0000 3.0000
      vertex 19.0526 -11.0000 7.0000
    endloop
  endfacet
  facet normal 0.793353 -0.608761 0.000000
    outer loop
      vertex 15.5563 -15.5563 3.0000
      vertex 19.0526 -11.0000 7.0000
      vertex 15.5563 -15.5563 7.0000
    endloop
  endfacet
  facet normal 0.000000 0.000000 1.000000
    outer loop
      vertex 0.0000 0.0000 7.0000
      vertex 15.5563 -15.5563 7.0000
      vertex 19.0526 -11.0000 7.0000
    endloop
  endfacet
  facet normal 0.000000 0.000000 -1.000000
    outer loop
      vertex 0.0000 0.0000 3.0000
      vertex 19.0526 -11.0000 3.0000
      vertex 15.5563 -15.5563 3.0000
    endloop
  endfacet
  facet normal 0.923880 -0.382683 0.000000
    outer loop
      vertex 19.0526 -11.0000 3.0000
      vertex 21.2504 -5.6940 3.0000
      vertex 21.2504 -5.6940 7.0000
    endloop
  endfacet
  facet normal 0.923880 -0.382683 0.000000
    outer loop
      vertex 19.0526 -11.0000 3.0000
      vertex 21.2504 -5.6940 7.0000
      vertex 19.0526 -11.0000 7.0000
    endloop
  endfacet
  facet normal 0.000000 0.000000 1.000000
    outer loop
      vertex 0.0000 0.0000 7.0000
      vertex 19.0526 -11.0000 7.0000
      vertex 21.2504 -5.6940 7.0000
    endloop
  endfacet
  facet normal 0.000000 0.000000 -1.000000
    outer loop
      vertex 0.0000 0.0000 3.0000
      vertex 21.2504 -5.6940 3.0000
      vertex 19.0526 -11.0000 3.0000
    endloop
  endfacet
  facet normal 0.991445 -0.130526 0.000000
    outer loop
      vertex 21.2504 -5.6940 3.0000
      vertex 22.0000 -0.0000 3.0000
      vertex 22.0000 -0.0000 7.0000
    endloop
  endfacet
  facet normal 0.991445 -0.130526 0.000000
    outer loop
      vertex 21.2504 -5.6940 3.0000
      vertex 22.0000 -0.0000 7.0000
      vertex 21.2504 -5.6940 7.0000
    endloop
  endfacet
  facet normal 0.000000 0.000000 1.000000
    outer loop
      vertex 0.0000 0.0000 7.0000
      vertex 21.2504 -5.6940 7.0000
      vertex 22.0000 -0.0000 7.0000
    endloop
  endfacet
  facet normal 0.000000 0.000000 -1.000000
    outer loop
      vertex 0.0000 0.0000 3.0000
      vertex 22.0000 -0.0000 3.0000
      vertex 21.2504 -5.6940 3.0000
    endloop
  endfacet
  facet normal 0.000000 0.000000 1.000000
    outer loop
      vertex 18.0000 0.0000 3.0000
      vertex 22.0000 0.0000 3.0000
      vertex 21.2504 5.6940 3.0000
    endloop
  endfacet
  facet normal 0.000000 0.000000 1.000000
    outer loop
      vertex 18.0000 0.0000 3.0000
      vertex 21.2504 5.6940 3.0000
      vertex 17.3867 4.6587 3.0000
    endloop
  endfacet
  facet normal 0.000000 0.000000 1.000000
    outer loop
      vertex 17.3867 4.6587 3.0000
      vertex 21.2504 5.6940 3.0000
      vertex 19.0526 11.0000 3.0000
    endloop
  endfacet
  facet normal 0.000000 0.000000 1.000000
    outer loop
      vertex 17.3867 4.6587 3.0000
      vertex 19.0526 11.0000 3.0000
      vertex 15.5885 9.0000 3.0000
    endloop
  endfacet
  facet normal 0.000000 0.000000 1.000000
    outer loop
      vertex 15.5885 9.0000 3.0000
      vertex 19.0526 11.0000 3.0000
      vertex 15.5563 15.5563 3.0000
    endloop
  endfacet
  facet normal 0.000000 0.000000 1.000000
    outer loop
      vertex 15.5885 9.0000 3.0000
      vertex 15.5563 15.5563 3.0000
      vertex 12.7279 12.7279 3.0000
    endloop
  endfacet
  facet normal 0.000000 0.000000 1.000000
    outer loop
      vertex 12.7279 12.7279 3.0000
      vertex 15.5563 15.5563 3.0000
      vertex 11.0000 19.0526 3.0000
    endloop
  endfacet
  facet normal 0.000000 0.000000 1.000000
    outer loop
      vertex 12.7279 12.7279 3.0000
      vertex 11.0000 19.0526 3.0000
      vertex 9.0000 15.5885 3.0000
    endloop
  endfacet
  facet normal 0.000000 0.000000 1.000000
    outer loop
      vertex 9.0000 15.5885 3.0000
      vertex 11.0000 19.0526 3.0000
      vertex 5.6940 21.2504 3.0000
    endloop
  endfacet
  facet normal 0.000000 0.000000 1.000000
    outer loop
      vertex 9.0000 15.5885 3.0000
      vertex 5.6940 21.2504 3.0000
      vertex 4.6587 17.3867 3.0000
    endloop
  endfacet
  facet normal 0.000000 0.000000 1.000000
    outer loop
      vertex 4.6587 17.3867 3.0000
      vertex 5.6940 21.2504 3.0000
      vertex 0.0000 22.0000 3.0000
    endloop
  endfacet
  facet normal 0.000000 0.000000 1.000000
    outer loop
      vertex 4.6587 17.3867 3.0000
      vertex 0.0000 22.0000 3.0000
      vertex 0.0000 18.0000 3.0000
    endloop
  endfacet
  facet normal 0.000000 0.000000 1.000000
    outer loop
      vertex 0.0000 18.0000 3.0000
      vertex 0.0000 22.0000 3.0000
      vertex -5.6940 21.2504 3.0000
    endloop
  endfacet
  facet normal 0.000000 0.000000 1.000000
    outer loop
      vertex 0.0000 18.0000 3.0000
      vertex -5.6940 21.2504 3.0000
      vertex -4.6587 17.3867 3.0000
    endloop
  endfacet
  facet normal 0.000000 0.000000 1.000000
    outer loop
      vertex -4.6587 17.3867 3.0000
      vertex -5.6940 21.2504 3.0000
      vertex -11.0000 19.0526 3.0000
    endloop
  endfacet
  facet normal 0.000000 0.000000 1.000000
    outer loop
      vertex -4.6587 17.3867 3.0000
      vertex -11.0000 19.0526 3.0000
      vertex -9.0000 15.5885 3.0000
    endloop
  endfacet
  facet normal 0.000000 0.000000 1.000000
    outer loop
      vertex -9.0000 15.5885 3.0000
      vertex -11.0000 19.0526 3.0000
      vertex -15.5563 15.5563 3.0000
    endloop
  endfacet
  facet normal 0.000000 0.000000 1.000000
    outer loop
      vertex -9.0000 15.5885 3.0000
      vertex -15.5563 15.5563 3.0000
      vertex -12.7279 12.7279 3.0000
    endloop
  endfacet
  facet normal 0.000000 0.000000 1.000000
    outer loop
      vertex -12.7279 12.7279 3.0000
      vertex -15.5563 15.5563 3.0000
      vertex -19.0526 11.0000 3.0000
    endloop
  endfacet
  facet normal 0.000000 0.000000 1.000000
    outer loop
      vertex -12.7279 12.7279 3.0000
      vertex -19.0526 11.0000 3.0000
      vertex -15.5885 9.0000 3.0000
    endloop
  endfacet
  facet normal 0.000000 0.000000 1.000000
    outer loop
      vertex -15.5885 9.0000 3.0000
      vertex -19.0526 11.0000 3.0000
      vertex -21.2504 5.6940 3.0000
    endloop
  endfacet
  facet normal 0.000000 0.000000 1.000000
    outer loop
      vertex -15.5885 9.0000 3.0000
      vertex -21.2504 5.6940 3.0000
      vertex -17.3867 4.6587 3.0000
    endloop
  endfacet
  facet normal 0.000000 0.000000 1.000000
    outer loop
      vertex -17.3867 4.6587 3.0000
      vertex -21.2504 5.6940 3.0000
      vertex -22.0000 0.0000 3.0000
    endloop
  endfacet
  facet normal 0.000000 0.000000 1.000000
    outer loop
      vertex -17.3867 4.6587 3.0000
      vertex -22.0000 0.0000 3.0000
      vertex -18.0000 0.0000 3.0000
    endloop
  endfacet
  facet normal 0.000000 0.000000 1.000000
    outer loop
      vertex -18.0000 0.0000 3.0000
      vertex -22.0000 0.0000 3.0000
      vertex -21.2504 -5.6940 3.0000
    endloop
  endfacet
  facet normal 0.000000 0.000000 1.000000
    outer loop
      vertex -18.0000 0.0000 3.0000
      vertex -21.2504 -5.6940 3.0000
      vertex -17.3867 -4.6587 3.0000
    endloop
  endfacet
  facet normal 0.000000 0.000000 1.000000
    outer loop
      vertex -17.3867 -4.6587 3.0000
      vertex -21.2504 -5.6940 3.0000
      vertex -19.0526 -11.0000 3.0000
    endloop
  endfacet
  facet normal 0.000000 0.000000 1.000000
    outer loop
      vertex -17.3867 -4.6587 3.0000
      vertex -19.0526 -11.0000 3.0000
      vertex -15.5885 -9.0000 3.0000
    endloop
  endfacet
  facet normal 0.000000 0.000000 1.000000
    outer loop
      vertex -15.5885 -9.0000 3.0000
      vertex -19.0526 -11.0000 3.0000
      vertex -15.5563 -15.5563 3.0000
    endloop
  endfacet
  facet normal 0.000000 0.000000 1.000000
    outer loop
      vertex -15.5885 -9.0000 3.0000
      vertex -15.5563 -15.5563 3.0000
      vertex -12.7279 -12.7279 3.0000
    endloop
  endfacet
  facet normal 0.000000 0.000000 1.000000
    outer loop
      vertex -12.7279 -12.7279 3.0000
      vertex -15.5563 -15.5563 3.0000
      vertex -11.0000 -19.0526 3.0000
    endloop
  endfacet
  facet normal 0.000000 0.000000 1.000000
    outer loop
      vertex -12.7279 -12.7279 3.0000
      vertex -11.0000 -19.0526 3.0000
      vertex -9.0000 -15.5885 3.0000
    endloop
  endfacet
  facet normal 0.000000 0.000000 1.000000
    outer loop
      vertex -9.0000 -15.5885 3.0000
      vertex -11.0000 -19.0526 3.0000
      vertex -5.6940 -21.2504 3.0000
    endloop
  endfacet
  facet normal 0.000000 0.000000 1.000000
    outer loop
      vertex -9.0000 -15.5885 3.0000
      vertex -5.6940 -21.2504 3.0000
      vertex -4.6587 -17.3867 3.0000
    endloop
  endfacet
  facet normal 0.000000 0.000000 1.000000
    outer loop
      vertex -4.6587 -17.3867 3.0000
      vertex -5.6940 -21.2504 3.0000
      vertex -0.0000 -22.0000 3.0000
    endloop
  endfacet
  facet normal 0.000000 0.000000 1.000000
    outer loop
      vertex -4.6587 -17.3867 3.0000
      vertex -0.0000 -22.0000 3.0000
      vertex -0.0000 -18.0000 3.0000
    endloop
  endfacet
  facet normal 0.000000 0.000000 1.000000
    outer loop
      vertex -0.0000 -18.0000 3.0000
      vertex -0.0000 -22.0000 3.0000
      vertex 5.6940 -21.2504 3.0000
    endloop
  endfacet
  facet normal 0.000000 0.000000 1.000000
    outer loop
      vertex -0.0000 -18.0000 3.0000
      vertex 5.6940 -21.2504 3.0000
      vertex 4.6587 -17.3867 3.0000
    endloop
  endfacet
  facet normal 0.000000 0.000000 1.000000
    outer loop
      vertex 4.6587 -17.3867 3.0000
      vertex 5.6940 -21.2504 3.0000
      vertex 11.0000 -19.0526 3.0000
    endloop
  endfacet
  facet normal 0.000000 0.000000 1.000000
    outer loop
      vertex 4.6587 -17.3867 3.0000
      vertex 11.0000 -19.0526 3.0000
      vertex 9.0000 -15.5885 3.0000
    endloop
  endfacet
  facet normal 0.000000 0.000000 1.000000
    outer loop
      vertex 9.0000 -15.5885 3.0000
      vertex 11.0000 -19.0526 3.0000
      vertex 15.5563 -15.5563 3.0000
    endloop
  endfacet
  facet normal 0.000000 0.000000 1.000000
    outer loop
      vertex 9.0000 -15.5885 3.0000
      vertex 15.5563 -15.5563 3.0000
      vertex 12.7279 -12.7279 3.0000
    endloop
  endfacet
  facet normal 0.000000 0.000000 1.000000
    outer loop
      vertex 12.7279 -12.7279 3.0000
      vertex 15.5563 -15.5563 3.0000
      vertex 19.0526 -11.0000 3.0000
    endloop
  endfacet
  facet normal 0.000000 0.000000 1.000000
    outer loop
      vertex 12.7279 -12.7279 3.0000
      vertex 19.0526 -11.0000 3.0000
      vertex 15.5885 -9.0000 3.0000
    endloop
  endfacet
  facet normal 0.000000 0.000000 1.000000
    outer loop
      vertex 15.5885 -9.0000 3.0000
      vertex 19.0526 -11.0000 3.0000
      vertex 21.2504 -5.6940 3.0000
    endloop
  endfacet
  facet normal 0.000000 0.000000 1.000000
    outer loop
      vertex 15.5885 -9.0000 3.0000
      vertex 21.2504 -5.6940 3.0000
      vertex 17.3867 -4.6587 3.0000
    endloop
  endfacet
  facet normal 0.000000 0.000000 1.000000
    outer loop
      vertex 17.3867 -4.6587 3.0000
      vertex 21.2504 -5.6940 3.0000
      vertex 22.0000 -0.0000 3.0000
    endloop
  endfacet
  facet normal 0.000000 0.000000 1.000000
    outer loop
      vertex 17.3867 -4.6587 3.0000
      vertex 22.0000 -0.0000 3.0000
      vertex 18.0000 -0.0000 3.0000
    endloop
  endfacet
  facet normal 0.923880 0.382683 0.000000
    outer loop
      vertex 22.0000 0.0000 4.0000
      vertex 21.4142 1.4142 4.0000
      vertex 21.4142 1.4142 6.0000
    endloop
  endfacet
  facet normal 0.923880 0.382683 0.000000
    outer loop
      vertex 22.0000 0.0000 4.0000
      vertex 21.4142 1.4142 6.0000
      vertex 22.0000 0.0000 6.0000
    endloop
  endfacet
  facet normal 0.000000 0.000000 1.000000
    outer loop
      vertex 20.0000 0.0000 6.0000
      vertex 22.0000 0.0000 6.0000
      vertex 21.4142 1.4142 6.0000
    endloop
  endfacet
  facet normal 0.000000 0.000000 -1.000000
    outer loop
      vertex 20.0000 0.0000 4.0000
      vertex 21.4142 1.4142 4.0000
      vertex 22.0000 0.0000 4.0000
    endloop
  endfacet
  facet normal 0.382683 0.923880 0.000000
    outer loop
      vertex 21.4142 1.4142 4.0000
      vertex 20.0000 2.0000 4.0000
      vertex 20.0000 2.0000 6.0000
    endloop
  endfacet
  facet normal 0.382683 0.923880 0.000000
    outer loop
      vertex 21.4142 1.4142 4.0000
      vertex 20.0000 2.0000 6.0000
      vertex 21.4142 1.4142 6.0000
    endloop
  endfacet
  facet normal 0.000000 0.000000 1.000000
    outer loop
      vertex 20.0000 0.0000 6.0000
      vertex 21.4142 1.4142 6.0000
      vertex 20.0000 2.0000 6.0000
    endloop
  endfacet
  facet normal 0.000000 0.000000 -1.000000
    outer loop
      vertex 20.0000 0.0000 4.0000
      vertex 20.0000 2.0000 4.0000
      vertex 21.4142 1.4142 4.0000
    endloop
  endfacet
  facet normal -0.382683 0.923880 0.000000
    outer loop
      vertex 20.0000 2.0000 4.0000
      vertex 18.5858 1.4142 4.0000
      vertex 18.5858 1.4142 6.0000
    endloop
  endfacet
  facet normal -0.382683 0.923880 0.000000
    outer loop
      vertex 20.0000 2.0000 4.0000
      vertex 18.5858 1.4142 6.0000
      vertex 20.0000 2.0000 6.0000
    endloop
  endfacet
  facet normal 0.000000 0.000000 1.000000
    outer loop
      vertex 20.0000 0.0000 6.0000
      vertex 20.0000 2.0000 6.0000
      vertex 18.5858 1.4142 6.0000
    endloop
  endfacet
  facet normal 0.000000 0.000000 -1.000000
    outer loop
      vertex 20.0000 0.0000 4.0000
      vertex 18.5858 1.4142 4.0000
      vertex 20.0000 2.0000 4.0000
    endloop
  endfacet
  facet normal -0.923880 0.382683 0.000000
    outer loop
      vertex 18.5858 1.4142 4.0000
      vertex 18.0000 0.0000 4.0000
      vertex 18.0000 0.0000 6.0000
    endloop
  endfacet
  facet normal -0.923880 0.382683 0.000000
    outer loop
      vertex 18.5858 1.4142 4.0000
      vertex 18.0000 0.0000 6.0000
      vertex 18.5858 1.4142 6.0000
    endloop
  endfacet
  facet normal 0.000000 0.000000 1.000000
    outer loop
      vertex 20.0000 0.0000 6.0000
      vertex 18.5858 1.4142 6.0000
      vertex 18.0000 0.0000 6.0000
    endloop
  endfacet
  facet normal 0.000000 0.000000 -1.000000
    outer loop
      vertex 20.0000 0.0000 4.0000
      vertex 18.0000 0.0000 4.0000
      vertex 18.5858 1.4142 4.0000
    endloop
  endfacet
  facet normal -0.923880 -0.382683 0.000000
    outer loop
      vertex 18.0000 0.0000 4.0000
      vertex 18.5858 -1.4142 4.0000
      vertex 18.5858 -1.4142 6.0000
    endloop
  endfacet
  facet normal -0.923880 -0.382683 0.000000
    outer loop
      vertex 18.0000 0.0000 4.0000
      vertex 18.5858 -1.4142 6.0000
      vertex 18.0000 0.0000 6.0000
    endloop
  endfacet
  facet normal 0.000000 0.000000 1.000000
    outer loop
      vertex 20.0000 0.0000 6.0000
      vertex 18.0000 0.0000 6.0000
      vertex 18.5858 -1.4142 6.0000
    endloop
  endfacet
  facet normal 0.000000 0.000000 -1.000000
    outer loop
      vertex 20.0000 0.0000 4.0000
      vertex 18.5858 -1.4142 4.0000
      vertex 18.0000 0.0000 4.0000
    endloop
  endfacet
  facet normal -0.382683 -0.923880 0.000000
    outer loop
      vertex 18.5858 -1.4142 4.0000
      vertex 20.0000 -2.0000 4.0000
      vertex 20.0000 -2.0000 6.0000
    endloop
  endfacet
  facet normal -0.382683 -0.923880 0.000000
    outer loop
      vertex 18.5858 -1.4142 4.0000
      vertex 20.0000 -2.0000 6.0000
      vertex 18.5858 -1.4142 6.0000
    endloop
  endfacet
  facet normal 0.000000 0.000000 1.000000
    outer loop
      vertex 20.0000 0.0000 6.0000
      vertex 18.5858 -1.4142 6.0000
      vertex 20.0000 -2.0000 6.0000
    endloop
  endfacet
  facet normal 0.000000 0.000000 -1.000000
    outer loop
      vertex 20.0000 0.0000 4.0000
      vertex 20.0000 -2.0000 4.0000
      vertex 18.5858 -1.4142 4.0000
    endloop
  endfacet
  facet normal 0.382683 -0.923880 0.000000
    outer loop
      vertex 20.0000 -2.0000 4.0000
      vertex 21.4142 -1.4142 4.0000
      vertex 21.4142 -1.4142 6.0000
    endloop
  endfacet
  facet normal 0.382683 -0.923880 0.000000
    outer loop
      vertex 20.0000 -2.0000 4.0000
      vertex 21.4142 -1.4142 6.0000
      vertex 20.0000 -2.0000 6.0000
    endloop
  endfacet
  facet normal 0.000000 0.000000 1.000000
    outer loop
      vertex 20.0000 0.0000 6.0000
      vertex 20.0000 -2.0000 6.0000
      vertex 21.4142 -1.4142 6.0000
    endloop
  endfacet
  facet normal 0.000000 0.000000 -1.000000
    outer loop
      vertex 20.0000 0.0000 4.0000
      vertex 21.4142 -1.4142 4.0000
      vertex 20.0000 -2.0000 4.0000
    endloop
  endfacet
  facet normal 0.923880 -0.382683 0.000000
    outer loop
      vertex 21.4142 -1.4142 4.0000
      vertex 22.0000 -0.0000 4.0000
      vertex 22.0000 -0.0000 6.0000
    endloop
  endfacet
  facet normal 0.923880 -0.382683 0.000000
    outer loop
      vertex 21.4142 -1.4142 4.0000
      vertex 22.0000 -0.0000 6.0000
      vertex 21.4142 -1.4142 6.0000
    endloop
  endfacet
  facet normal 0.000000 0.000000 1.000000
    outer loop
      vertex 20.0000 0.0000 6.0000
      vertex 21.4142 -1.4142 6.0000
      vertex 22.0000 -0.0000 6.0000
    endloop
  endfacet
  facet normal 0.000000 0.000000 -1.000000
    outer loop
      vertex 20.0000 0.0000 4.0000
      vertex 22.0000 -0.0000 4.0000
      vertex 21.4142 -1.4142 4.0000
    endloop
  endfacet
  facet normal 0.923880 0.382683 0.000000
    outer loop
      vertex 19.3205 10.0000 4.0000
      vertex 18.7347 11.4142 4.0000
      vertex 18.7347 11.4142 6.0000
    endloop
  endfacet
  facet normal 0.923880 0.382683 0.000000
    outer loop
      vertex 19.3205 10.0000 4.0000
      vertex 18.7347 11.4142 6.0000
      vertex 19.3205 10.0000 6.0000
    endloop
  endfacet
  facet normal 0.000000 0.000000 1.000000
    outer loop
      vertex 17.3205 10.0000 6.0000
      vertex 19.3205 10.0000 6.0000
      vertex 18.7347 11.4142 6.0000
    endloop
  endfacet
  facet normal 0.000000 0.000000 -1.000000
    outer loop
      vertex 17.3205 10.0000 4.0000
      vertex 18.7347 11.4142 4.0000
      vertex 19.3205 10.0000 4.0000
    endloop
  endfacet
  facet normal 0.382683 0.923880 0.000000
    outer loop
      vertex 18.7347 11.4142 4.0000
      vertex 17.3205 12.0000 4.0000
      vertex 17.3205 12.0000 6.0000
    endloop
  endfacet
  facet normal 0.382683 0.923880 0.000000
    outer loop
      vertex 18.7347 11.4142 4.0000
      vertex 17.3205 12.0000 6.0000
      vertex 18.7347 11.4142 6.0000
    endloop
  endfacet
  facet normal 0.000000 0.000000 1.000000
    outer loop
      vertex 17.3205 10.0000 6.0000
      vertex 18.7347 11.4142 6.0000
      vertex 17.3205 12.0000 6.0000
    endloop
  endfacet
  facet normal 0.000000 0.000000 -1.000000
    outer loop
      vertex 17.3205 10.0000 4.0000
      vertex 17.3205 12.0000 4.0000
      vertex 18.7347 11.4142 4.0000
    endloop
  endfacet
  facet normal -0.382683 0.923880 0.000000
    outer loop
      vertex 17.3205 12.0000 4.0000
      vertex 15.9063 11.4142 4.0000
      vertex 15.9063 11.4142 6.0000
    endloop
  endfacet
  facet normal -0.382683 0.923880 0.000000
    outer loop
      vertex 17.3205 12.0000 4.0000
      vertex 15.9063 11.4142 6.0000
      vertex 17.3205 12.0000 6.0000
    endloop
  endfacet
  facet normal 0.000000 0.000000 1.000000
    outer loop
      vertex 17.3205 10.0000 6.0000
      vertex 17.3205 12.0000 6.0000
      vertex 15.9063 11.4142 6.0000
    endloop
  endfacet
  facet normal 0.000000 0.000000 -1.000000
    outer loop
      vertex 17.3205 10.0000 4.0000
      vertex 15.9063 11.4142 4.0000
      vertex 17.3205 12.0000 4.0000
    endloop
  endfacet
  facet normal -0.923880 0.382683 0.000000
    outer loop
      vertex 15.9063 11.4142 4.0000
      vertex 15.3205 10.0000 4.0000
      vertex 15.3205 10.0000 6.0000
    endloop
  endfacet
  facet normal -0.923880 0.382683 0.000000
    outer loop
      vertex 15.9063 11.4142 4.0000
      vertex 15.3205 10.0000 6.0000
      vertex 15.9063 11.4142 6.0000
    endloop
  endfacet
  facet normal 0.000000 0.000000 1.000000
    outer loop
      vertex 17.3205 10.0000 6.0000
      vertex 15.9063 11.4142 6.0000
      vertex 15.3205 10.0000 6.0000
    endloop
  endfacet
  facet normal 0.000000 0.000000 -1.000000
    outer loop
      vertex 17.3205 10.0000 4.0000
      vertex 15.3205 10.0000 4.0000
      vertex 15.9063 11.4142 4.0000
    endloop
  endfacet
  facet normal -0.923880 -0.382683 0.000000
    outer loop
      vertex 15.3205 10.0000 4.0000
      vertex 15.9063 8.5858 4.0000
      vertex 15.9063 8.5858 6.0000
    endloop
  endfacet
  facet normal -0.923880 -0.382683 0.000000
    outer loop
      vertex 15.3205 10.0000 4.0000
      vertex 15.9063 8.5858 6.0000
      vertex 15.3205 10.0000 6.0000
    endloop
  endfacet
  facet normal 0.000000 0.000000 1.000000
    outer loop
      vertex 17.3205 10.0000 6.0000
      vertex 15.3205 10.0000 6.0000
      vertex 15.9063 8.5858 6.0000
    endloop
  endfacet
  facet normal 0.000000 0.000000 -1.000000
    outer loop
      vertex 17.3205 10.0000 4.0000
      vertex 15.9063 8.5858 4.0000
      vertex 15.3205 10.0000 4.0000
    endloop
  endfacet
  facet normal -0.382683 -0.923880 0.000000
    outer loop
      vertex 15.9063 8.5858 4.0000
      vertex 17.3205 8.0000 4.0000
      vertex 17.3205 8.0000 6.0000
    endloop
  endfacet
  facet normal -0.382683 -0.923880 0.000000
    outer loop
      vertex 15.9063 8.5858 4.0000
      vertex 17.3205 8.0000 6.0000
      vertex 15.9063 8.5858 6.0000
    endloop
  endfacet
  facet normal 0.000000 0.000000 1.000000
    outer loop
      vertex 17.3205 10.0000 6.0000
      vertex 15.9063 8.5858 6.0000
      vertex 17.3205 8.0000 6.0000
    endloop
  endfacet
  facet normal 0.000000 0.000000 -1.000000
    outer loop
      vertex 17.3205 10.0000 4.0000
      vertex 17.3205 8.0000 4.0000
      vertex 15.9063 8.5858 4.0000
    endloop
  endfacet
  facet normal 0.382683 -0.923880 0.000000
    outer loop
      vertex 17.3205 8.0000 4.0000
      vertex 18.7347 8.5858 4.0000
      vertex 18.7347 8.5858 6.0000
    endloop
  endfacet
  facet normal 0.382683 -0.923880 0.000000
    outer loop
      vertex 17.3205 8.0000 4.0000
      vertex 18.7347 8.5858 6.0000
      vertex 17.3205 8.0000 6.0000
    endloop
  endfacet
  facet normal 0.000000 0.000000 1.000000
    outer loop
      vertex 17.3205 10.0000 6.0000
      vertex 17.3205 8.0000 6.0000
      vertex 18.7347 8.5858 6.0000
    endloop
  endfacet
  facet normal 0.000000 0.000000 -1.000000
    outer loop
      vertex 17.3205 10.0000 4.0000
      vertex 18.7347 8.5858 4.0000
      vertex 17.3205 8.0000 4.0000
    endloop
  endfacet
  facet normal 0.923880 -0.382683 0.000000
    outer loop
      vertex 18.7347 8.5858 4.0000
      vertex 19.3205 10.0000 4.0000
      vertex 19.3205 10.0000 6.0000
    endloop
  endfacet
  facet normal 0.923880 -0.382683 0.000000
    outer loop
      vertex 18.7347 8.5858 4.0000
      vertex 19.3205 10.0000 6.0000
      vertex 18.7347 8.5858 6.0000
    endloop
  endfacet
  facet normal 0.000000 0.000000 1.000000
    outer loop
      vertex 17.3205 10.0000 6.0000
      vertex 18.7347 8.5858 6.0000
      vertex 19.3205 10.0000 6.0000
    endloop
  endfacet
  facet normal 0.000000 0.000000 -1.000000
    outer loop
      vertex 17.3205 10.0000 4.0000
      vertex 19.3205 10.0000 4.0000
      vertex 18.7347 8.5858 4.0000
    endloop
  endfacet
  facet normal 0.923880 0.382683 0.000000
    outer loop
      vertex 12.0000 17.3205 4.0000
      vertex 11.4142 18.7347 4.0000
      vertex 11.4142 18.7347 6.0000
    endloop
  endfacet
  facet normal 0.923880 0.382683 0.000000
    outer loop
      vertex 12.0000 17.3205 4.0000
      vertex 11.4142 18.7347 6.0000
      vertex 12.0000 17.3205 6.0000
    endloop
  endfacet
  facet normal 0.000000 0.000000 1.000000
    outer loop
      vertex 10.0000 17.3205 6.0000
      vertex 12.0000 17.3205 6.0000
      vertex 11.4142 18.7347 6.0000
    endloop
  endfacet
  facet normal 0.000000 0.000000 -1.000000
    outer loop
      vertex 10.0000 17.3205 4.0000
      vertex 11.4142 18.7347 4.0000
      vertex 12.0000 17.3205 4.0000
    endloop
  endfacet
  facet normal 0.382683 0.923880 0.000000
    outer loop
      vertex 11.4142 18.7347 4.0000
      vertex 10.0000 19.3205 4.0000
      vertex 10.0000 19.3205 6.0000
    endloop
  endfacet
  facet normal 0.382683 0.923880 0.000000
    outer loop
      vertex 11.4142 18.7347 4.0000
      vertex 10.0000 19.3205 6.0000
      vertex 11.4142 18.7347 6.0000
    endloop
  endfacet
  facet normal 0.000000 0.000000 1.000000
    outer loop
      vertex 10.0000 17.3205 6.0000
      vertex 11.4142 18.7347 6.0000
      vertex 10.0000 19.3205 6.0000
    endloop
  endfacet
  facet normal 0.000000 0.000000 -1.000000
    outer loop
      vertex 10.0000 17.3205 4.0000
      vertex 10.0000 19.3205 4.0000
      vertex 11.4142 18.7347 4.0000
    endloop
  endfacet
  facet normal -0.382683 0.923880 0.000000
    outer loop
      vertex 10.0000 19.3205 4.0000
      vertex 8.5858 18.7347 4.0000
      vertex 8.5858 18.7347 6.0000
    endloop
  endfacet
  facet normal -0.382683 0.923880 0.000000
    outer loop
      vertex 10.0000 19.3205 4.0000
      vertex 8.5858 18.7347 6.0000
      vertex 10.0000 19.3205 6.0000
    endloop
  endfacet
  facet normal 0.000000 0.000000 1.000000
    outer loop
      vertex 10.0000 17.3205 6.0000
      vertex 10.0000 19.3205 6.0000
      vertex 8.5858 18.7347 6.0000
    endloop
  endfacet
  facet normal 0.000000 0.000000 -1.000000
    outer loop
      vertex 10.0000 17.3205 4.0000
      vertex 8.5858 18.7347 4.0000
      vertex 10.0000 19.3205 4.0000
    endloop
  endfacet
  facet normal -0.923880 0.382683 0.000000
    outer loop
      vertex 8.5858 18.7347 4.0000
      vertex 8.0000 17.3205 4.0000
      vertex 8.0000 17.3205 6.0000
    endloop
  endfacet
  facet normal -0.923880 0.382683 0.000000
    outer loop
      vertex 8.5858 18.7347 4.0000
      vertex 8.0000 17.3205 6.0000
      vertex 8.5858 18.7347 6.0000
    endloop
  endfacet
  facet normal 0.000000 0.000000 1.000000
    outer loop
      vertex 10.0000 17.3205 6.0000
      vertex 8.5858 18.7347 6.0000
      vertex 8.0000 17.3205 6.0000
    endloop
  endfacet
  facet normal 0.000000 0.000000 -1.000000
    outer loop
      vertex 10.0000 17.3205 4.0000
      vertex 8.0000 17.3205 4.0000
      vertex 8.5858 18.7347 4.0000
    endloop
  endfacet
  facet normal -0.923880 -0.382683 0.000000
    outer loop
      vertex 8.0000 17.3205 4.0000
      vertex 8.5858 15.9063 4.0000
      vertex 8.5858 15.9063 6.0000
    endloop
  endfacet
  facet normal -0.923880 -0.382683 0.000000
    outer loop
      vertex 8.0000 17.3205 4.0000
      vertex 8.5858 15.9063 6.0000
      vertex 8.0000 17.3205 6.0000
    endloop
  endfacet
  facet normal 0.000000 0.000000 1.000000
    outer loop
      vertex 10.0000 17.3205 6.0000
      vertex 8.0000 17.3205 6.0000
      vertex 8.5858 15.9063 6.0000
    endloop
  endfacet
  facet normal 0.000000 0.000000 -1.000000
    outer loop
      vertex 10.0000 17.3205 4.0000
      vertex 8.5858 15.9063 4.0000
      vertex 8.0000 17.3205 4.0000
    endloop
  endfacet
  facet normal -0.382683 -0.923880 0.000000
    outer loop
      vertex 8.5858 15.9063 4.0000
      vertex 10.0000 15.3205 4.0000
      vertex 10.0000 15.3205 6.0000
    endloop
  endfacet
  facet normal -0.382683 -0.923880 0.000000
    outer loop
      vertex 8.5858 15.9063 4.0000
      vertex 10.0000 15.3205 6.0000
      vertex 8.5858 15.9063 6.0000
    endloop
  endfacet
  facet normal 0.000000 0.000000 1.000000
    outer loop
      vertex 10.0000 17.3205 6.0000
      vertex 8.5858 15.9063 6.0000
      vertex 10.0000 15.3205 6.0000
    endloop
  endfacet
  facet normal 0.000000 0.000000 -1.000000
    outer loop
      vertex 10.0000 17.3205 4.0000
      vertex 10.0000 15.3205 4.0000
      vertex 8.5858 15.9063 4.0000
    endloop
  endfacet
  facet normal 0.382683 -0.923880 0.000000
    outer loop
      vertex 10.0000 15.3205 4.0000
      vertex 11.4142 15.9063 4.0000
      vertex 11.4142 15.9063 6.0000
    endloop
  endfacet
  facet normal 0.382683 -0.923880 0.000000
    outer loop
      vertex 10.0000 15.3205 4.0000
      vertex 11.4142 15.9063 6.0000
      vertex 10.0000 15.3205 6.0000
    endloop
  endfacet
  facet normal 0.000000 0.000000 1.000000
    outer loop
      vertex 10.0000 17.3205 6.0000
      vertex 10.0000 15.3205 6.0000
      vertex 11.4142 15.9063 6.0000
    endloop
  endfacet
  facet normal 0.000000 0.000000 -1.000000
    outer loop
      vertex 10.0000 17.3205 4.0000
      vertex 11.4142 15.9063 4.0000
      vertex 10.0000 15.3205 4.0000
    endloop
  endfacet
  facet normal 0.923880 -0.382683 0.000000
    outer loop
      vertex 11.4142 15.9063 4.0000
      vertex 12.0000 17.3205 4.0000
      vertex 12.0000 17.3205 6.0000
    endloop
  endfacet
  facet normal 0.923880 -0.382683 0.000000
    outer loop
      vertex 11.4142 15.9063 4.0000
      vertex 12.0000 17.3205 6.0000
      vertex 11.4142 15.9063 6.0000
    endloop
  endfacet
  facet normal 0.000000 0.000000 1.000000
    outer loop
      vertex 10.0000 17.3205 6.0000
      vertex 11.4142 15.9063 6.0000
      vertex 12.0000 17.3205 6.0000
    endloop
  endfacet
  facet normal 0.000000 0.000000 -1.000000
    outer loop
      vertex 10.0000 17.3205 4.0000
      vertex 12.0000 17.3205 4.0000
      vertex 11.4142 15.9063 4.0000
    endloop
  endfacet
  facet normal 0.923880 0.382683 0.000000
    outer loop
      vertex 2.0000 20.0000 4.0000
      vertex 1.4142 21.4142 4.0000
      vertex 1.4142 21.4142 6.0000
    endloop
  endfacet
  facet normal 0.923880 0.382683 0.000000
    outer loop
      vertex 2.0000 20.0000 4.0000
      vertex 1.4142 21.4142 6.0000
      vertex 2.0000 20.0000 6.0000
    endloop
  endfacet
  facet normal 0.000000 0.000000 1.000000
    outer loop
      vertex 0.0000 20.0000 6.0000
      vertex 2.0000 20.0000 6.0000
      vertex 1.4142 21.4142 6.0000
    endloop
  endfacet
  facet normal 0.000000 0.000000 -1.000000
    outer loop
      vertex 0.0000 20.0000 4.0000
      vertex 1.4142 21.4142 4.0000
      vertex 2.0000 20.0000 4.0000
    endloop
  endfacet
  facet normal 0.382683 0.923880 0.000000
    outer loop
      vertex 1.4142 21.4142 4.0000
      vertex 0.0000 22.0000 4.0000
      vertex 0.0000 22.0000 6.0000
    endloop
  endfacet
  facet normal 0.382683 0.923880 0.000000
    outer loop
      vertex 1.4142 21.4142 4.0000
      vertex 0.0000 22.0000 6.0000
      vertex 1.4142 21.4142 6.0000
    endloop
  endfacet
  facet normal 0.000000 0.000000 1.000000
    outer loop
      vertex 0.0000 20.0000 6.0000
      vertex 1.4142 21.4142 6.0000
      vertex 0.0000 22.0000 6.0000
    endloop
  endfacet
  facet normal 0.000000 0.000000 -1.000000
    outer loop
      vertex 0.0000 20.0000 4.0000
      vertex 0.0000 22.0000 4.0000
      vertex 1.4142 21.4142 4.0000
    endloop
  endfacet
  facet normal -0.382683 0.923880 0.000000
    outer loop
      vertex 0.0000 22.0000 4.0000
      vertex -1.4142 21.4142 4.0000
      vertex -1.4142 21.4142 6.0000
    endloop
  endfacet
  facet normal -0.382683 0.923880 0.000000
    outer loop
      vertex 0.0000 22.0000 4.0000
      vertex -1.4142 21.4142 6.0000
      vertex 0.0000 22.0000 6.0000
    endloop
  endfacet
  facet normal 0.000000 0.000000 1.000000
    outer loop
      vertex 0.0000 20.0000 6.0000
      vertex 0.0000 22.0000 6.0000
      vertex -1.4142 21.4142 6.0000
    endloop
  endfacet
  facet normal 0.000000 0.000000 -1.000000
    outer loop
      vertex 0.0000 20.0000 4.0000
      vertex -1.4142 21.4142 4.0000
      vertex 0.0000 22.0000 4.0000
    endloop
  endfacet
  facet normal -0.923880 0.382683 0.000000
    outer loop
      vertex -1.4142 21.4142 4.0000
      vertex -2.0000 20.0000 4.0000
      vertex -2.0000 20.0000 6.0000
    endloop
  endfacet
  facet normal -0.923880 0.382683 0.000000
    outer loop
      vertex -1.4142 21.4142 4.0000
      vertex -2.0000 20.0000 6.0000
      vertex -1.4142 21.4142 6.0000
    endloop
  endfacet
  facet normal 0.000000 0.000000 1.000000
    outer loop
      vertex 0.0000 20.0000 6.0000
      vertex -1.4142 21.4142 6.0000
      vertex -2.0000 20.0000 6.0000
    endloop
  endfacet
  facet normal 0.000000 0.000000 -1.000000
    outer loop
      vertex 0.0000 20.0000 4.0000
      vertex -2.0000 20.0000 4.0000
      vertex -1.4142 21.4142 4.0000
    endloop
  endfacet
  facet normal -0.923880 -0.382683 0.000000
    outer loop
      vertex -2.0000 20.0000 4.0000
      vertex -1.4142 18.5858 4.0000
      vertex -1.4142 18.5858 6.0000
    endloop
  endfacet
  facet normal -0.923880 -0.382683 0.000000
    outer loop
      vertex -2.0000 20.0000 4.0000
      vertex -1.4142 18.5858 6.0000
      vertex -2.0000 20.0000 6.0000
    endloop
  endfacet
  facet normal 0.000000 0.000000 1.000000
    outer loop
      vertex 0.0000 20.0000 6.0000
      vertex -2.0000 20.0000 6.0000
      vertex -1.4142 18.5858 6.0000
    endloop
  endfacet
  facet normal 0.000000 0.000000 -1.000000
    outer loop
      vertex 0.0000 20.0000 4.0000
      vertex -1.4142 18.5858 4.0000
      vertex -2.0000 20.0000 4.0000
    endloop
  endfacet
  facet normal -0.382683 -0.923880 0.000000
    outer loop
      vertex -1.4142 18.5858 4.0000
      vertex 0.0000 18.0000 4.0000
      vertex 0.0000 18.0000 6.0000
    endloop
  endfacet
  facet normal -0.382683 -0.923880 0.000000
    outer loop
      vertex -1.4142 18.5858 4.0000
      vertex 0.0000 18.0000 6.0000
      vertex -1.4142 18.5858 6.0000
    endloop
  endfacet
  facet normal 0.000000 0.000000 1.000000
    outer loop
      vertex 0.0000 20.0000 6.0000
      vertex -1.4142 18.5858 6.0000
      vertex 0.0000 18.0000 6.0000
    endloop
  endfacet
  facet normal 0.000000 0.000000 -1.000000
    outer loop
      vertex 0.0000 20.0000 4.0000
      vertex 0.0000 18.0000 4.0000
      vertex -1.4142 18.5858 4.0000
    endloop
  endfacet
  facet normal 0.382683 -0.923880 0.000000
    outer loop
      vertex 0.0000 18.0000 4.0000
      vertex 1.4142 18.5858 4.0000
      vertex 1.4142 18.5858 6.0000
    endloop
  endfacet
  facet normal 0.382683 -0.923880 0.000000
    outer loop
      vertex 0.0000 18.0000 4.0000
      vertex 1.4142 18.5858 6.0000
      vertex 0.0000 18.0000 6.0000
    endloop
  endfacet
  facet normal 0.000000 0.000000 1.000000
    outer loop
      vertex 0.0000 20.0000 6.0000
      vertex 0.0000 18.0000 6.0000
      vertex 1.4142 18.5858 6.0000
    endloop
  endfacet
  facet normal 0.000000 0.000000 -1.000000
    outer loop
      vertex 0.0000 20.0000 4.0000
      vertex 1.4142 18.5858 4.0000
      vertex 0.0000 18.0000 4.0000
    endloop
  endfacet
  facet normal 0.923880 -0.382683 0.000000
    outer loop
      vertex 1.4142 18.5858 4.0000
      vertex 2.0000 20.0000 4.0000
      vertex 2.0000 20.0000 6.0000
    endloop
  endfacet
  facet normal 0.923880 -0.382683 0.000000
    outer loop
      vertex 1.4142 18.5858 4.0000
      vertex 2.0000 20.0000 6.0000
      vertex 1.4142 18.5858 6.0000
    endloop
  endfacet
  facet normal 0.000000 0.000000 1.000000
    outer loop
      vertex 0.0000 20.0000 6.0000
      vertex 1.4142 18.5858 6.0000
      vertex 2.0000 20.0000 6.0000
    endloop
  endfacet
  facet normal 0.000000 0.000000 -1.000000
    outer loop
      vertex 0.0000 20.0000 4.0000
      vertex 2.0000 20.0000 4.0000
      vertex 1.4142 18.5858 4.0000
    endloop
  endfacet
  facet normal 0.923880 0.382683 0.000000
    outer loop
      vertex -8.0000 17.3205 4.0000
      vertex -8.5858 18.7347 4.0000
      vertex -8.5858 18.7347 6.0000
    endloop
  endfacet
  facet normal 0.923880 0.382683 0.000000
    outer loop
      vertex -8.0000 17.3205 4.0000
      vertex -8.5858 18.7347 6.0000
      vertex -8.0000 17.3205 6.0000
    endloop
  endfacet
  facet normal 0.000000 0.000000 1.000000
    outer loop
      vertex -10.0000 17.3205 6.0000
      vertex -8.0000 17.3205 6.0000
      vertex -8.5858 18.7347 6.0000
    endloop
  endfacet
  facet normal 0.000000 0.000000 -1.000000
    outer loop
      vertex -10.0000 17.3205 4.0000
      vertex -8.5858 18.7347 4.0000
      vertex -8.0000 17.3205 4.0000
    endloop
  endfacet
  facet normal 0.382683 0.923880 0.000000
    outer loop
      vertex -8.5858 18.7347 4.0000
      vertex -10.0000 19.3205 4.0000
      vertex -10.0000 19.3205 6.0000
    endloop
  endfacet
  facet normal 0.382683 0.923880 0.000000
    outer loop
      vertex -8.5858 18.7347 4.0000
      vertex -10.0000 19.3205 6.0000
      vertex -8.5858 18.7347 6.0000
    endloop
  endfacet
  facet normal 0.000000 0.000000 1.000000
    outer loop
      vertex -10.0000 17.3205 6.0000
      vertex -8.5858 18.7347 6.0000
      vertex -10.0000 19.3205 6.0000
    endloop
  endfacet
  facet normal 0.000000 0.000000 -1.000000
    outer loop
      vertex -10.0000 17.3205 4.0000
      vertex -10.0000 19.3205 4.0000
      vertex -8.5858 18.7347 4.0000
    endloop
  endfacet
  facet normal -0.382683 0.923880 0.000000
    outer loop
      vertex -10.0000 19.3205 4.0000
      vertex -11.4142 18.7347 4.0000
      vertex -11.4142 18.7347 6.0000
    endloop
  endfacet
  facet normal -0.382683 0.923880 0.000000
    outer loop
      vertex -10.0000 19.3205 4.0000
      vertex -11.4142 18.7347 6.0000
      vertex -10.0000 19.3205 6.0000
    endloop
  endfacet
  facet normal 0.000000 0.000000 1.000000
    outer loop
      vertex -10.0000 17.3205 6.0000
      vertex -10.0000 19.3205 6.0000
      vertex -11.4142 18.7347 6.0000
    endloop
  endfacet
  facet normal 0.000000 0.000000 -1.000000
    outer loop
      vertex -10.0000 17.3205 4.0000
      vertex -11.4142 18.7347 4.0000
      vertex -10.0000 19.3205 4.0000
    endloop
  endfacet
  facet normal -0.923880 0.382683 0.000000
    outer loop
      vertex -11.4142 18.7347 4.0000
      vertex -12.0000 17.3205 4.0000
      vertex -12.0000 17.3205 6.0000
    endloop
  endfacet
  facet normal -0.923880 0.382683 0.000000
    outer loop
      vertex -11.4142 18.7347 4.0000
      vertex -12.0000 17.3205 6.0000
      vertex -11.4142 18.7347 6.0000
    endloop
  endfacet
  facet normal 0.000000 0.000000 1.000000
    outer loop
      vertex -10.0000 17.3205 6.0000
      vertex -11.4142 18.7347 6.0000
      vertex -12.0000 17.3205 6.0000
    endloop
  endfacet
  facet normal 0.000000 0.000000 -1.000000
    outer loop
      vertex -10.0000 17.3205 4.0000
      vertex -12.0000 17.3205 4.0000
      vertex -11.4142 18.7347 4.0000
    endloop
  endfacet
  facet normal -0.923880 -0.382683 0.000000
    outer loop
      vertex -12.0000 17.3205 4.0000
      vertex -11.4142 15.9063 4.0000
      vertex -11.4142 15.9063 6.0000
    endloop
  endfacet
  facet normal -0.923880 -0.382683 0.000000
    outer loop
      vertex -12.0000 17.3205 4.0000
      vertex -11.4142 15.9063 6.0000
      vertex -12.0000 17.3205 6.0000
    endloop
  endfacet
  facet normal 0.000000 0.000000 1.000000
    outer loop
      vertex -10.0000 17.3205 6.0000
      vertex -12.0000 17.3205 6.0000
      vertex -11.4142 15.9063 6.0000
    endloop
  endfacet
  facet normal 0.000000 0.000000 -1.000000
    outer loop
      vertex -10.0000 17.3205 4.0000
      vertex -11.4142 15.9063 4.0000
      vertex -12.0000 17.3205 4.0000
    endloop
  endfacet
  facet normal -0.382683 -0.923880 0.000000
    outer loop
      vertex -11.4142 15.9063 4.0000
      vertex -10.0000 15.3205 4.0000
      vertex -10.0000 15.3205 6.0000
    endloop
  endfacet
  facet normal -0.382683 -0.923880 0.000000
    outer loop
      vertex -11.4142 15.9063 4.0000
      vertex -10.0000 15.3205 6.0000
      vertex -11.4142 15.9063 6.0000
    endloop
  endfacet
  facet normal 0.000000 0.000000 1.000000
    outer loop
      vertex -10.0000 17.3205 6.0000
      vertex -11.4142 15.9063 6.0000
      vertex -10.0000 15.3205 6.0000
    endloop
  endfacet
  facet normal 0.000000 0.000000 -1.000000
    outer loop
      vertex -10.0000 17.3205 4.0000
      vertex -10.0000 15.3205 4.0000
      vertex -11.4142 15.9063 4.0000
    endloop
  endfacet
  facet normal 0.382683 -0.923880 0.000000
    outer loop
      vertex -10.0000 15.3205 4.0000
      vertex -8.5858 15.9063 4.0000
      vertex -8.5858 15.9063 6.0000
    endloop
  endfacet
  facet normal 0.382683 -0.923880 0.000000
    outer loop
      vertex -10.0000 15.3205 4.0000
      vertex -8.5858 15.9063 6.0000
      vertex -10.0000 15.3205 6.0000
    endloop
  endfacet
  facet normal 0.000000 0.000000 1.000000
    outer loop
      vertex -10.0000 17.3205 6.0000
      vertex -10.0000 15.3205 6.0000
      vertex -8.5858 15.9063 6.0000
    endloop
  endfacet
  facet normal 0.000000 0.000000 -1.000000
    outer loop
      vertex -10.0000 17.3205 4.0000
      vertex -8.5858 15.9063 4.0000
      vertex -10.0000 15.3205 4.0000
    endloop
  endfacet
  facet normal 0.923880 -0.382683 0.000000
    outer loop
      vertex -8.5858 15.9063 4.0000
      vertex -8.0000 17.3205 4.0000
      vertex -8.0000 17.3205 6.0000
    endloop
  endfacet
  facet normal 0.923880 -0.382683 0.000000
    outer loop
      vertex -8.5858 15.9063 4.0000
      vertex -8.0000 17.3205 6.0000
      vertex -8.5858 15.9063 6.0000
    endloop
  endfacet
  facet normal 0.000000 0.000000 1.000000
    outer loop
      vertex -10.0000 17.3205 6.0000
      vertex -8.5858 15.9063 6.0000
      vertex -8.0000 17.3205 6.0000
    endloop
  endfacet
  facet normal 0.000000 0.000000 -1.000000
    outer loop
      vertex -10.0000 17.3205 4.0000
      vertex -8.0000 17.3205 4.0000
      vertex -8.5858 15.9063 4.0000
    endloop
  endfacet
  facet normal 0.923880 0.382683 0.000000
    outer loop
      vertex -15.3205 10.0000 4.0000
      vertex -15.9063 11.4142 4.0000
      vertex -15.9063 11.4142 6.0000
    endloop
  endfacet
  facet normal 0.923880 0.382683 0.000000
    outer loop
      vertex -15.3205 10.0000 4.0000
      vertex -15.9063 11.4142 6.0000
      vertex -15.3205 10.0000 6.0000
    endloop
  endfacet
  facet normal 0.000000 0.000000 1.000000
    outer loop
      vertex -17.3205 10.0000 6.0000
      vertex -15.3205 10.0000 6.0000
      vertex -15.9063 11.4142 6.0000
    endloop
  endfacet
  facet normal 0.000000 0.000000 -1.000000
    outer loop
      vertex -17.3205 10.0000 4.0000
      vertex -15.9063 11.4142 4.0000
      vertex -15.3205 10.0000 4.0000
    endloop
  endfacet
  facet normal 0.382683 0.923880 0.000000
    outer loop
      vertex -15.9063 11.4142 4.0000
      vertex -17.3205 12.0000 4.0000
      vertex -17.3205 12.0000 6.0000
    endloop
  endfacet
  facet normal 0.382683 0.923880 0.000000
    outer loop
      vertex -15.9063 11.4142 4.0000
      vertex -17.3205 12.0000 6.0000
      vertex -15.9063 11.4142 6.0000
    endloop
  endfacet
  facet normal 0.000000 0.000000 1.000000
    outer loop
      vertex -17.3205 10.0000 6.0000
      vertex -15.9063 11.4142 6.0000
      vertex -17.3205 12.0000 6.0000
    endloop
  endfacet
  facet normal 0.000000 0.000000 -1.000000
    outer loop
      vertex -17.3205 10.0000 4.0000
      vertex -17.3205 12.0000 4.0000
      vertex -15.9063 11.4142 4.0000
    endloop
  endfacet
  facet normal -0.382683 0.923880 0.000000
    outer loop
      vertex -17.3205 12.0000 4.0000
      vertex -18.7347 11.4142 4.0000
      vertex -18.7347 11.4142 6.0000
    endloop
  endfacet
  facet normal -0.382683 0.923880 0.000000
    outer loop
      vertex -17.3205 12.0000 4.0000
      vertex -18.7347 11.4142 6.0000
      vertex -17.3205 12.0000 6.0000
    endloop
  endfacet
  facet normal 0.000000 0.000000 1.000000
    outer loop
      vertex -17.3205 10.0000 6.0000
      vertex -17.3205 12.0000 6.0000
      vertex -18.7347 11.4142 6.0000
    endloop
  endfacet
  facet normal 0.000000 0.000000 -1.000000
    outer loop
      vertex -17.3205 10.0000 4.0000
      vertex -18.7347 11.4142 4.0000
      vertex -17.3205 12.0000 4.0000
    endloop
  endfacet
  facet normal -0.923880 0.382683 0.000000
    outer loop
      vertex -18.7347 11.4142 4.0000
      vertex -19.3205 10.0000 4.0000
      vertex -19.3205 10.0000 6.0000
    endloop
  endfacet
  facet normal -0.923880 0.382683 0.000000
    outer loop
      vertex -18.7347 11.4142 4.0000
      vertex -19.3205 10.0000 6.0000
      vertex -18.7347 11.4142 6.0000
    endloop
  endfacet
  facet normal 0.000000 0.000000 1.000000
    outer loop
      vertex -17.3205 10.0000 6.0000
      vertex -18.7347 11.4142 6.0000
      vertex -19.3205 10.0000 6.0000
    endloop
  endfacet
  facet normal 0.000000 0.000000 -1.000000
    outer loop
      vertex -17.3205 10.0000 4.0000
      vertex -19.3205 10.0000 4.0000
      vertex -18.7347 11.4142 4.0000
    endloop
  endfacet
  facet normal -0.923880 -0.382683 0.000000
    outer loop
      vertex -19.3205 10.0000 4.0000
      vertex -18.7347 8.5858 4.0000
      vertex -18.7347 8.5858 6.0000
    endloop
  endfacet
  facet normal -0.923880 -0.382683 0.000000
    outer loop
      vertex -19.3205 10.0000 4.0000
      vertex -18.7347 8.5858 6.0000
      vertex -19.3205 10.0000 6.0000
    endloop
  endfacet
  facet normal 0.000000 0.000000 1.000000
    outer loop
      vertex -17.3205 10.0000 6.0000
      vertex -19.3205 10.0000 6.0000
      vertex -18.7347 8.5858 6.0000
    endloop
  endfacet
  facet normal 0.000000 0.000000 -1.000000
    outer loop
      vertex -17.3205 10.0000 4.0000
      vertex -18.7347 8.5858 4.0000
      vertex -19.3205 10.0000 4.0000
    endloop
  endfacet
  facet normal -0.382683 -0.923880 0.000000
    outer loop
      vertex -18.7347 8.5858 4.0000
      vertex -17.3205 8.0000 4.0000
      vertex -17.3205 8.0000 6.0000
    endloop
  endfacet
  facet normal -0.382683 -0.923880 0.000000
    outer loop
      vertex -18.7347 8.5858 4.0000
      vertex -17.3205 8.0000 6.0000
      vertex -18.7347 8.5858 6.0000
    endloop
  endfacet
  facet normal 0.000000 0.000000 1.000000
    outer loop
      vertex -17.3205 10.0000 6.0000
      vertex -18.7347 8.5858 6.0000
      vertex -17.3205 8.0000 6.0000
    endloop
  endfacet
  facet normal 0.000000 0.000000 -1.000000
    outer loop
      vertex -17.3205 10.0000 4.0000
      vertex -17.3205 8.0000 4.0000
      vertex -18.7347 8.5858 4.0000
    endloop
  endfacet
  facet normal 0.382683 -0.923880 0.000000
    outer loop
      vertex -17.3205 8.0000 4.0000
      vertex -15.9063 8.5858 4.0000
      vertex -15.9063 8.5858 6.0000
    endloop
  endfacet
  facet normal 0.382683 -0.923880 0.000000
    outer loop
      vertex -17.3205 8.0000 4.0000
      vertex -15.9063 8.5858 6.0000
      vertex -17.3205 8.0000 6.0000
    endloop
  endfacet
  facet normal 0.000000 0.000000 1.000000
    outer loop
      vertex -17.3205 10.0000 6.0000
      vertex -17.3205 8.0000 6.0000
      vertex -15.9063 8.5858 6.0000
    endloop
  endfacet
  facet normal 0.000000 0.000000 -1.000000
    outer loop
      vertex -17.3205 10.0000 4.0000
      vertex -15.9063 8.5858 4.0000
      vertex -17.3205 8.0000 4.0000
    endloop
  endfacet
  facet normal 0.923880 -0.382683 0.000000
    outer loop
      vertex -15.9063 8.5858 4.0000
      vertex -15.3205 10.0000 4.0000
      vertex -15.3205 10.0000 6.0000
    endloop
  endfacet
  facet normal 0.923880 -0.382683 0.000000
    outer loop
      vertex -15.9063 8.5858 4.0000
      vertex -15.3205 10.0000 6.0000
      vertex -15.9063 8.5858 6.0000
    endloop
  endfacet
  facet normal 0.000000 0.000000 1.000000
    outer loop
      vertex -17.3205 10.0000 6.0000
      vertex -15.9063 8.5858 6.0000
      vertex -15.3205 10.0000 6.0000
    endloop
  endfacet
  facet normal 0.000000 0.000000 -1.000000
    outer loop
      vertex -17.3205 10.0000 4.0000
      vertex -15.3205 10.0000 4.0000
      vertex -15.9063 8.5858 4.0000
    endloop
  endfacet
  facet normal 0.923880 0.382683 0.000000
    outer loop
      vertex -18.0000 0.0000 4.0000
      vertex -18.5858 1.4142 4.0000
      vertex -18.5858 1.4142 6.0000
    endloop
  endfacet
  facet normal 0.923880 0.382683 0.000000
    outer loop
      vertex -18.0000 0.0000 4.0000
      vertex -18.5858 1.4142 6.0000
      vertex -18.0000 0.0000 6.0000
    endloop
  endfacet
  facet normal 0.000000 0.000000 1.000000
    outer loop
      vertex -20.0000 0.0000 6.0000
      vertex -18.0000 0.0000 6.0000
      vertex -18.5858 1.4142 6.0000
    endloop
  endfacet
  facet normal 0.000000 0.000000 -1.000000
    outer loop
      vertex -20.0000 0.0000 4.0000
      vertex -18.5858 1.4142 4.0000
      vertex -18.0000 0.0000 4.0000
    endloop
  endfacet
  facet normal 0.382683 0.923880 0.000000
    outer loop
      vertex -18.5858 1.4142 4.0000
      vertex -20.0000 2.0000 4.0000
      vertex -20.0000 2.0000 6.0000
    endloop
  endfacet
  facet normal 0.382683 0.923880 0.000000
    outer loop
      vertex -18.5858 1.4142 4.0000
      vertex -20.0000 2.0000 6.0000
      vertex -18.5858 1.4142 6.0000
    endloop
  endfacet
  facet normal 0.000000 0.000000 1.000000
    outer loop
      vertex -20.0000 0.0000 6.0000
      vertex -18.5858 1.4142 6.0000
      vertex -20.0000 2.0000 6.0000
    endloop
  endfacet
  facet normal 0.000000 0.000000 -1.000000
    outer loop
      vertex -20.0000 0.0000 4.0000
      vertex -20.0000 2.0000 4.0000
      vertex -18.5858 1.4142 4.0000
    endloop
  endfacet
  facet normal -0.382683 0.923880 0.000000
    outer loop
      vertex -20.0000 2.0000 4.0000
      vertex -21.4142 1.4142 4.0000
      vertex -21.4142 1.4142 6.0000
    endloop
  endfacet
  facet normal -0.382683 0.923880 0.000000
    outer loop
      vertex -20.0000 2.0000 4.0000
      vertex -21.4142 1.4142 6.0000
      vertex -20.0000 2.0000 6.0000
    endloop
  endfacet
  facet normal 0.000000 0.000000 1.000000
    outer loop
      vertex -20.0000 0.0000 6.0000
      vertex -20.0000 2.0000 6.0000
      vertex -21.4142 1.4142 6.0000
    endloop
  endfacet
  facet normal 0.000000 0.000000 -1.000000
    outer loop
      vertex -20.0000 0.0000 4.0000
      vertex -21.4142 1.4142 4.0000
      vertex -20.0000 2.0000 4.0000
    endloop
  endfacet
  facet normal -0.923880 0.382683 0.000000
    outer loop
      vertex -21.4142 1.4142 4.0000
      vertex -22.0000 0.0000 4.0000
      vertex -22.0000 0.0000 6.0000
    endloop
  endfacet
  facet normal -0.923880 0.382683 0.000000
    outer loop
      vertex -21.4142 1.4142 4.0000
      vertex -22.0000 0.0000 6.0000
      vertex -21.4142 1.4142 6.0000
    endloop
  endfacet
  facet normal 0.000000 0.000000 1.000000
    outer loop
      vertex -20.0000 0.0000 6.0000
      vertex -21.4142 1.4142 6.0000
      vertex -22.0000 0.0000 6.0000
    endloop
  endfacet
  facet normal 0.000000 0.000000 -1.000000
    outer loop
      vertex -20.0000 0.0000 4.0000
      vertex -22.0000 0.0000 4.0000
      vertex -21.4142 1.4142 4.0000
    endloop
  endfacet
  facet normal -0.923880 -0.382683 0.000000
    outer loop
      vertex -22.0000 0.0000 4.0000
      vertex -21.4142 -1.4142 4.0000
      vertex -21.4142 -1.4142 6.0000
    endloop
  endfacet
  facet normal -0.923880 -0.382683 0.000000
    outer loop
      vertex -22.0000 0.0000 4.0000
      vertex -21.4142 -1.4142 6.0000
      vertex -22.0000 0.0000 6.0000
    endloop
  endfacet
  facet normal 0.000000 0.000000 1.000000
    outer loop
      vertex -20.0000 0.0000 6.0000
      vertex -22.0000 0.0000 6.0000
      vertex -21.4142 -1.4142 6.0000
    endloop
  endfacet
  facet normal 0.000000 0.000000 -1.000000
    outer loop
      vertex -20.0000 0.0000 4.0000
      vertex -21.4142 -1.4142 4.0000
      vertex -22.0000 0.0000 4.0000
    endloop
  endfacet
  facet normal -0.382683 -0.923880 0.000000
    outer loop
      vertex -21.4142 -1.4142 4.0000
      vertex -20.0000 -2.0000 4.0000
      vertex -20.0000 -2.0000 6.0000
    endloop
  endfacet
  facet normal -0.382683 -0.923880 0.000000
    outer loop
      vertex -21.4142 -1.4142 4.0000
      vertex -20.0000 -2.0000 6.0000
      vertex -21.4142 -1.4142 6.0000
    endloop
  endfacet
  facet normal 0.000000 0.000000 1.000000
    outer loop
      vertex -20.0000 0.0000 6.0000
      vertex -21.4142 -1.4142 6.0000
      vertex -20.0000 -2.0000 6.0000
    endloop
  endfacet
  facet normal 0.000000 0.000000 -1.000000
    outer loop
      vertex -20.0000 0.0000 4.0000
      vertex -20.0000 -2.0000 4.0000
      vertex -21.4142 -1.4142 4.0000
    endloop
  endfacet
  facet normal 0.382683 -0.923880 0.000000
    outer loop
      vertex -20.0000 -2.0000 4.0000
      vertex -18.5858 -1.4142 4.0000
      vertex -18.5858 -1.4142 6.0000
    endloop
  endfacet
  facet normal 0.382683 -0.923880 0.000000
    outer loop
      vertex -20.0000 -2.0000 4.0000
      vertex -18.5858 -1.4142 6.0000
      vertex -20.0000 -2.0000 6.0000
    endloop
  endfacet
  facet normal 0.000000 0.000000 1.000000
    outer loop
      vertex -20.0000 0.0000 6.0000
      vertex -20.0000 -2.0000 6.0000
      vertex -18.5858 -1.4142 6.0000
    endloop
  endfacet
  facet normal 0.000000 0.000000 -1.000000
    outer loop
      vertex -20.0000 0.0000 4.0000
      vertex -18.5858 -1.4142 4.0000
      vertex -20.0000 -2.0000 4.0000
    endloop
  endfacet
  facet normal 0.923880 -0.382683 0.000000
    outer loop
      vertex -18.5858 -1.4142 4.0000
      vertex -18.0000 0.0000 4.0000
      vertex -18.0000 0.0000 6.0000
    endloop
  endfacet
  facet normal 0.923880 -0.382683 0.000000
    outer loop
      vertex -18.5858 -1.4142 4.0000
      vertex -18.0000 0.0000 6.0000
      vertex -18.5858 -1.4142 6.0000
    endloop
  endfacet
  facet normal 0.000000 0.000000 1.000000
    outer loop
      vertex -20.0000 0.0000 6.0000
      vertex -18.5858 -1.4142 6.0000
      vertex -18.0000 0.0000 6.0000
    endloop
  endfacet
  facet normal 0.000000 0.000000 -1.000000
    outer loop
      vertex -20.0000 0.0000 4.0000
      vertex -18.0000 0.0000 4.0000
      vertex -18.5858 -1.4142 4.0000
    endloop
  endfacet
  facet normal 0.923880 0.382683 0.000000
    outer loop
      vertex -15.3205 -10.0000 4.0000
      vertex -15.9063 -8.5858 4.0000
      vertex -15.9063 -8.5858 6.0000
    endloop
  endfacet
  facet normal 0.923880 0.382683 0.000000
    outer loop
      vertex -15.3205 -10.0000 4.0000
      vertex -15.9063 -8.5858 6.0000
      vertex -15.3205 -10.0000 6.0000
    endloop
  endfacet
  facet normal 0.000000 0.000000 1.000000
    outer loop
      vertex -17.3205 -10.0000 6.0000
      vertex -15.3205 -10.0000 6.0000
      vertex -15.9063 -8.5858 6.0000
    endloop
  endfacet
  facet normal 0.000000 0.000000 -1.000000
    outer loop
      vertex -17.3205 -10.0000 4.0000
      vertex -15.9063 -8.5858 4.0000
      vertex -15.3205 -10.0000 4.0000
    endloop
  endfacet
  facet normal 0.382683 0.923880 0.000000
    outer loop
      vertex -15.9063 -8.5858 4.0000
      vertex -17.3205 -8.0000 4.0000
      vertex -17.3205 -8.0000 6.0000
    endloop
  endfacet
  facet normal 0.382683 0.923880 0.000000
    outer loop
      vertex -15.9063 -8.5858 4.0000
      vertex -17.3205 -8.0000 6.0000
      vertex -15.9063 -8.5858 6.0000
    endloop
  endfacet
  facet normal 0.000000 0.000000 1.000000
    outer loop
      vertex -17.3205 -10.0000 6.0000
      vertex -15.9063 -8.5858 6.0000
      vertex -17.3205 -8.0000 6.0000
    endloop
  endfacet
  facet normal 0.000000 0.000000 -1.000000
    outer loop
      vertex -17.3205 -10.0000 4.0000
      vertex -17.3205 -8.0000 4.0000
      vertex -15.9063 -8.5858 4.0000
    endloop
  endfacet
  facet normal -0.382683 0.923880 0.000000
    outer loop
      vertex -17.3205 -8.0000 4.0000
      vertex -18.7347 -8.5858 4.0000
      vertex -18.7347 -8.5858 6.0000
    endloop
  endfacet
  facet normal -0.382683 0.923880 0.000000
    outer loop
      vertex -17.3205 -8.0000 4.0000
      vertex -18.7347 -8.5858 6.0000
      vertex -17.3205 -8.0000 6.0000
    endloop
  endfacet
  facet normal 0.000000 0.000000 1.000000
    outer loop
      vertex -17.3205 -10.0000 6.0000
      vertex -17.3205 -8.0000 6.0000
      vertex -18.7347 -8.5858 6.0000
    endloop
  endfacet
  facet normal 0.000000 0.000000 -1.000000
    outer loop
      vertex -17.3205 -10.0000 4.0000
      vertex -18.7347 -8.5858 4.0000
      vertex -17.3205 -8.0000 4.0000
    endloop
  endfacet
  facet normal -0.923880 0.382683 0.000000
    outer loop
      vertex -18.7347 -8.5858 4.0000
      vertex -19.3205 -10.0000 4.0000
      vertex -19.3205 -10.0000 6.0000
    endloop
  endfacet
  facet normal -0.923880 0.382683 0.000000
    outer loop
      vertex -18.7347 -8.5858 4.0000
      vertex -19.3205 -10.0000 6.0000
      vertex -18.7347 -8.5858 6.0000
    endloop
  endfacet
  facet normal 0.000000 0.000000 1.000000
    outer loop
      vertex -17.3205 -10.0000 6.0000
      vertex -18.7347 -8.5858 6.0000
      vertex -19.3205 -10.0000 6.0000
    endloop
  endfacet
  facet normal 0.000000 0.000000 -1.000000
    outer loop
      vertex -17.3205 -10.0000 4.0000
      vertex -19.3205 -10.0000 4.0000
      vertex -18.7347 -8.5858 4.0000
    endloop
  endfacet
  facet normal -0.923880 -0.382683 0.000000
    outer loop
      vertex -19.3205 -10.0000 4.0000
      vertex -18.7347 -11.4142 4.0000
      vertex -18.7347 -11.4142 6.0000
    endloop
  endfacet
  facet normal -0.923880 -0.382683 0.000000
    outer loop
      vertex -19.3205 -10.0000 4.0000
      vertex -18.7347 -11.4142 6.0000
      vertex -19.3205 -10.0000 6.0000
    endloop
  endfacet
  facet normal 0.000000 0.000000 1.000000
    outer loop
      vertex -17.3205 -10.0000 6.0000
      vertex -19.3205 -10.0000 6.0000
      vertex -18.7347 -11.4142 6.0000
    endloop
  endfacet
  facet normal 0.000000 0.000000 -1.000000
    outer loop
      vertex -17.3205 -10.0000 4.0000
      vertex -18.7347 -11.4142 4.0000
      vertex -19.3205 -10.0000 4.0000
    endloop
  endfacet
  facet normal -0.382683 -0.923880 0.000000
    outer loop
      vertex -18.7347 -11.4142 4.0000
      vertex -17.3205 -12.0000 4.0000
      vertex -17.3205 -12.0000 6.0000
    endloop
  endfacet
  facet normal -0.382683 -0.923880 0.000000
    outer loop
      vertex -18.7347 -11.4142 4.0000
      vertex -17.3205 -12.0000 6.0000
      vertex -18.7347 -11.4142 6.0000
    endloop
  endfacet
  facet normal 0.000000 0.000000 1.000000
    outer loop
      vertex -17.3205 -10.0000 6.0000
      vertex -18.7347 -11.4142 6.0000
      vertex -17.3205 -12.0000 6.0000
    endloop
  endfacet
  facet normal 0.000000 0.000000 -1.000000
    outer loop
      vertex -17.3205 -10.0000 4.0000
      vertex -17.3205 -12.0000 4.0000
      vertex -18.7347 -11.4142 4.0000
    endloop
  endfacet
  facet normal 0.382683 -0.923880 0.000000
    outer loop
      vertex -17.3205 -12.0000 4.0000
      vertex -15.9063 -11.4142 4.0000
      vertex -15.9063 -11.4142 6.0000
    endloop
  endfacet
  facet normal 0.382683 -0.923880 0.000000
    outer loop
      vertex -17.3205 -12.0000 4.0000
      vertex -15.9063 -11.4142 6.0000
      vertex -17.3205 -12.0000 6.0000
    endloop
  endfacet
  facet normal 0.000000 0.000000 1.000000
    outer loop
      vertex -17.3205 -10.0000 6.0000
      vertex -17.3205 -12.0000 6.0000
      vertex -15.9063 -11.4142 6.0000
    endloop
  endfacet
  facet normal 0.000000 0.000000 -1.000000
    outer loop
      vertex -17.3205 -10.0000 4.0000
      vertex -15.9063 -11.4142 4.0000
      vertex -17.3205 -12.0000 4.0000
    endloop
  endfacet
  facet normal 0.923880 -0.382683 0.000000
    outer loop
      vertex -15.9063 -11.4142 4.0000
      vertex -15.3205 -10.0000 4.0000
      vertex -15.3205 -10.0000 6.0000
    endloop
  endfacet
  facet normal 0.923880 -0.382683 0.000000
    outer loop
      vertex -15.9063 -11.4142 4.0000
      vertex -15.3205 -10.0000 6.0000
      vertex -15.9063 -11.4142 6.0000
    endloop
  endfacet
  facet normal 0.000000 0.000000 1.000000
    outer loop
      vertex -17.3205 -10.0000 6.0000
      vertex -15.9063 -11.4142 6.0000
      vertex -15.3205 -10.0000 6.0000
    endloop
  endfacet
  facet normal 0.000000 0.000000 -1.000000
    outer loop
      vertex -17.3205 -10.0000 4.0000
      vertex -15.3205 -10.0000 4.0000
      vertex -15.9063 -11.4142 4.0000
    endloop
  endfacet
  facet normal 0.923880 0.382683 0.000000
    outer loop
      vertex -8.0000 -17.3205 4.0000
      vertex -8.5858 -15.9063 4.0000
      vertex -8.5858 -15.9063 6.0000
    endloop
  endfacet
  facet normal 0.923880 0.382683 0.000000
    outer loop
      vertex -8.0000 -17.3205 4.0000
      vertex -8.5858 -15.9063 6.0000
      vertex -8.0000 -17.3205 6.0000
    endloop
  endfacet
  facet normal 0.000000 0.000000 1.000000
    outer loop
      vertex -10.0000 -17.3205 6.0000
      vertex -8.0000 -17.3205 6.0000
      vertex -8.5858 -15.9063 6.0000
    endloop
  endfacet
  facet normal 0.000000 0.000000 -1.000000
    outer loop
      vertex -10.0000 -17.3205 4.0000
      vertex -8.5858 -15.9063 4.0000
      vertex -8.0000 -17.3205 4.0000
    endloop
  endfacet
  facet normal 0.382683 0.923880 0.000000
    outer loop
      vertex -8.5858 -15.9063 4.0000
      vertex -10.0000 -15.3205 4.0000
      vertex -10.0000 -15.3205 6.0000
    endloop
  endfacet
  facet normal 0.382683 0.923880 0.000000
    outer loop
      vertex -8.5858 -15.9063 4.0000
      vertex -10.0000 -15.3205 6.0000
      vertex -8.5858 -15.9063 6.0000
    endloop
  endfacet
  facet normal 0.000000 0.000000 1.000000
    outer loop
      vertex -10.0000 -17.3205 6.0000
      vertex -8.5858 -15.9063 6.0000
      vertex -10.0000 -15.3205 6.0000
    endloop
  endfacet
  facet normal 0.000000 0.000000 -1.000000
    outer loop
      vertex -10.0000 -17.3205 4.0000
      vertex -10.0000 -15.3205 4.0000
      vertex -8.5858 -15.9063 4.0000
    endloop
  endfacet
  facet normal -0.382683 0.923880 0.000000
    outer loop
      vertex -10.0000 -15.3205 4.0000
      vertex -11.4142 -15.9063 4.0000
      vertex -11.4142 -15.9063 6.0000
    endloop
  endfacet
  facet normal -0.382683 0.923880 0.000000
    outer loop
      vertex -10.0000 -15.3205 4.0000
      vertex -11.4142 -15.9063 6.0000
      vertex -10.0000 -15.3205 6.0000
    endloop
  endfacet
  facet normal 0.000000 0.000000 1.000000
    outer loop
      vertex -10.0000 -17.3205 6.0000
      vertex -10.0000 -15.3205 6.0000
      vertex -11.4142 -15.9063 6.0000
    endloop
  endfacet
  facet normal 0.000000 0.000000 -1.000000
    outer loop
      vertex -10.0000 -17.3205 4.0000
      vertex -11.4142 -15.9063 4.0000
      vertex -10.0000 -15.3205 4.0000
    endloop
  endfacet
  facet normal -0.923880 0.382683 0.000000
    outer loop
      vertex -11.4142 -15.9063 4.0000
      vertex -12.0000 -17.3205 4.0000
      vertex -12.0000 -17.3205 6.0000
    endloop
  endfacet
  facet normal -0.923880 0.382683 0.000000
    outer loop
      vertex -11.4142 -15.9063 4.0000
      vertex -12.0000 -17.3205 6.0000
      vertex -11.4142 -15.9063 6.0000
    endloop
  endfacet
  facet normal 0.000000 0.000000 1.000000
    outer loop
      vertex -10.0000 -17.3205 6.0000
      vertex -11.4142 -15.9063 6.0000
      vertex -12.0000 -17.3205 6.0000
    endloop
  endfacet
  facet normal 0.000000 0.000000 -1.000000
    outer loop
      vertex -10.0000 -17.3205 4.0000
      vertex -12.0000 -17.3205 4.0000
      vertex -11.4142 -15.9063 4.0000
    endloop
  endfacet
  facet normal -0.923880 -0.382683 0.000000
    outer loop
      vertex -12.0000 -17.3205 4.0000
      vertex -11.4142 -18.7347 4.0000
      vertex -11.4142 -18.7347 6.0000
    endloop
  endfacet
  facet normal -0.923880 -0.382683 0.000000
    outer loop
      vertex -12.0000 -17.3205 4.0000
      vertex -11.4142 -18.7347 6.0000
      vertex -12.0000 -17.3205 6.0000
    endloop
  endfacet
  facet normal 0.000000 0.000000 1.000000
    outer loop
      vertex -10.0000 -17.3205 6.0000
      vertex -12.0000 -17.3205 6.0000
      vertex -11.4142 -18.7347 6.0000
    endloop
  endfacet
  facet normal 0.000000 0.000000 -1.000000
    outer loop
      vertex -10.0000 -17.3205 4.0000
      vertex -11.4142 -18.7347 4.0000
      vertex -12.0000 -17.3205 4.0000
    endloop
  endfacet
  facet normal -0.382683 -0.923880 0.000000
    outer loop
      vertex -11.4142 -18.7347 4.0000
      vertex -10.0000 -19.3205 4.0000
      vertex -10.0000 -19.3205 6.0000
    endloop
  endfacet
  facet normal -0.382683 -0.923880 0.000000
    outer loop
      vertex -11.4142 -18.7347 4.0000
      vertex -10.0000 -19.3205 6.0000
      vertex -11.4142 -18.7347 6.0000
    endloop
  endfacet
  facet normal 0.000000 0.000000 1.000000
    outer loop
      vertex -10.0000 -17.3205 6.0000
      vertex -11.4142 -18.7347 6.0000
      vertex -10.0000 -19.3205 6.0000
    endloop
  endfacet
  facet normal 0.000000 0.000000 -1.000000
    outer loop
      vertex -10.0000 -17.3205 4.0000
      vertex -10.0000 -19.3205 4.0000
      vertex -11.4142 -18.7347 4.0000
    endloop
  endfacet
  facet normal 0.382683 -0.923880 0.000000
    outer loop
      vertex -10.0000 -19.3205 4.0000
      vertex -8.5858 -18.7347 4.0000
      vertex -8.5858 -18.7347 6.0000
    endloop
  endfacet
  facet normal 0.382683 -0.923880 0.000000
    outer loop
      vertex -10.0000 -19.3205 4.0000
      vertex -8.5858 -18.7347 6.0000
      vertex -10.0000 -19.3205 6.0000
    endloop
  endfacet
  facet normal 0.000000 0.000000 1.000000
    outer loop
      vertex -10.0000 -17.3205 6.0000
      vertex -10.0000 -19.3205 6.0000
      vertex -8.5858 -18.7347 6.0000
    endloop
  endfacet
  facet normal 0.000000 0.000000 -1.000000
    outer loop
      vertex -10.0000 -17.3205 4.0000
      vertex -8.5858 -18.7347 4.0000
      vertex -10.0000 -19.3205 4.0000
    endloop
  endfacet
  facet normal 0.923880 -0.382683 0.000000
    outer loop
      vertex -8.5858 -18.7347 4.0000
      vertex -8.0000 -17.3205 4.0000
      vertex -8.0000 -17.3205 6.0000
    endloop
  endfacet
  facet normal 0.923880 -0.382683 0.000000
    outer loop
      vertex -8.5858 -18.7347 4.0000
      vertex -8.0000 -17.3205 6.0000
      vertex -8.5858 -18.7347 6.0000
    endloop
  endfacet
  facet normal 0.000000 0.000000 1.000000
    outer loop
      vertex -10.0000 -17.3205 6.0000
      vertex -8.5858 -18.7347 6.0000
      vertex -8.0000 -17.3205 6.0000
    endloop
  endfacet
  facet normal 0.000000 0.000000 -1.000000
    outer loop
      vertex -10.0000 -17.3205 4.0000
      vertex -8.0000 -17.3205 4.0000
      vertex -8.5858 -18.7347 4.0000
    endloop
  endfacet
  facet normal 0.923880 0.382683 0.000000
    outer loop
      vertex 2.0000 -20.0000 4.0000
      vertex 1.4142 -18.5858 4.0000
      vertex 1.4142 -18.5858 6.0000
    endloop
  endfacet
  facet normal 0.923880 0.382683 0.000000
    outer loop
      vertex 2.0000 -20.0000 4.0000
      vertex 1.4142 -18.5858 6.0000
      vertex 2.0000 -20.0000 6.0000
    endloop
  endfacet
  facet normal 0.000000 0.000000 1.000000
    outer loop
      vertex -0.0000 -20.0000 6.0000
      vertex 2.0000 -20.0000 6.0000
      vertex 1.4142 -18.5858 6.0000
    endloop
  endfacet
  facet normal 0.000000 0.000000 -1.000000
    outer loop
      vertex -0.0000 -20.0000 4.0000
      vertex 1.4142 -18.5858 4.0000
      vertex 2.0000 -20.0000 4.0000
    endloop
  endfacet
  facet normal 0.382683 0.923880 0.000000
    outer loop
      vertex 1.4142 -18.5858 4.0000
      vertex -0.0000 -18.0000 4.0000
      vertex -0.0000 -18.0000 6.0000
    endloop
  endfacet
  facet normal 0.382683 0.923880 0.000000
    outer loop
      vertex 1.4142 -18.5858 4.0000
      vertex -0.0000 -18.0000 6.0000
      vertex 1.4142 -18.5858 6.0000
    endloop
  endfacet
  facet normal 0.000000 0.000000 1.000000
    outer loop
      vertex -0.0000 -20.0000 6.0000
      vertex 1.4142 -18.5858 6.0000
      vertex -0.0000 -18.0000 6.0000
    endloop
  endfacet
  facet normal 0.000000 0.000000 -1.000000
    outer loop
      vertex -0.0000 -20.0000 4.0000
      vertex -0.0000 -18.0000 4.0000
      vertex 1.4142 -18.5858 4.0000
    endloop
  endfacet
  facet normal -0.382683 0.923880 0.000000
    outer loop
      vertex -0.0000 -18.0000 4.0000
      vertex -1.4142 -18.5858 4.0000
      vertex -1.4142 -18.5858 6.0000
    endloop
  endfacet
  facet normal -0.382683 0.923880 0.000000
    outer loop
      vertex -0.0000 -18.0000 4.0000
      vertex -1.4142 -18.5858 6.0000
      vertex -0.0000 -18.0000 6.0000
    endloop
  endfacet
  facet normal 0.000000 0.000000 1.000000
    outer loop
      vertex -0.0000 -20.0000 6.0000
      vertex -0.0000 -18.0000 6.0000
      vertex -1.4142 -18.5858 6.0000
    endloop
  endfacet
  facet normal 0.000000 0.000000 -1.000000
    outer loop
      vertex -0.0000 -20.0000 4.0000
      vertex -1.4142 -18.5858 4.0000
      vertex -0.0000 -18.0000 4.0000
    endloop
  endfacet
  facet normal -0.923880 0.382683 0.000000
    outer loop
      vertex -1.4142 -18.5858 4.0000
      vertex -2.0000 -20.0000 4.0000
      vertex -2.0000 -20.0000 6.0000
    endloop
  endfacet
  facet normal -0.923880 0.382683 0.000000
    outer loop
      vertex -1.4142 -18.5858 4.0000
      vertex -2.0000 -20.0000 6.0000
      vertex -1.4142 -18.5858 6.0000
    endloop
  endfacet
  facet normal 0.000000 0.000000 1.000000
    outer loop
      vertex -0.0000 -20.0000 6.0000
      vertex -1.4142 -18.5858 6.0000
      vertex -2.0000 -20.0000 6.0000
    endloop
  endfacet
  facet normal 0.000000 0.000000 -1.000000
    outer loop
      vertex -0.0000 -20.0000 4.0000
      vertex -2.0000 -20.0000 4.0000
      vertex -1.4142 -18.5858 4.0000
    endloop
  endfacet
  facet normal -0.923880 -0.382683 0.000000
    outer loop
      vertex -2.0000 -20.0000 4.0000
      vertex -1.4142 -21.4142 4.0000
      vertex -1.4142 -21.4142 6.0000
    endloop
  endfacet
  facet normal -0.923880 -0.382683 0.000000
    outer loop
      vertex -2.0000 -20.0000 4.0000
      vertex -1.4142 -21.4142 6.0000
      vertex -2.0000 -20.0000 6.0000
    endloop
  endfacet
  facet normal 0.000000 0.000000 1.000000
    outer loop
      vertex -0.0000 -20.0000 6.0000
      vertex -2.0000 -20.0000 6.0000
      vertex -1.4142 -21.4142 6.0000
    endloop
  endfacet
  facet normal 0.000000 0.000000 -1.000000
    outer loop
      vertex -0.0000 -20.0000 4.0000
      vertex -1.4142 -21.4142 4.0000
      vertex -2.0000 -20.0000 4.0000
    endloop
  endfacet
  facet normal -0.382683 -0.923880 0.000000
    outer loop
      vertex -1.4142 -21.4142 4.0000
      vertex -0.0000 -22.0000 4.0000
      vertex -0.0000 -22.0000 6.0000
    endloop
  endfacet
  facet normal -0.382683 -0.923880 0.000000
    outer loop
      vertex -1.4142 -21.4142 4.0000
      vertex -0.0000 -22.0000 6.0000
      vertex -1.4142 -21.4142 6.0000
    endloop
  endfacet
  facet normal 0.000000 0.000000 1.000000
    outer loop
      vertex -0.0000 -20.0000 6.0000
      vertex -1.4142 -21.4142 6.0000
      vertex -0.0000 -22.0000 6.0000
    endloop
  endfacet
  facet normal 0.000000 0.000000 -1.000000
    outer loop
      vertex -0.0000 -20.0000 4.0000
      vertex -0.0000 -22.0000 4.0000
      vertex -1.4142 -21.4142 4.0000
    endloop
  endfacet
  facet normal 0.382683 -0.923880 0.000000
    outer loop
      vertex -0.0000 -22.0000 4.0000
      vertex 1.4142 -21.4142 4.0000
      vertex 1.4142 -21.4142 6.0000
    endloop
  endfacet
  facet normal 0.382683 -0.923880 0.000000
    outer loop
      vertex -0.0000 -22.0000 4.0000
      vertex 1.4142 -21.4142 6.0000
      vertex -0.0000 -22.0000 6.0000
    endloop
  endfacet
  facet normal 0.000000 0.000000 1.000000
    outer loop
      vertex -0.0000 -20.0000 6.0000
      vertex -0.0000 -22.0000 6.0000
      vertex 1.4142 -21.4142 6.0000
    endloop
  endfacet
  facet normal 0.000000 0.000000 -1.000000
    outer loop
      vertex -0.0000 -20.0000 4.0000
      vertex 1.4142 -21.4142 4.0000
      vertex -0.0000 -22.0000 4.0000
    endloop
  endfacet
  facet normal 0.923880 -0.382683 0.000000
    outer loop
      vertex 1.4142 -21.4142 4.0000
      vertex 2.0000 -20.0000 4.0000
      vertex 2.0000 -20.0000 6.0000
    endloop
  endfacet
  facet normal 0.923880 -0.382683 0.000000
    outer loop
      vertex 1.4142 -21.4142 4.0000
      vertex 2.0000 -20.0000 6.0000
      vertex 1.4142 -21.4142 6.0000
    endloop
  endfacet
  facet normal 0.000000 0.000000 1.000000
    outer loop
      vertex -0.0000 -20.0000 6.0000
      vertex 1.4142 -21.4142 6.0000
      vertex 2.0000 -20.0000 6.0000
    endloop
  endfacet
  facet normal 0.000000 0.000000 -1.000000
    outer loop
      vertex -0.0000 -20.0000 4.0000
      vertex 2.0000 -20.0000 4.0000
      vertex 1.4142 -21.4142 4.0000
    endloop
  endfacet
  facet normal 0.923880 0.382683 0.000000
    outer loop
      vertex 12.0000 -17.3205 4.0000
      vertex 11.4142 -15.9063 4.0000
      vertex 11.4142 -15.9063 6.0000
    endloop
  endfacet
  facet normal 0.923880 0.382683 0.000000
    outer loop
      vertex 12.0000 -17.3205 4.0000
      vertex 11.4142 -15.9063 6.0000
      vertex 12.0000 -17.3205 6.0000
    endloop
  endfacet
  facet normal 0.000000 0.000000 1.000000
    outer loop
      vertex 10.0000 -17.3205 6.0000
      vertex 12.0000 -17.3205 6.0000
      vertex 11.4142 -15.9063 6.0000
    endloop
  endfacet
  facet normal 0.000000 0.000000 -1.000000
    outer loop
      vertex 10.0000 -17.3205 4.0000
      vertex 11.4142 -15.9063 4.0000
      vertex 12.0000 -17.3205 4.0000
    endloop
  endfacet
  facet normal 0.382683 0.923880 0.000000
    outer loop
      vertex 11.4142 -15.9063 4.0000
      vertex 10.0000 -15.3205 4.0000
      vertex 10.0000 -15.3205 6.0000
    endloop
  endfacet
  facet normal 0.382683 0.923880 0.000000
    outer loop
      vertex 11.4142 -15.9063 4.0000
      vertex 10.0000 -15.3205 6.0000
      vertex 11.4142 -15.9063 6.0000
    endloop
  endfacet
  facet normal 0.000000 0.000000 1.000000
    outer loop
      vertex 10.0000 -17.3205 6.0000
      vertex 11.4142 -15.9063 6.0000
      vertex 10.0000 -15.3205 6.0000
    endloop
  endfacet
  facet normal 0.000000 0.000000 -1.000000
    outer loop
      vertex 10.0000 -17.3205 4.0000
      vertex 10.0000 -15.3205 4.0000
      vertex 11.4142 -15.9063 4.0000
    endloop
  endfacet
  facet normal -0.382683 0.923880 0.000000
    outer loop
      vertex 10.0000 -15.3205 4.0000
      vertex 8.5858 -15.9063 4.0000
      vertex 8.5858 -15.9063 6.0000
    endloop
  endfacet
  facet normal -0.382683 0.923880 0.000000
    outer loop
      vertex 10.0000 -15.3205 4.0000
      vertex 8.5858 -15.9063 6.0000
      vertex 10.0000 -15.3205 6.0000
    endloop
  endfacet
  facet normal 0.000000 0.000000 1.000000
    outer loop
      vertex 10.0000 -17.3205 6.0000
      vertex 10.0000 -15.3205 6.0000
      vertex 8.5858 -15.9063 6.0000
    endloop
  endfacet
  facet normal 0.000000 0.000000 -1.000000
    outer loop
      vertex 10.0000 -17.3205 4.0000
      vertex 8.5858 -15.9063 4.0000
      vertex 10.0000 -15.3205 4.0000
    endloop
  endfacet
  facet normal -0.923880 0.382683 0.000000
    outer loop
      vertex 8.5858 -15.9063 4.0000
      vertex 8.0000 -17.3205 4.0000
      vertex 8.0000 -17.3205 6.0000
    endloop
  endfacet
  facet normal -0.923880 0.382683 0.000000
    outer loop
      vertex 8.5858 -15.9063 4.0000
      vertex 8.0000 -17.3205 6.0000
      vertex 8.5858 -15.9063 6.0000
    endloop
  endfacet
  facet normal 0.000000 0.000000 1.000000
    outer loop
      vertex 10.0000 -17.3205 6.0000
      vertex 8.5858 -15.9063 6.0000
      vertex 8.0000 -17.3205 6.0000
    endloop
  endfacet
  facet normal 0.000000 0.000000 -1.000000
    outer loop
      vertex 10.0000 -17.3205 4.0000
      vertex 8.0000 -17.3205 4.0000
      vertex 8.5858 -15.9063 4.0000
    endloop
  endfacet
  facet normal -0.923880 -0.382683 0.000000
    outer loop
      vertex 8.0000 -17.3205 4.0000
      vertex 8.5858 -18.7347 4.0000
      vertex 8.5858 -18.7347 6.0000
    endloop
  endfacet
  facet normal -0.923880 -0.382683 0.000000
    outer loop
      vertex 8.0000 -17.3205 4.0000
      vertex 8.5858 -18.7347 6.0000
      vertex 8.0000 -17.3205 6.0000
    endloop
  endfacet
  facet normal 0.000000 0.000000 1.000000
    outer loop
      vertex 10.0000 -17.3205 6.0000
      vertex 8.0000 -17.3205 6.0000
      vertex 8.5858 -18.7347 6.0000
    endloop
  endfacet
  facet normal 0.000000 0.000000 -1.000000
    outer loop
      vertex 10.0000 -17.3205 4.0000
      vertex 8.5858 -18.7347 4.0000
      vertex 8.0000 -17.3205 4.0000
    endloop
  endfacet
  facet normal -0.382683 -0.923880 0.000000
    outer loop
      vertex 8.5858 -18.7347 4.0000
      vertex 10.0000 -19.3205 4.0000
      vertex 10.0000 -19.3205 6.0000
    endloop
  endfacet
  facet normal -0.382683 -0.923880 0.000000
    outer loop
      vertex 8.5858 -18.7347 4.0000
      vertex 10.0000 -19.3205 6.0000
      vertex 8.5858 -18.7347 6.0000
    endloop
  endfacet
  facet normal 0.000000 0.000000 1.000000
    outer loop
      vertex 10.0000 -17.3205 6.0000
      vertex 8.5858 -18.7347 6.0000
      vertex 10.0000 -19.3205 6.0000
    endloop
  endfacet
  facet normal 0.000000 0.000000 -1.000000
    outer loop
      vertex 10.0000 -17.3205 4.0000
      vertex 10.0000 -19.3205 4.0000
      vertex 8.5858 -18.7347 4.0000
    endloop
  endfacet
  facet normal 0.382683 -0.923880 0.000000
    outer loop
      vertex 10.0000 -19.3205 4.0000
      vertex 11.4142 -18.7347 4.0000
      vertex 11.4142 -18.7347 6.0000
    endloop
  endfacet
  facet normal 0.382683 -0.923880 0.000000
    outer loop
      vertex 10.0000 -19.3205 4.0000
      vertex 11.4142 -18.7347 6.0000
      vertex 10.0000 -19.3205 6.0000
    endloop
  endfacet
  facet normal 0.000000 0.000000 1.000000
    outer loop
      vertex 10.0000 -17.3205 6.0000
      vertex 10.0000 -19.3205 6.0000
      vertex 11.4142 -18.7347 6.0000
    endloop
  endfacet
  facet normal 0.000000 0.000000 -1.000000
    outer loop
      vertex 10.0000 -17.3205 4.0000
      vertex 11.4142 -18.7347 4.0000
      vertex 10.0000 -19.3205 4.0000
    endloop
  endfacet
  facet normal 0.923880 -0.382683 0.000000
    outer loop
      vertex 11.4142 -18.7347 4.0000
      vertex 12.0000 -17.3205 4.0000
      vertex 12.0000 -17.3205 6.0000
    endloop
  endfacet
  facet normal 0.923880 -0.382683 0.000000
    outer loop
      vertex 11.4142 -18.7347 4.0000
      vertex 12.0000 -17.3205 6.0000
      vertex 11.4142 -18.7347 6.0000
    endloop
  endfacet
  facet normal 0.000000 0.000000 1.000000
    outer loop
      vertex 10.0000 -17.3205 6.0000
      vertex 11.4142 -18.7347 6.0000
      vertex 12.0000 -17.3205 6.0000
    endloop
  endfacet
  facet normal 0.000000 0.000000 -1.000000
    outer loop
      vertex 10.0000 -17.3205 4.0000
      vertex 12.0000 -17.3205 4.0000
      vertex 11.4142 -18.7347 4.0000
    endloop
  endfacet
  facet normal 0.923880 0.382683 0.000000
    outer loop
      vertex 19.3205 -10.0000 4.0000
      vertex 18.7347 -8.5858 4.0000
      vertex 18.7347 -8.5858 6.0000
    endloop
  endfacet
  facet normal 0.923880 0.382683 0.000000
    outer loop
      vertex 19.3205 -10.0000 4.0000
      vertex 18.7347 -8.5858 6.0000
      vertex 19.3205 -10.0000 6.0000
    endloop
  endfacet
  facet normal 0.000000 0.000000 1.000000
    outer loop
      vertex 17.3205 -10.0000 6.0000
      vertex 19.3205 -10.0000 6.0000
      vertex 18.7347 -8.5858 6.0000
    endloop
  endfacet
  facet normal 0.000000 0.000000 -1.000000
    outer loop
      vertex 17.3205 -10.0000 4.0000
      vertex 18.7347 -8.5858 4.0000
      vertex 19.3205 -10.0000 4.0000
    endloop
  endfacet
  facet normal 0.382683 0.923880 0.000000
    outer loop
      vertex 18.7347 -8.5858 4.0000
      vertex 17.3205 -8.0000 4.0000
      vertex 17.3205 -8.0000 6.0000
    endloop
  endfacet
  facet normal 0.382683 0.923880 0.000000
    outer loop
      vertex 18.7347 -8.5858 4.0000
      vertex 17.3205 -8.0000 6.0000
      vertex 18.7347 -8.5858 6.0000
    endloop
  endfacet
  facet normal 0.000000 0.000000 1.000000
    outer loop
      vertex 17.3205 -10.0000 6.0000
      vertex 18.7347 -8.5858 6.0000
      vertex 17.3205 -8.0000 6.0000
    endloop
  endfacet
  facet normal 0.000000 0.000000 -1.000000
    outer loop
      vertex 17.3205 -10.0000 4.0000
      vertex 17.3205 -8.0000 4.0000
      vertex 18.7347 -8.5858 4.0000
    endloop
  endfacet
  facet normal -0.382683 0.923880 0.000000
    outer loop
      vertex 17.3205 -8.0000 4.0000
      vertex 15.9063 -8.5858 4.0000
      vertex 15.9063 -8.5858 6.0000
    endloop
  endfacet
  facet normal -0.382683 0.923880 0.000000
    outer loop
      vertex 17.3205 -8.0000 4.0000
      vertex 15.9063 -8.5858 6.0000
      vertex 17.3205 -8.0000 6.0000
    endloop
  endfacet
  facet normal 0.000000 0.000000 1.000000
    outer loop
      vertex 17.3205 -10.0000 6.0000
      vertex 17.3205 -8.0000 6.0000
      vertex 15.9063 -8.5858 6.0000
    endloop
  endfacet
  facet normal 0.000000 0.000000 -1.000000
    outer loop
      vertex 17.3205 -10.0000 4.0000
      vertex 15.9063 -8.5858 4.0000
      vertex 17.3205 -8.0000 4.0000
    endloop
  endfacet
  facet normal -0.923880 0.382683 0.000000
    outer loop
      vertex 15.9063 -8.5858 4.0000
      vertex 15.3205 -10.0000 4.0000
      vertex 15.3205 -10.0000 6.0000
    endloop
  endfacet
  facet normal -0.923880 0.382683 0.000000
    outer loop
      vertex 15.9063 -8.5858 4.0000
      vertex 15.3205 -10.0000 6.0000
      vertex 15.9063 -8.5858 6.0000
    endloop
  endfacet
  facet normal 0.000000 0.000000 1.000000
    outer loop
      vertex 17.3205 -10.0000 6.0000
      vertex 15.9063 -8.5858 6.0000
      vertex 15.3205 -10.0000 6.0000
    endloop
  endfacet
  facet normal 0.000000 0.000000 -1.000000
    outer loop
      vertex 17.3205 -10.0000 4.0000
      vertex 15.3205 -10.0000 4.0000
      vertex 15.9063 -8.5858 4.0000
    endloop
  endfacet
  facet normal -0.923880 -0.382683 0.000000
    outer loop
      vertex 15.3205 -10.0000 4.0000
      vertex 15.9063 -11.4142 4.0000
      vertex 15.9063 -11.4142 6.0000
    endloop
  endfacet
  facet normal -0.923880 -0.382683 0.000000
    outer loop
      vertex 15.3205 -10.0000 4.0000
      vertex 15.9063 -11.4142 6.0000
      vertex 15.3205 -10.0000 6.0000
    endloop
  endfacet
  facet normal 0.000000 0.000000 1.000000
    outer loop
      vertex 17.3205 -10.0000 6.0000
      vertex 15.3205 -10.0000 6.0000
      vertex 15.9063 -11.4142 6.0000
    endloop
  endfacet
  facet normal 0.000000 0.000000 -1.000000
    outer loop
      vertex 17.3205 -10.0000 4.0000
      vertex 15.9063 -11.4142 4.0000
      vertex 15.3205 -10.0000 4.0000
    endloop
  endfacet
  facet normal -0.382683 -0.923880 0.000000
    outer loop
      vertex 15.9063 -11.4142 4.0000
      vertex 17.3205 -12.0000 4.0000
      vertex 17.3205 -12.0000 6.0000
    endloop
  endfacet
  facet normal -0.382683 -0.923880 0.000000
    outer loop
      vertex 15.9063 -11.4142 4.0000
      vertex 17.3205 -12.0000 6.0000
      vertex 15.9063 -11.4142 6.0000
    endloop
  endfacet
  facet normal 0.000000 0.000000 1.000000
    outer loop
      vertex 17.3205 -10.0000 6.0000
      vertex 15.9063 -11.4142 6.0000
      vertex 17.3205 -12.0000 6.0000
    endloop
  endfacet
  facet normal 0.000000 0.000000 -1.000000
    outer loop
      vertex 17.3205 -10.0000 4.0000
      vertex 17.3205 -12.0000 4.0000
      vertex 15.9063 -11.4142 4.0000
    endloop
  endfacet
  facet normal 0.382683 -0.923880 0.000000
    outer loop
      vertex 17.3205 -12.0000 4.0000
      vertex 18.7347 -11.4142 4.0000
      vertex 18.7347 -11.4142 6.0000
    endloop
  endfacet
  facet normal 0.382683 -0.923880 0.000000
    outer loop
      vertex 17.3205 -12.0000 4.0000
      vertex 18.7347 -11.4142 6.0000
      vertex 17.3205 -12.0000 6.0000
    endloop
  endfacet
  facet normal 0.000000 0.000000 1.000000
    outer loop
      vertex 17.3205 -10.0000 6.0000
      vertex 17.3205 -12.0000 6.0000
      vertex 18.7347 -11.4142 6.0000
    endloop
  endfacet
  facet normal 0.000000 0.000000 -1.000000
    outer loop
      vertex 17.3205 -10.0000 4.0000
      vertex 18.7347 -11.4142 4.0000
      vertex 17.3205 -12.0000 4.0000
    endloop
  endfacet
  facet normal 0.923880 -0.382683 0.000000
    outer loop
      vertex 18.7347 -11.4142 4.0000
      vertex 19.3205 -10.0000 4.0000
      vertex 19.3205 -10.0000 6.0000
    endloop
  endfacet
  facet normal 0.923880 -0.382683 0.000000
    outer loop
      vertex 18.7347 -11.4142 4.0000
      vertex 19.3205 -10.0000 6.0000
      vertex 18.7347 -11.4142 6.0000
    endloop
  endfacet
  facet normal 0.000000 0.000000 1.000000
    outer loop
      vertex 17.3205 -10.0000 6.0000
      vertex 18.7347 -11.4142 6.0000
      vertex 19.3205 -10.0000 6.0000
    endloop
  endfacet
  facet normal 0.000000 0.000000 -1.000000
    outer loop
      vertex 17.3205 -10.0000 4.0000
      vertex 19.3205 -10.0000 4.0000
      vertex 18.7347 -11.4142 4.0000
    endloop
  endfacet
  facet normal 0.000000 0.000000 -1.000000
    outer loop
      vertex 4.0000 0.0000 0.0000
      vertex 8.0000 0.0000 0.0000
      vertex 8.0000 4.0000 0.0000
    endloop
  endfacet
  facet normal 0.000000 0.000000 -1.000000
    outer loop
      vertex 4.0000 0.0000 0.0000
      vertex 8.0000 4.0000 0.0000
      vertex 4.0000 4.0000 0.0000
    endloop
  endfacet
  facet normal 0.000000 0.000000 1.000000
    outer loop
      vertex 4.0000 0.0000 3.0000
      vertex 8.0000 4.0000 3.0000
      vertex 8.0000 0.0000 3.0000
    endloop
  endfacet
  facet normal 0.000000 0.000000 1.000000
    outer loop
      vertex 4.0000 0.0000 3.0000
      vertex 4.0000 4.0000 3.0000
      vertex 8.0000 4.0000 3.0000
    endloop
  endfacet
  facet normal 0.000000 -1.000000 0.000000
    outer loop
      vertex 4.0000 0.0000 0.0000
      vertex 4.0000 0.0000 3.0000
      vertex 8.0000 0.0000 3.0000
    endloop
  endfacet
  facet normal 0.000000 -1.000000 0.000000
    outer loop
      vertex 4.0000 0.0000 0.0000
      vertex 8.0000 0.0000 3.0000
      vertex 8.0000 0.0000 0.0000
    endloop
  endfacet
  facet normal 0.000000 1.000000 0.000000
    outer loop
      vertex 8.0000 4.0000 0.0000
      vertex 8.0000 4.0000 3.0000
      vertex 4.0000 4.0000 3.0000
    endloop
  endfacet
  facet normal 0.000000 1.000000 0.000000
    outer loop
      vertex 8.0000 4.0000 0.0000
      vertex 4.0000 4.0000 3.0000
      vertex 4.0000 4.0000 0.0000
    endloop
  endfacet
  facet normal -1.000000 0.000000 0.000000
    outer loop
      vertex 4.0000 0.0000 0.0000
      vertex 4.0000 4.0000 0.0000
      vertex 4.0000 4.0000 3.0000
    endloop
  endfacet
  facet normal -1.000000 0.000000 0.000000
    outer loop
      vertex 4.0000 0.0000 0.0000
      vertex 4.0000 4.0000 3.0000
      vertex 4.0000 0.0000 3.0000
    endloop
  endfacet
  facet normal 1.000000 0.000000 0.000000
    outer loop
      vertex 8.0000 0.0000 0.0000
      vertex 8.0000 0.0000 3.0000
      vertex 8.0000 4.0000 3.0000
    endloop
  endfacet
  facet normal 1.000000 0.000000 0.000000
    outer loop
      vertex 8.0000 0.0000 0.0000
      vertex 8.0000 4.0000 3.0000
      vertex 8.0000 4.0000 0.0000
    endloop
  endfacet
  facet normal 0.951057 0.309017 0.000000
    outer loop
      vertex 8.0000 2.0000 -2.0000
      vertex 7.6180 3.1756 -2.0000
      vertex 7.6180 3.1756 4.0000
    endloop
  endfacet
  facet normal 0.951057 0.309017 0.000000
    outer loop
      vertex 8.0000 2.0000 -2.0000
      vertex 7.6180 3.1756 4.0000
      vertex 8.0000 2.0000 4.0000
    endloop
  endfacet
  facet normal 0.000000 0.000000 1.000000
    outer loop
      vertex 6.0000 2.0000 4.0000
      vertex 8.0000 2.0000 4.0000
      vertex 7.6180 3.1756 4.0000
    endloop
  endfacet
  facet normal 0.000000 0.000000 -1.000000
    outer loop
      vertex 6.0000 2.0000 -2.0000
      vertex 7.6180 3.1756 -2.0000
      vertex 8.0000 2.0000 -2.0000
    endloop
  endfacet
  facet normal 0.587785 0.809017 0.000000
    outer loop
      vertex 7.6180 3.1756 -2.0000
      vertex 6.6180 3.9021 -2.0000
      vertex 6.6180 3.9021 4.0000
    endloop
  endfacet
  facet normal 0.587785 0.809017 0.000000
    outer loop
      vertex 7.6180 3.1756 -2.0000
      vertex 6.6180 3.9021 4.0000
      vertex 7.6180 3.1756 4.0000
    endloop
  endfacet
  facet normal 0.000000 0.000000 1.000000
    outer loop
      vertex 6.0000 2.0000 4.0000
      vertex 7.6180 3.1756 4.0000
      vertex 6.6180 3.9021 4.0000
    endloop
  endfacet
  facet normal 0.000000 0.000000 -1.000000
    outer loop
      vertex 6.0000 2.0000 -2.0000
      vertex 6.6180 3.9021 -2.0000
      vertex 7.6180 3.1756 -2.0000
    endloop
  endfacet
  facet normal 0.000000 1.000000 0.000000
    outer loop
      vertex 6.6180 3.9021 -2.0000
      vertex 5.3820 3.9021 -2.0000
      vertex 5.3820 3.9021 4.0000
    endloop
  endfacet
  facet normal 0.000000 1.000000 0.000000
    outer loop
      vertex 6.6180 3.9021 -2.0000
      vertex 5.3820 3.9021 4.0000
      vertex 6.6180 3.9021 4.0000
    endloop
  endfacet
  facet normal 0.000000 0.000000 1.000000
    outer loop
      vertex 6.0000 2.0000 4.0000
      vertex 6.6180 3.9021 4.0000
      vertex 5.3820 3.9021 4.0000
    endloop
  endfacet
  facet normal 0.000000 0.000000 -1.000000
    outer loop
      vertex 6.0000 2.0000 -2.0000
      vertex 5.3820 3.9021 -2.0000
      vertex 6.6180 3.9021 -2.0000
    endloop
  endfacet
  facet normal -0.587785 0.809017 0.000000
    outer loop
      vertex 5.3820 3.9021 -2.0000
      vertex 4.3820 3.1756 -2.0000
      vertex 4.3820 3.1756 4.0000
    endloop
  endfacet
  facet normal -0.587785 0.809017 0.000000
    outer loop
      vertex 5.3820 3.9021 -2.0000
      vertex 4.3820 3.1756 4.0000
      vertex 5.3820 3.9021 4.0000
    endloop
  endfacet
  facet normal 0.000000 0.000000 1.000000
    outer loop
      vertex 6.0000 2.0000 4.0000
      vertex 5.3820 3.9021 4.0000
      vertex 4.3820 3.1756 4.0000
    endloop
  endfacet
  facet normal 0.000000 0.000000 -1.000000
    outer loop
      vertex 6.0000 2.0000 -2.0000
      vertex 4.3820 3.1756 -2.0000
      vertex 5.3820 3.9021 -2.0000
    endloop
  endfacet
  facet normal -0.951057 0.309017 0.000000
    outer loop
      vertex 4.3820 3.1756 -2.0000
      vertex 4.0000 2.0000 -2.0000
      vertex 4.0000 2.0000 4.0000
    endloop
  endfacet
  facet normal -0.951057 0.309017 0.000000
    outer loop
      vertex 4.3820 3.1756 -2.0000
      vertex 4.0000 2.0000 4.0000
      vertex 4.3820 3.1756 4.0000
    endloop
  endfacet
  facet normal 0.000000 0.000000 1.000000
    outer loop
      vertex 6.0000 2.0000 4.0000
      vertex 4.3820 3.1756 4.0000
      vertex 4.0000 2.0000 4.0000
    endloop
  endfacet
  facet normal 0.000000 0.000000 -1.000000
    outer loop
      vertex 6.0000 2.0000 -2.0000
      vertex 4.0000 2.0000 -2.0000
      vertex 4.3820 3.1756 -2.0000
    endloop
  endfacet
  facet normal -0.951057 -0.309017 0.000000
    outer loop
      vertex 4.0000 2.0000 -2.0000
      vertex 4.3820 0.8244 -2.0000
      vertex 4.3820 0.8244 4.0000
    endloop
  endfacet
  facet normal -0.951057 -0.309017 0.000000
    outer loop
      vertex 4.0000 2.0000 -2.0000
      vertex 4.3820 0.8244 4.0000
      vertex 4.0000 2.0000 4.0000
    endloop
  endfacet
  facet normal 0.000000 0.000000 1.000000
    outer loop
      vertex 6.0000 2.0000 4.0000
      vertex 4.0000 2.0000 4.0000
      vertex 4.3820 0.8244 4.0000
    endloop
  endfacet
  facet normal 0.000000 0.000000 -1.000000
    outer loop
      vertex 6.0000 2.0000 -2.0000
      vertex 4.3820 0.8244 -2.0000
      vertex 4.0000 2.0000 -2.0000
    endloop
  endfacet
  facet normal -0.587785 -0.809017 0.000000
    outer loop
      vertex 4.3820 0.8244 -2.0000
      vertex 5.3820 0.0979 -2.0000
      vertex 5.3820 0.0979 4.0000
    endloop
  endfacet
  facet normal -0.587785 -0.809017 0.000000
    outer loop
      vertex 4.3820 0.8244 -2.0000
      vertex 5.3820 0.0979 4.0000
      vertex 4.3820 0.8244 4.0000
    endloop
  endfacet
  facet normal 0.000000 0.000000 1.000000
    outer loop
      vertex 6.0000 2.0000 4.0000
      vertex 4.3820 0.8244 4.0000
      vertex 5.3820 0.0979 4.0000
    endloop
  endfacet
  facet normal 0.000000 0.000000 -1.000000
    outer loop
      vertex 6.0000 2.0000 -2.0000
      vertex 5.3820 0.0979 -2.0000
      vertex 4.3820 0.8244 -2.0000
    endloop
  endfacet
  facet normal -0.000000 -1.000000 0.000000
    outer loop
      vertex 5.3820 0.0979 -2.0000
      vertex 6.6180 0.0979 -2.0000
      vertex 6.6180 0.0979 4.0000
    endloop
  endfacet
  facet normal -0.000000 -1.000000 0.000000
    outer loop
      vertex 5.3820 0.0979 -2.0000
      vertex 6.6180 0.0979 4.0000
      vertex 5.3820 0.0979 4.0000
    endloop
  endfacet
  facet normal 0.000000 0.000000 1.000000
    outer loop
      vertex 6.0000 2.0000 4.0000
      vertex 5.3820 0.0979 4.0000
      vertex 6.6180 0.0979 4.0000
    endloop
  endfacet
  facet normal 0.000000 0.000000 -1.000000
    outer loop
      vertex 6.0000 2.0000 -2.0000
      vertex 6.6180 0.0979 -2.0000
      vertex 5.3820 0.0979 -2.0000
    endloop
  endfacet
  facet normal 0.587785 -0.809017 0.000000
    outer loop
      vertex 6.6180 0.0979 -2.0000
      vertex 7.6180 0.8244 -2.0000
      vertex 7.6180 0.8244 4.0000
    endloop
  endfacet
  facet normal 0.587785 -0.809017 0.000000
    outer loop
      vertex 6.6180 0.0979 -2.0000
      vertex 7.6180 0.8244 4.0000
      vertex 6.6180 0.0979 4.0000
    endloop
  endfacet
  facet normal 0.000000 0.000000 1.000000
    outer loop
      vertex 6.0000 2.0000 4.0000
      vertex 6.6180 0.0979 4.0000
      vertex 7.6180 0.8244 4.0000
    endloop
  endfacet
  facet normal 0.000000 0.000000 -1.000000
    outer loop
      vertex 6.0000 2.0000 -2.0000
      vertex 7.6180 0.8244 -2.0000
      vertex 6.6180 0.0979 -2.0000
    endloop
  endfacet
  facet normal 0.951057 -0.309017 0.000000
    outer loop
      vertex 7.6180 0.8244 -2.0000
      vertex 8.0000 2.0000 -2.0000
      vertex 8.0000 2.0000 4.0000
    endloop
  endfacet
  facet normal 0.951057 -0.309017 0.000000
    outer loop
      vertex 7.6180 0.8244 -2.0000
      vertex 8.0000 2.0000 4.0000
      vertex 7.6180 0.8244 4.0000
    endloop
  endfacet
  facet normal 0.000000 0.000000 1.000000
    outer loop
      vertex 6.0000 2.0000 4.0000
      vertex 7.6180 0.8244 4.0000
      vertex 8.0000 2.0000 4.0000
    endloop
  endfacet
  facet normal 0.000000 0.000000 -1.000000
    outer loop
      vertex 6.0000 2.0000 -2.0000
      vertex 8.0000 2.0000 -2.0000
      vertex 7.6180 0.8244 -2.0000
    endloop
  endfacet
endsolid adapter
